survey_id,date,flow,weather,temperature,turbidity,section_name,units_covered,section_number
2,2007-06-27,NA,NA,NA,NA,NA,NA,NA
4,2007-07-17,NA,NA,NA,NA,NA,NA,NA
5,2007-07-18,NA,NA,NA,NA,NA,NA,NA
6,2007-07-19,NA,NA,NA,NA,NA,NA,NA
7,2007-08-13,NA,NA,NA,NA,NA,NA,NA
8,2007-08-14,NA,NA,NA,NA,NA,NA,NA
9,2007-08-15,NA,NA,NA,NA,NA,NA,NA
10,2007-08-16,NA,NA,NA,NA,NA,NA,NA
13,2005-06-21,NA,NA,NA,NA,NA,NA,NA
14,2005-07-12,NA,NA,NA,NA,NA,NA,NA
16,2005-08-09,NA,NA,NA,NA,NA,NA,NA
18,2005-04-21,NA,NA,NA,NA,NA,NA,NA
19,2005-04-19,NA,NA,NA,NA,NA,NA,NA
20,2005-04-14,NA,NA,NA,NA,NA,NA,NA
22,2005-04-12,NA,NA,NA,NA,NA,NA,NA
24,2004-08-19,NA,NA,NA,NA,NA,NA,NA
25,2004-08-18,NA,NA,NA,NA,NA,NA,NA
26,2004-08-17,NA,NA,NA,NA,NA,NA,NA
27,2004-08-16,NA,NA,NA,NA,NA,NA,NA
29,2004-07-22,NA,NA,NA,NA,NA,NA,NA
31,2004-07-15,NA,NA,NA,NA,NA,NA,NA
32,2004-07-13,NA,NA,NA,NA,NA,NA,NA
35,2004-05-25,NA,NA,NA,NA,NA,NA,NA
36,2004-05-19,NA,NA,NA,NA,NA,NA,NA
37,2004-05-03,NA,NA,NA,NA,NA,NA,NA
38,2004-04-29,NA,NA,NA,NA,NA,NA,NA
40,2004-04-26,NA,NA,NA,NA,NA,NA,NA
45,2010-08-10,620,sunny,62.8,0,NA,NA,NA
46,2010-08-11,620,sunny,64.8,0,NA,NA,NA
48,2010-08-17,620,sunny,65.2,0,NA,NA,NA
49,2010-08-19,620,sunny,60,0,NA,NA,NA
52,2010-09-15,620,sunny,58,0,NA,NA,NA
53,2010-09-16,620,clear,58,0,NA,NA,NA
55,2011-04-19,620,cloudy,0,0,NA,NA,NA
56,2011-04-20,620,cloudy,0,0.78,NA,NA,NA
11,2005-05-25,NA,NA,NA,NA,NA,NA,NA
21,2005-04-13,NA,NA,NA,NA,NA,NA,NA
30,2004-07-20,NA,NA,NA,NA,NA,NA,NA
58,2011-04-25,620,cloudy,11,0.92,NA,NA,NA
59,2011-05-02,620,sunny,12,2.85,NA,NA,NA
61,2011-05-04,620,clear,13,0.42,NA,NA,NA
62,2011-05-09,620,clear,12,0,NA,NA,NA
63,2011-05-10,620,clear,12,0.03,NA,NA,NA
65,2011-06-28,620,precipitation,58,0.48,NA,NA,NA
66,2011-06-29,620,cloudy,59,0.04,NA,NA,NA
68,2011-07-18,600,clear,15,0.49,NA,NA,NA
69,2011-07-19,620,clear,14.5,0.65,NA,NA,NA
70,2011-07-20,600,clear,16,0,NA,NA,NA
72,2011-08-15,620,clear,61,1.05,NA,NA,NA
73,2011-08-16,620,sunny,18,0.55,NA,NA,NA
74,2011-08-17,620,sunny,18,0.97,NA,NA,NA
77,2011-08-23,1350,sunny,21,4.18,NA,NA,NA
78,2012-05-02,620,sunny,13,1.1,NA,NA,NA
80,2012-05-03,600,cloudy,53.6,0.67,NA,NA,NA
81,2012-05-07,620,sunny,60,1.16,NA,NA,NA
82,2012-05-08,600,cloudy,60.8,1.1,NA,NA,NA
83,2012-05-10,620,windy,56.3,0,NA,NA,NA
84,2012-05-14,2000,clear,62.6,2.55,NA,NA,NA
86,2012-06-13,620,sunny,55.4,0,NA,NA,NA
87,2012-06-19,5000,sunny,57.2,1.6,NA,NA,NA
88,2012-06-21,5000,clear,59.9,2.18,NA,NA,NA
89,2012-07-03,7000,sunny,19,3.19,NA,NA,NA
91,2012-07-11,1000,sunny,15,0.93,NA,NA,NA
92,2012-07-11,1000,sunny,15,0.93,NA,NA,NA
93,2012-07-12,1000,sunny,14.5,1.26,NA,NA,NA
313,2018-02-14,1000,clear,48.2,0,Eye Riffle,215A 215B 216 217 210,11
316,2018-02-15,1750,clear and windy,49.1,0,G95,323A 323B,14
317,2018-03-19,800,clear,47.6,0.8,Hatchery Riffle,19 23 24 25,1
320,2018-03-20,1050,precipitation,50.9,0,McFarland,450,18
322,2018-03-28,800,clear,48.2,0.3,Bedrock Riffle,55 56,NA
323,2018-03-28,800,clear,66.2,0,Aleck Riffle,119,8
324,2018-03-29,NA,clear,56.3,0.75,Vance Riffle,268,13
327,2018-04-10,3250,cloudy,50,0,Hatchery Riffle,28,1
328,2018-04-12,2500,clear,48.2,1,Gateway Riffle,225 228 221 229,12
329,2018-04-12,5000,clear,51.8,1,Vance Riffle,268,13
330,2018-04-16,5000,NA,50,0,Junkyard Riffle,499 502,20
333,2018-04-17,1300,clear,49.46,0,Steep Riffle,189 185,10
334,2018-04-17,1300,clear,50.9,0,Eye Riffle,215A 215B 217 216 210,11
332,2018-04-16,5000,cloudy,0,0,Big Riffle,426 424,17
335,2018-04-17,0,clear,53.6,0,G95,323A 323B,14
336,2018-04-18,0,cloudy,0,0,Trailer Park Riffle,96 97 98,6
337,2018-04-18,0,cloudy,0,0,Robinson Riffle,169-175,9
338,2018-04-18,0,cloudy,0,0,Matthews Riffle,103 104 105,7
339,2018-05-07,0,clear,64.4,1.5,Junkyard Riffle,499 502,20
340,2018-05-07,0,clear,66.2,2,Gridley Riffle,486 487,19
341,2018-05-07,0,clear,61.1,2,McFarland,450,18
342,2018-05-07,0,clear,62.6,2,Big Riffle,426 424,17
343,2018-05-08,750,clear,54.9,0,Robinson Riffle,173 174 175 170 169 171,9
344,2018-05-08,750,clear,55.4,0,Aleck Riffle,120 119,8
345,2018-05-08,750,clear,55.4,0,Matthews Riffle,103 104 105,7
346,2018-05-08,750,clear,55.4,0,Trailer Park Riffle,96 97 98,6
347,2018-05-09,1050,clear,59,2,Kiester Riffle,402 403 397,15
348,2018-05-09,1050,clear,60.8,2,Goose Riffle,408,16
349,2018-05-09,1050,clear,60.8,2,G95,323A 323B,14
350,2018-05-10,0,clear,54.5,NA,Steep Riffle,185 189,10
352,2018-05-10,800,cloudy,0,0,Gateway Riffle,221 225 226 228 229,12
354,2018-05-14,800,clear,0,0,Hatchery Riffle,33 26 28,1
355,2018-05-15,800,clear,53.6,1,Auditorium Riffle,29 30 31 32,4
356,2018-05-15,800,clear,55.4,1,Bedrock Riffle,55 56,NA
357,2018-05-16,1050,NA,59,2,Vance Riffle,266 268,13
358,2018-06-12,0,clear,68,0,Junkyard Riffle,502 499,20
331,2018-04-16,5000,cloudy,68,0,Gridley Riffle,486 487,19
359,2018-06-12,0,clear,71.6,0,Gridley Riffle,486 487,19
360,2018-06-12,0,clear,69.8,0,McFarland,450,18
361,2018-06-12,0,clear,68.9,0,Big Riffle,424 426,17
362,2018-06-12,1650,clear,70.7,0,Goose Riffle,408,16
363,2018-06-13,1650,clear,68.9,1,Kiester Riffle,397 402 403,15
364,2018-06-13,1650,clear,68,0,G95,323A 323B,14
365,2018-06-13,1650,clear,68,0,Vance Riffle,266 268,13
369,2018-06-14,1400,clear,60.8,1,Matthews Riffle,103 104 105,7
371,2018-06-18,1450,clear,60.8,0,Hatchery Riffle,19 23 24 25,1
372,2018-06-18,1450,clear,60.8,0,Auditorium Riffle,30 31 32 29,4
373,2018-06-18,1450,clear,61.7,0,Hatchery Ditch,26 33,2
374,2018-06-18,1450,clear,61.5,0,Hatchery Ditch,28,2
375,2018-06-18,1400,clear,61.5,2,Bedrock Riffle,55 56,NA
376,2018-06-19,1450,clear,62.6,0,Steep Riffle,185 189,10
377,2018-06-19,1450,clear,64.4,1.5,Eye Riffle,"215 A,B 216 210 217",11
378,2018-07-17,4500,clear,68,0,Junkyard Riffle,499,20
379,2018-07-17,4500,clear,68,0,Gridley Riffle,486 487,19
380,2018-07-17,4500,clear,68,0,McFarland,450,18
381,2018-07-17,4500,NA,68.9,1.2,Big Riffle,424 426,17
382,2018-07-18,4500,NA,68,1.2,Kiester Riffle,403 397 402,15
383,2018-07-18,4500,NA,68,1.2,Goose Riffle,408,16
302,2018-02-12,1000,clear,47.48,1.5,Hatchery Riffle,19 23 24 25,1
303,2018-02-12,1000,clear,47.3,1.5,Bedrock Riffle,55 56,NA
304,2018-02-13,1000,clear,47.48,0,Trailer Park Riffle,96 97 98,6
305,2018-02-13,1000,clear,48.2,0,Matthews Riffle,103 104 105,7
311,2018-02-13,1000,clear,48.56,0,Aleck Riffle,119 120,8
15,2005-07-13,NA,NA,NA,NA,NA,NA,NA
33,2004-05-27,NA,NA,NA,NA,NA,NA,NA
51,2010-09-14,620,clear,64,0,NA,NA,NA
64,2011-05-11,620,cloudy,13,0,NA,NA,NA
75,2011-08-18,820,sunny,17,2.52,NA,NA,NA
97,2012-08-09,1120,clear,14.5,0.88,NA,NA,NA
105,2013-08-12,5500,sunny,0,0,NA,NA,NA
159,2015-08-24,1500,clear,66.2,0,Gridley Riffle,"486,487",19
195,2016-04-26,1050,sunny,55.4,0,Big Riffle,424 426,17
213,2016-05-19,4500,clear,60.8,0,Goose Riffle,408,16
236,2016-07-26,4000,clear,59,0,Hatchery Ditch,33 26 28,2
245,2016-08-22,1600,clear,59.9,0,Auditorium Riffle,29 30 31 32,4
266,2017-07-18,0,clear,64.4,0,G95,323A 323B,14
288,2017-08-08,0,clear,60.8,0,Aleck Riffle,119 120,8
384,2018-07-18,4500,NA,68.9,1.4,G95,323A 323B,14
386,2018-07-19,1400,clear,62.6,0,Gateway Riffle,"221,225,226,228,229",12
387,2018-07-19,1400,clear,62.6,0,Eye Riffle,"210, 217, 216, 215A, 215B,",11
388,2018-07-19,1400,NA,0,3,Steep Riffle,"185, 189",10
94,2012-07-16,1000,sunny,0,1.4,NA,NA,NA
95,2012-07-17,1000,cloudy,16,1.53,NA,NA,NA
96,2012-08-07,1120,sunny,16.2,2.15,NA,NA,NA
98,2012-08-13,1120,sunny,16,1.75,NA,NA,NA
100,2012-08-15,5500,clear,18,1.87,NA,NA,NA
101,2013-07-16,2500,sunny,60,0,NA,NA,NA
102,2013-07-16,2500,sunny,60,0,NA,NA,NA
104,2013-07-23,5500,NA,64,0,NA,NA,NA
106,NA,0,NA,62,0,NA,NA,NA
107,2013-08-13,2500,NA,0,0,NA,NA,NA
109,2015-07-27,1898,clear,60.3,0,Hatchery Ditch,"33, 26",2
149,2015-08-19,1100,clear,61.2,0,Steep Riffle,"185,189",10
151,2015-08-19,1100,clear,62.6,0,Gateway Riffle,"221,225,226,228,229",12
153,2015-08-20,1500,NA,65.3,0,G95,"323A,323B",14
154,2015-08-20,1500,NA,66.2,0,Kiester Riffle,"397,402,403",15
155,2015-08-20,1500,NA,67.1,0,Goose Riffle,408,16
156,2015-08-24,1500,clear,64.4,0,Big Riffle,"424,426",17
157,2015-08-24,1500,clear,65.3,0,McFarland,"441,445",18
161,2015-09-08,830,clear,58.1,0,Hatchery Riffle,"19,23,24,25",1
162,2015-09-08,835,clear,56.3,0,Auditorium Riffle,"29,30,31,32",4
163,2015-09-08,830,clear,56.3,0,Hatchery Ditch,"26,33,28",2
164,2015-09-09,800,clear,56.3,0,Bedrock Riffle,"55,56",NA
165,2015-09-09,800,clear,57.2,0,Trailer Park Riffle,"96,97,98",6
166,2015-09-09,800,clear,58.1,0,Aleck Riffle,"119,120",8
167,2015-09-09,800,clear,57.6,0,Matthews Riffle,"103,104,105",7
168,2015-09-10,800,clear,56.3,0,Robinson Riffle,NA,9
170,2015-09-10,800,clear,59.9,0,Eye Riffle,"215A, 215B, 216, 217, 210",11
171,2015-09-14,800,cloudy,54.5,0,Gateway Riffle,"226, 228, 229, 221, 225",12
172,2015-09-14,1200,precipitation,59,0,Vance Riffle,"266, 268",13
173,2015-09-14,1200,cloudy,59.9,0,G95,"323A, 323B",14
174,2015-09-14,1200,NA,60.4,0,Kiester Riffle,"397, 402, 403",15
176,2015-09-15,1200,cloudy,59.9,0,Big Riffle,"424, 426",17
71,2011-07-28,1950,clear,20,0,NA,NA,NA
178,2015-09-15,1200,cloudy,59.9,0,McFarland,450,18
179,2015-09-15,1200,NA,61,0,Junkyard Riffle,"502, 499",20
180,2016-04-18,0,clear,53.6,0,Hatchery Riffle,19 23 24 25,1
181,2016-04-18,0,clear,53.6,0,Auditorium Riffle,29 30 31 32,4
182,2016-04-18,0,clear,53.6,0,Hatchery Ditch,33 26 28,2
184,2016-04-19,0,clear,53.6,0,Trailer Park Riffle,96 97 98,6
185,2016-04-19,0,clear,56.7,0,Matthews Riffle,103 104 105,7
186,2016-04-19,0,clear,55.4,0,Aleck Riffle,119 120,8
187,2016-04-19,0,clear,57.2,0,Robinson Riffle,171 170 169 174 175 173,9
188,2016-04-20,800,sunny,55.4,0,Steep Riffle,189 185,10
189,2016-04-20,800,sunny,55.4,0,Eye Riffle,210 215A 215B 216 217,11
190,2016-04-20,800,clear,56.3,0,Gateway Riffle,221 225 226 228 229,12
192,2016-04-21,0,clear,60.8,0,G95,323A 323B,14
193,2016-04-21,1070,clear,59.9,0,Kiester Riffle,402 397 403,15
194,2016-04-21,1070,clear,61.7,0,Goose Riffle,408,16
196,2016-04-26,0,clear,55.4,0,McFarland,441 445,18
198,2016-04-26,1050,cloudy,56.3,0,Junkyard Riffle,499 502,20
199,2016-05-16,1700,clear,50.9,0,Hatchery Riffle,23 24 25,1
200,2016-05-16,1700,clear,50.9,0,Auditorium Riffle,29 30 31 32,4
201,2016-05-16,1700,clear,51.3,0,Hatchery Ditch,26 28 33,2
76,2011-08-22,1350,NA,20,2.93,NA,NA,NA
203,2016-05-17,1700,clear,50.9,0,Trailer Park Riffle,96 97 98,6
204,2016-05-17,1700,clear,51.8,0,Matthews Riffle,103 104 105,7
205,2016-05-17,1700,clear,52.7,0,Aleck Riffle,119 120,8
206,2016-05-17,1700,clear,54.5,0,Robinson Riffle,169 170 171 173 174 175,9
207,2016-05-18,1700,clear,51.8,0,Steep Riffle,189,10
209,2016-05-18,1700,clear,53.6,0,Gateway Riffle,221 226 228 229,12
210,2016-05-18,4500,clear,62.6,0,Vance Riffle,266 268,13
212,2016-05-19,4500,clear,60.8,0,Kiester Riffle,397 402 403,15
214,2016-05-19,4500,clear,60.8,0,Big Riffle,424 426,17
215,2016-05-19,4500,clear,61.7,0,McFarland,441 445,18
216,2016-05-26,3200,clear,59.9,0,McFarland,450,18
217,2016-05-26,3250,clear,59.9,0,Gridley Riffle,486 487,19
218,2016-05-26,3250,clear,58.5,0,Junkyard Riffle,499 502,20
220,2016-06-22,5500,clear,58.8,0,G95,323A/B,14
221,2016-06-22,5500,clear,59,0,Kiester Riffle,397 403 402,15
222,2016-06-22,5500,clear,59.9,0,Goose Riffle,408,16
223,2016-06-22,5500,clear,59.9,0,Big Riffle,424 426,17
224,2016-06-22,5500,clear,60.8,0,McFarland,441 445,18
226,2016-06-23,5500,clear,59.9,0,Gridley Riffle,486 487,19
227,2016-06-23,5500,clear,60.8,0,Junkyard Riffle,499 502,20
228,2016-07-18,0,clear,63.5,0,Gridley Riffle,HGSC,19
229,2016-07-18,0,clear,63.9,0,Herringer Pond Rl,HPRL,NA
235,2016-07-26,4000,clear,59,0,Auditorium Riffle,29 31,4
237,2016-07-26,4000,clear,59.9,0,Bedrock Riffle,55 56,NA
238,2016-07-26,4000,clear,59.9,0,Trailer Park Riffle,97 98,6
239,2016-07-27,4000,clear,62.6,0,Robinson Riffle,170 174,9
240,2016-07-27,4000,clear,62.6,0,Gateway Riffle,226,12
246,2016-08-22,0,clear,14.8,0,Hatchery Ditch,33 26,2
247,2016-08-22,0,clear,59,0,Hatchery Ditch,28,2
248,2016-08-22,1600,clear,59.9,0,Bedrock Riffle,55 56,NA
249,2016-08-23,1600,clear,59,0,Trailer Park Riffle,96 97 98,6
251,2016-08-23,0,clear,62.6,0,Aleck Riffle,119 120,8
252,2016-08-24,0,clear,59,0,Robinson Riffle,169 170 171 173 174 175,9
253,2016-08-24,0,NA,60.8,0,Steep Riffle,185 189,10
254,2016-08-24,0,clear,62.6,0,Eye Riffle,210 217 216 215A 215B,11
255,2016-08-25,1600,clear,59.9,0,Gateway Riffle,226 228 229 221,12
79,2012-05-02,620,clear,13,1.1,NA,NA,NA
318,2018-03-19,800,clear,46.4,0,Hatchery Riffle,33 26,1
389,2018-07-23,1400,clear,59,0,Robinson Riffle,"169, 170, 171, 173, 174, 175",9
390,2018-07-23,1400,clear,59.9,3,Aleck Riffle,119 120,8
391,2018-07-23,1400,clear,61.7,3,Matthews Riffle,"103,104, 105",7
392,2018-07-23,1400,clear,61.7,2.5,Trailer Park Riffle,"96, 97, 98",6
393,2018-07-24,1400,clear,60.35,0,Hatchery Riffle,19 23 24 25,1
394,2018-07-24,1400,clear,0,0,Auditorium Riffle,29 30 31 32,4
395,2018-07-24,1400,clear,62.6,0,Hatchery Ditch,33 26 28,2
396,2018-07-24,1400,clear,60.8,3,Bedrock Riffle,55 56,NA
397,2018-08-14,6000,clear,66.2,0,Junkyard Riffle,499,20
398,2018-08-14,6020,clear,65.3,0,Gridley Riffle,486 487,19
399,2018-08-14,6020,clear,65.3,0,McFarland,450,18
400,2018-08-14,6000,clear,65.3,0,Big Riffle,424 426,17
401,2018-08-15,1200,clear,59.9,0,Steep Riffle,185 189,10
402,2018-08-15,1200,clear,60.8,0,Eye Riffle,215A 215B 216 217 210,11
403,2018-08-15,1200,clear,62.6,0,Gateway Riffle,228 221 225 226 228,12
404,2018-08-20,1200,clear,57.2,1.5,Robinson Riffle,169 170 171 173 175 175,9
405,2018-08-20,1200,clear,59,0,Aleck Riffle,119 120,8
406,2018-08-20,1200,clear,59,0,Matthews Riffle,103 104 105,7
407,2018-08-20,1200,clear,0,0,Trailer Park Riffle,96 97 98,6
408,2018-08-20,1200,clear,59.9,0,Bedrock Riffle,55 56,NA
409,2018-08-21,6000,NA,62.6,0,Vance Riffle,260,13
410,2018-08-21,6020,clear,64.4,0,G95,323A 323B,14
411,2018-08-21,6000,clear,64.4,1.5,Kiester Riffle,402,15
412,2018-08-21,6000,clear,64.4,1.5,Goose Riffle,408,16
256,2016-08-25,0,clear,62.6,0,Hatchery Riffle,All,1
257,2016-08-25,1300,clear,63.5,0,Bedrock Riffle,55 56,NA
258,2016-08-29,6600,NA,65.3,0,Gridley Riffle,HGSC,19
259,2016-08-29,0,NA,65.3,0,Big Riffle,BRB,17
260,2016-09-01,6300,clear,63.5,0,Goose Riffle,408,16
262,2017-07-17,0,clear,62.6,0,Steep Riffle,"185, 189",10
263,2017-07-17,0,clear,64.4,0,Eye Riffle,"215A, 215B, 216, 217",11
264,2017-07-17,0,clear,64.4,0,Gateway Riffle,"221, 225, 226, 228, 229",12
265,2017-07-17,0,clear,68,0,Vance Riffle,266 268,13
267,2017-07-18,0,clear,68,0,Kiester Riffle,402 403 397,15
269,2017-07-18,0,clear,68,0,Big Riffle,424 426,17
270,2017-07-20,0,clear,62.6,0,Hatchery Riffle,19 23 24 25,1
271,2017-07-20,0,clear,62.6,0,Auditorium Riffle,29-32,4
272,2017-07-20,0,clear,60.8,0,Hatchery Ditch,33 26 28,2
273,2017-07-24,0,clear,59,0,Bedrock Riffle,55 56,NA
275,2017-07-24,0,clear,60.8,0,Matthews Riffle,105 104 103,7
276,2017-07-24,0,clear,61.7,0,Aleck Riffle,119 120,8
277,2017-07-24,0,clear,64.4,0,Robinson Riffle,169 170 173 174 175,9
278,2017-07-25,0,clear,67.1,0,McFarland,441 445,18
279,2017-07-25,0,clear,68,0,McFarland,450,18
281,2017-07-25,0,clear,69.8,0,Junkyard Riffle,499 502,20
282,2017-08-07,0,clear,59.9,0,Hatchery Riffle,19 23-25,1
283,2017-08-07,0,clear,59.9,0,Auditorium Riffle,29-32,4
250,2016-08-23,0,clear,62.6,0,Matthews Riffle,103-105,7
284,2017-08-07,0,clear,67.1,1.5,Hatchery Ditch,33 28,2
285,2017-08-07,0,clear,60.8,0,Bedrock Riffle,55 56,NA
286,2017-08-08,0,clear,58.1,0,Trailer Park Riffle,96 97 98,6
289,2017-08-08,0,clear,60.8,1.3,Robinson Riffle,173 174 175 171 170169,9
290,2017-08-09,0,clear,59,0,Steep Riffle,185 189,10
291,2017-08-09,0,clear,60.8,0,Eye Riffle,215A 215B 216 217 210,11
292,2017-08-09,0,clear,61.7,0,Gateway Riffle,221 225 226 228 229,12
293,2017-08-09,0,clear,66.2,0,Vance Riffle,268,13
294,2017-08-10,0,clear,63.5,0.9,G95,323B,14
295,2017-08-10,0,clear,66.2,1.1,Kiester Riffle,403,15
297,2017-08-10,0,clear,66.2,0,Big Riffle,424,17
298,2017-08-14,0,clear,65.3,1.3,Gridley Riffle,486 487,19
299,2017-08-14,0,clear,65.3,0,Junkyard Riffle,499 502,20
300,2018-02-12,1000,clear,47.6,2,Hatchery Ditch,33 26,2
301,2018-02-12,1000,clear,46.4,1.5,Hatchery Ditch,28,2
1,2007-06-27,NA,NA,NA,NA,NA,NA,NA
3,2007-07-16,NA,clear,NA,NA,NA,"26,33,30,31,31a,32,32a",NA
12,2005-05-26,NA,NA,NA,NA,NA,NA,NA
17,2005-05-23,NA,NA,NA,NA,NA,NA,NA
23,2004-08-24,NA,NA,NA,NA,NA,NA,NA
28,2004-08-12,NA,NA,NA,NA,NA,NA,NA
34,2004-05-26,NA,NA,NA,NA,NA,NA,NA
39,2004-04-28,NA,NA,NA,NA,NA,NA,NA
202,2016-05-16,1700,clear,53.6,0,Bedrock Riffle,55 56,NA
121,2015-07-30,0,clear,61.3,0,Gateway Riffle,"221,225,226,228,229",12
41,2004-04-21,NA,NA,NA,NA,NA,NA,NA
47,2010-08-16,620,clear,61,0,NA,NA,NA
50,2010-09-13,620,sunny,56,0,NA,NA,NA
54,2011-04-19,620,cloudy,0,0,NA,NA,NA
57,2011-04-26,620,sunny,10.5,1.68,NA,NA,NA
60,2011-05-03,620,sunny,12.5,2.56,NA,NA,NA
67,2011-06-30,620,sunny,15,0.33,NA,NA,NA
85,2012-06-07,0,clear,59,2.5,NA,NA,NA
90,2012-07-11,1000,sunny,15,0.93,NA,NA,NA
99,2012-08-14,5500,NA,18,1.08,NA,NA,NA
103,2013-07-16,2500,sunny,60,0,NA,NA,NA
152,2015-08-20,1500,NA,63.5,0,Vance Riffle,"266,268",13
160,2015-08-24,1500,clear,68,0,Junkyard Riffle,"499,502",20
169,2015-09-10,800,clear,58.8,0,Steep Riffle,"189,185",10
175,2015-09-14,1200,cloudy,60.8,0,Goose Riffle,408,16
177,2015-09-15,1200,cloudy,60.4,0,McFarland,"441, 445",18
183,2016-04-18,0,clear,57.2,0,Bedrock Riffle,55 56,NA
191,2016-04-20,0,clear,59,0,Vance Riffle,266 268,13
197,2016-04-26,0,clear,55.4,0,McFarland,450,18
211,2016-05-18,4500,clear,62.6,0,G95,323A/B,14
219,2016-06-22,5500,clear,57.2,0,Vance Riffle,266 268,13
225,2016-06-23,5500,clear,59,0,McFarland,450,18
234,2016-07-26,4000,clear,59,0,Hatchery Riffle,23 24,1
244,2016-08-22,1600,clear,59.9,0,Hatchery Riffle,23 24 25,1
122,2015-07-30,0,clear,65.3,0,G95,323A/B,14
261,2016-09-01,6300,clear,64,0,G95,323A 323B,14
268,2017-07-18,0,clear,66.2,0,Goose Riffle,408,16
274,2017-07-24,0,clear,59.9,0,Trailer Park Riffle,96 97 98,6
280,2017-07-25,0,clear,68.9,0,Gridley Riffle,487 486,19
287,2017-08-08,0,clear,59,0,Matthews Riffle,103 104 105,7
296,2017-08-10,0,clear,62.6,0,Goose Riffle,408,16
413,2018-08-22,0,clear,59,2.2,Hatchery Riffle,19 23-25,1
415,2018-08-22,1200,clear,59.9,0,Hatchery Ditch,26 33 28,2
416,2018-09-11,800,clear,56.3,1.8,Robinson Riffle,169-171 173-175,9
418,2018-09-11,800,clear,58.1,0,Trailer Park Riffle,96 97 98,6
420,2018-09-12,6000,NA,60.8,0,Junkyard Riffle,499,20
421,2018-09-12,6000,NA,60.8,NA,Gridley Riffle,486 487,19
426,2018-09-17,800,clear,54.5,0,Gateway Riffle,221 225 226 228 229,12
427,2018-09-17,800,clear,54.5,0,Steep Riffle,189 185,10
428,2018-09-17,800,clear,55.4,0,Eye Riffle,215A 215B 216 210,11
429,2018-09-17,6000,clear,60.8,0,Vance Riffle,268,13
430,2018-09-18,800,clear,52.7,0,Hatchery Riffle,19 23 24 25,1
123,2015-07-30,0,clear,67.1,0,Kiester Riffle,"397,402,403",15
431,2018-09-18,800,clear,51.8,0,Auditorium Riffle,29 30 31 32,4
432,2018-09-18,800,clear,NA,0,Hatchery Ditch,33 26 28,2
433,2019-03-20,1800,cloudy,0,2,Aleck Riffle,119,8
434,2019-03-20,0,precipitation,0,0,Hatchery Ditch,26 33,2
435,2019-03-21,8000,clear,0,1,Junkyard Riffle,499,20
436,2019-05-13,3500,clear,51.3,0,Hatchery Ditch,26 33,2
437,2019-05-13,3500,clear,53.6,0,Hatchery Ditch,28,2
440,2019-05-13,3500,clear,53.6,0,Bedrock Riffle,"55, 56",NA
442,2019-05-14,3500,NA,52.7,0,Matthews Riffle,"103, 104, 105",7
443,2019-05-14,3500,cloudy,53.6,0,Aleck Riffle,"119, 120",8
444,2019-05-14,3500,NA,53.6,0,Robinson Riffle,"169,170,171,173,174,175",9
445,2019-05-15,3500,precipitation,51.8,0,Gateway Riffle,"221, 225, 225, 228, 229",12
446,2019-05-15,3500,precipitation,51.8,0,Steep Riffle,"189, 185",10
447,2019-05-15,3500,precipitation,51.8,0,Eye Riffle,"210, 217, 215A, 216",11
448,2019-05-16,0,precipitation,55.4,0,Vance Riffle,268,13
449,2019-05-16,7500,cloudy,53.6,0,G95,323B,14
450,2019-05-16,7500,cloudy,55.4,0,Big Riffle,424,17
124,2015-07-30,0,clear,67.6,0,Goose Riffle,408,16
454,2019-07-08,1400,clear,60.8,0,Bedrock Riffle,"55,56",NA
455,2019-07-09,1220,clear,62.6,2,Steep Riffle,"189,185",10
456,2019-07-10,1200,clear,60.8,0,Robinson Riffle,"169,170,171,173,174,175",9
458,2019-07-10,1200,clear,62.6,0,Matthews Riffle,"103,104,105",7
459,2019-07-10,1200,clear,60.8,0,Trailer Park Riffle,"96,97,98",6
460,2019-07-15,5300,clear,64.4,0,Vance Riffle,"266,268",13
461,2019-07-15,5300,clear,NA,0,G95,"323A, 323B",14
463,2019-07-16,1800,clear,59.9,0,Eye Riffle,"210,217,216,215A,215B",11
464,2019-07-16,1800,clear,60.8,0,Gateway Riffle,"225,2228,229,221",12
465,2019-07-16,5300,clear,68,0,Junkyard Riffle,"499,502",20
467,2019-07-17,5800,clear,66.56,0,McFarland,441,18
468,2019-07-17,5300,clear,66.2,0,Big Riffle,"426,424",17
469,2019-07-18,5300,NA,66.2,0,Goose Riffle,408,16
471,2019-08-06,4850,clear,60.8,3,Hatchery Ditch,33,2
473,2019-08-07,4620,clear,60.8,0,Auditorium Riffle,"30,31,29",4
474,2019-08-07,4620,clear,60.8,0,Hatchery Riffle,"23,24",1
475,2019-08-07,0,clear,61.7,3,Hatchery Ditch,"33,26,28",2
476,2019-08-08,0,clear,60.8,4,Trailer Park Riffle,"98,97",6
477,2019-08-08,4100,clear,60.8,4,Matthews Riffle,"103,104,105",7
478,2019-08-08,4100,clear,61.7,4,Robinson Riffle,"171,173,174,175",9
145,2015-08-18,1100,clear,59.9,0,Trailer Park Riffle,96-98,6
480,2019-08-09,0,clear,58.1,0,Steep Riffle,"185,189",10
482,2019-08-12,7600,clear,62.6,0,Vance Riffle,268,13
485,2019-08-12,7600,clear,64.4,3,Gridley Riffle,"486,487",19
486,2019-08-13,7500,clear,62.6,0,Junkyard Riffle,"499,502",20
487,2019-08-13,7500,clear,66.2,0,Big Riffle,"424,426",17
489,2020-02-24,800,clear,10,0,Auditorium Riffle,29-31,4
490,2020-02-24,0,clear,10.5,0,Hatchery Ditch,"33,26,28",2
491,2020-02-25,800,clear,10,0,Bedrock Riffle,55 56,NA
492,2020-02-25,830,clear,10,0,Trailer Park Riffle,96 97 98,6
493,2020-02-25,830,clear,10.5,0,Aleck Riffle,119 120,8
494,2020-02-25,0,clear,11,0,Robinson Riffle,169-175,9
495,2020-02-26,830,clear,11,0,Eye Riffle,210 215A/B 216,11
496,2020-02-26,830,clear,11,0,Steep Riffle,189 185,10
497,2020-02-26,830,clear,10,0,Matthews Riffle,103 104 105,7
498,2020-02-27,830,clear,10.75,0,Gateway Riffle,221 225 226 228 229,12
499,2020-02-27,0,clear,12,0,G95,323A/B,14
500,2020-02-27,2280,clear,0,0,Kiester Riffle,403 397 402,15
501,2020-02-27,2200,clear,13,0,Goose Riffle,408,16
502,2020-02-27,2200,clear,12.5,0,Vance Riffle,266 268,13
503,2020-02-28,2200,clear,12.5,0,Junkyard Riffle,502 499,20
504,2020-02-28,2200,clear,12,0,Gridley Riffle,487 486,19
125,2015-08-03,0,clear,66.2,0,Big Riffle,"424,426",17
505,2020-02-28,2200,clear,12.5,0,McFarland,450,18
506,2020-02-28,2200,clear,12.5,0,Big Riffle,424 426,17
508,2020-06-19,1100,clear,15.5,NA,Bedrock Riffle,55 56,NA
509,2020-06-19,1100,clear,15.3,0,Hatchery Riffle,19 23 24 25,1
510,2020-06-19,1100,clear,15.3,0,Auditorium Riffle,30 31 32 29,4
511,2020-06-23,1240,clear,15.3,0,Trailer Park Riffle,96 97 98,6
512,2020-06-23,1240,clear,15.5,0,Matthews Riffle,103 104 105,7
513,2020-06-23,1240,clear,16,0,Aleck Riffle,NA,8
514,2020-06-23,1240,clear,17.5,0,Robinson Riffle,169 170 171 173 174 175,9
515,2020-06-24,1240,clear,16.5,0,Gateway Riffle,221 225 226 228 229,12
517,2020-06-24,1240,clear,18.5,0,Eye Riffle,210 216 215A/B,11
518,2020-06-26,3310,clear,19.5,0,Vance Riffle,266 268,13
519,2020-06-26,3310,clear and hot,19,0,G95,323A/B,14
520,2020-06-26,3310,clear,21,0,Kiester Riffle,397 402 403,15
521,2020-06-26,3300,clear,20,0,Goose Riffle,408,16
522,2020-06-26,3310,clear and hot,20,0,Big Riffle,424 426,17
525,2020-06-30,4250,clear,20.5,0,Gridley Riffle,486 487,19
526,2020-06-30,4400,clear,21,0,McFarland,450,18
527,2020-07-20,1250,clear,11.5,0,Hatchery Riffle,NA,1
528,2020-07-20,1250,clear,16.5,0,Auditorium Riffle,29 30 31 32,4
529,2020-07-20,1450,clear,18,0,Hatchery Ditch,33 26 28,2
530,2020-07-20,0,clear,19,0,Bedrock Riffle,55 56,NA
126,2015-08-03,0,clear,66.2,0,McFarland,"441,445",18
531,2020-07-21,1250,clear,14,0,Trailer Park Riffle,96 97 98,6
532,2020-07-21,1100,clear,15,0,Matthews Riffle,103 104 105,7
533,2020-07-21,1100,clear,15,0,Aleck Riffle,119 120,8
534,2020-07-21,1100,clear,16.5,0,Robinson Riffle,173 169 170 175,9
535,2020-07-22,950,clear,16,0,Gateway Riffle,221 226 225 228 229,12
536,2020-07-22,950,clear,15.8,0,Eye Riffle,215A/B 216 210,11
537,2020-07-22,950,clear,17,0,Steep Riffle,185 189,10
539,2020-07-23,3010,clear,18,0,G95,323A/B,14
540,2020-07-23,3010,clear,20,0,Kiester Riffle,402 397 402,15
541,2020-07-23,3010,clear,20,0,Goose Riffle,408,16
542,2020-07-23,3010,clear,20,0,Big Riffle,424 426,17
543,2020-07-24,3010,clear,19.5,0,Junkyard Riffle,502 499,20
544,2020-07-23,3003,clear,19,0,Gridley Riffle,486 487,19
545,2020-07-24,3003,clear,19,0,McFarland,450,18
546,2020-08-10,1550,clear and hot,15,0,Hatchery Ditch,33 26 28,2
547,2020-08-10,1550,clear,14,0,Hatchery Riffle,19 23 24 25,1
548,2020-08-10,1550,clear,14.5,0,Auditorium Riffle,29 30 31 32,4
549,2020-08-10,1550,clear,15,0,Bedrock Riffle,55 56,NA
550,2020-08-11,1550,clear and hot,15,NA,Trailer Park Riffle,96 97 98,6
551,2020-08-11,1550,clear and hot,15,0,Matthews Riffle,103 104 105,7
552,2020-08-11,1550,clear and hot,15.5,0,Aleck Riffle,119 120,8
553,2020-08-11,1550,clear,16,0,Robinson Riffle,175 171 170 174,9
554,2020-08-12,1550,clear,15.5,0,Gateway Riffle,221 225 226 228 229,12
555,2020-08-12,1550,clear,16,0,Eye Riffle,215A 215B 216 210 217,11
146,2015-08-18,1100,clear,60.8,0,Aleck Riffle,"119,120",8
556,2020-08-12,1550,clear,16.5,0,Steep Riffle,189 185,10
557,2020-08-13,0,clear,17,0,Vance Riffle,266 268,13
558,2020-08-13,2335,clear,17,0,G95,323A 323B,14
559,2020-08-13,2335,clear,19,0,Kiester Riffle,397 402 403,15
560,2020-08-13,2335,clear,19,0,Goose Riffle,408,16
561,2020-08-14,2300,clear,19,0,Junkyard Riffle,499 502,20
562,2020-08-14,NA,clear,18,0,Gridley Riffle,486 487,19
563,2020-08-14,2300,clear,18,0,Big Riffle,424 426,17
564,2020-08-14,0,clear,19,0,McFarland,450,18
565,2020-09-22,850,clear,11,0,Hatchery Riffle,19 23 24 25,1
566,2020-09-22,840,clear,11.5,0,Auditorium Riffle,30 31 32 29,4
567,2020-09-22,840,clear,11,0,Hatchery Riffle,33 26 28,1
568,2020-09-22,840,clear,13,0,Bedrock Riffle,55 56,NA
569,2020-09-22,840,clear,13,0,Trailer Park Riffle,97 98 96,6
570,2020-09-23,800,clear,11,0,Matthews Riffle,103 - 105,7
571,2020-09-23,800,clear,11.5,0,Aleck Riffle,119 120,8
572,2020-09-23,800,clear,11.5,0,Robinson Riffle,169 170 171 173 174 175,9
573,2020-09-23,840,clear,13,0,Steep Riffle,185 189,10
574,2020-09-23,800,clear,13,0,Eye Riffle,215 215A 215B 210 217,11
575,2020-09-24,840,clear,13,0,Gateway Riffle,221 225 229 226 228,12
576,2020-09-24,2641,clear,15,0,Vance Riffle,266 268,13
577,2020-09-24,2641,clear,16,0,Goose Riffle,408,16
578,2020-09-24,2641,clear,15,0,G95,323A 323B,14
579,2020-09-24,2641,clear,16,0,Kiester Riffle,402 403 397,15
580,2020-09-25,2641,clear,16,0,Junkyard Riffle,499 502,20
581,2020-09-25,2641,clear,15.5,0,Gridley Riffle,486 487,19
127,2015-08-03,0,clear,67.1,0,McFarland,450,18
582,2020-09-25,2640,clear,15,0,McFarland,450,18
583,2020-09-25,2641,clear,16,0,Big Riffle,424 426,17
584,2021-03-24,800,NA,50,0,Hatchery Riffle,26 33 28,1
585,2021-03-24,800,NA,10.5,0,Hatchery Riffle,19 23 24 25,1
586,2021-03-24,800,NA,10.5,0,Auditorium Riffle,29 30 31 32,4
587,2021-03-25,800,clear,11.5,0,Bedrock Riffle,55 56,NA
588,2021-03-25,800,clear,11.5,0,Trailer Park Riffle,96 97 98,6
589,2021-03-25,800,clear,12,0,Matthews Riffle,103 104 105,7
590,2021-03-25,800,clear,11.5,0,Robinson Riffle,169 170 171 173 174 175,9
591,2021-03-25,800,clear,11.5,0,Aleck Riffle,119 120,8
592,2021-03-26,800,clear,12,0,Gateway Riffle,221 225 226 229 228,12
593,2021-03-26,800,clear,12,0,Steep Riffle,185 189,10
594,2021-03-26,800,clear,13,0,Eye Riffle,215A/B 216 210,11
595,2021-03-29,1050,clear,13.5,0,Vance Riffle,266 268,13
596,2021-03-29,1050,clear,13.5,0,G95,323A/B,14
597,2021-03-29,1050,clear,14,0,Kiester Riffle,397 402 403,15
598,2021-03-29,1050,NA,14.5,0,Goose Riffle,408,16
599,2021-03-30,1050,NA,14.5,0,Junkyard Riffle,499 502,20
600,2021-03-30,NA,NA,16,0,Gridley Riffle,486 487,19
601,2021-03-30,0,NA,12.5,0,McFarland,450,18
602,2021-03-30,1050,NA,13.5,0,Big Riffle,424 426,17
603,2021-04-19,800,clear,14,0,Robinson Riffle,169 170 171 173 174 175,9
128,2015-08-03,0,clear,67.1,0,Gridley Riffle,"486,487",19
604,2021-04-19,800,clear,13.5,0,Aleck Riffle,119 120,8
605,2021-04-19,800,clear,14,0,Matthews Riffle,103 104 105,7
606,2021-04-19,800,clear,14,0,Trailer Park Riffle,96 97 98,6
607,2021-04-20,700,clear,13,0,Hatchery Riffle,26 33,1
608,2021-04-20,700,clear,0,0,Hatchery Riffle,19 23 24 25,1
609,2021-04-20,700,clear,13.5,0,Auditorium Riffle,NA,4
610,2021-04-20,700,clear,15,0,Bedrock Riffle,55 56,NA
611,2021-04-26,810,clear,12,0,Gateway Riffle,221 225 226 228 229,12
613,2021-04-26,810,clear,13,0,Eye Riffle,215A 215B 210,11
614,2021-04-27,1000,clear,14,0,Vance Riffle,266 268,13
615,2021-04-27,0,clear,14,0,G95,323A 323B,14
616,2021-04-27,0,clear,15,0,Big Riffle,NA,17
618,2021-04-27,1000,NA,16,0,Kiester Riffle,397 403 402,15
619,2021-04-28,1000,clear,16.5,0,Junkyard Riffle,502 499,20
620,2021-04-28,1000,clear,17.5,0,Gridley Riffle,486 487,19
621,2021-04-28,1000,clear,15.5,0,McFarland,450,18
622,2021-05-18,650,clear,13,0,Hatchery Riffle,19 23-25,1
623,2021-05-18,650,clear,13,0,Auditorium Riffle,29 30-32,4
624,2021-05-18,650,clear,13,0,Hatchery Ditch,28,2
147,2015-08-18,1100,clear,62.6,0,Robinson Riffle,"169-171,173-175",9
627,2021-05-19,710,clear,12.75,0,Aleck Riffle,19 20,8
628,2021-05-19,710,clear,13,0,Matthews Riffle,103 104 105,7
629,2021-05-19,710,clear,14,0,Trailer Park Riffle,96 97 98,6
630,2021-05-21,710,NA,13.5,0,Gateway Riffle,221 225 226 228 229,12
632,2021-05-21,710,NA,15,0,Steep Riffle,185 189,10
634,2021-05-25,2500,clear,18,0,G95,323A/B,14
635,2021-05-25,2500,clear,18.5,0,Kiester Riffle,397 402 403,15
636,2021-05-25,2500,clear,19,0,Goose Riffle,408,16
637,2021-05-26,2110,cloudy,18.5,0,Junkyard Riffle,502 499,20
638,2021-05-26,2110,cloudy,18.5,0,Gridley Riffle,NA,19
639,2021-05-26,2110,clear,18.5,0,McFarland,450,18
640,2021-05-26,2110,clear,19.5,0,Big Riffle,424 426,17
643,2021-06-22,2750,clear,16,0,Auditorium Riffle,29 30 31 32,4
644,2021-06-22,2750,clear,16.5,0,Bedrock Riffle,55 56,NA
646,2021-06-23,2400,clear,16,0,Matthews Riffle,103 104 105,7
647,2021-06-23,2400,clear,17,0,Robinson Riffle,169-175,9
648,2021-06-23,2400,clear,17,0,Aleck Riffle,119 120,8
649,2021-06-25,2750,clear,18.5,0,Junkyard Riffle,502 499,20
140,2015-08-03,0,clear,68,0,Junkyard Riffle,"499,502",20
651,2021-06-25,2750,clear,19.5,0,McFarland,450,18
652,2021-06-25,2750,clear,19.5,0,Big Riffle,424 426,17
653,2021-06-29,2160,clear,16.5,0,Gateway Riffle,226 225 221 228 229,12
654,2021-06-29,2160,clear,16,0,Steep Riffle,185 189,10
655,2021-06-29,2160,clear,17,0,Eye Riffle,210 215A 215B 216,11
656,2021-06-30,3010,clear,17,0,Vance Riffle,268 266,13
657,2021-06-30,3010,clear,17,0,G95,323 A & B,14
659,2021-06-30,3010,clear,18.5,0,Goose Riffle,408,16
660,2021-07-14,1550,clear,16.5,0,Hatchery Riffle,19 23 24 25,1
661,2021-07-14,1550,clear,16.5,0,Auditorium Riffle,29-32,4
663,2021-07-14,1550,clear,16.5,0,Hatchery Ditch,28,2
665,2021-07-15,2050,clear,16.5,0,Trailer Park Riffle,96 97 98,6
666,2021-07-15,2050,clear,17,0,Matthews Riffle,103 104 105,7
667,2021-07-15,2050,clear,17,0,Aleck Riffle,119 120,8
668,2021-07-15,2050,clear,17.5,0,Robinson Riffle,169 170 171 173 174 175,9
669,2021-07-16,2070,clear,17,0,Gateway Riffle,221 225 226 228 229,12
671,2021-07-16,2050,clear,17.2,0,Steep Riffle,185 189,10
672,2021-07-19,2990,NA,17.5,2,Vance Riffle,266 268,13
673,2021-07-19,2990,cloudy,17.5,0,G95,NA,14
141,2015-08-17,1100,clear,59.4,0,Hatchery Riffle,"19,23-25",1
674,2021-07-19,2050,clear,18,0,Kiester Riffle,402 403,15
675,2021-07-19,2050,clear,18.5,0,Goose Riffle,408,16
676,2021-07-19,2050,clear,19,2,Big Riffle,424 426,17
677,2021-07-20,2990,clear,18,0,Junkyard Riffle,499 502,20
678,2021-07-20,2990,clear,18.5,0,Gridley Riffle,486 487,19
680,2021-08-25,670,NA,10,0,Hatchery Riffle,19 24 23 25,1
681,2021-08-25,670,NA,10,0,Auditorium Riffle,29 30 31 32,4
682,2021-08-25,670,NA,10,0,Hatchery Riffle,33 26,1
684,2021-08-25,670,clear,10.5,0,Bedrock Riffle,55 56,NA
686,2021-08-26,670,clear,10,0,Matthews Riffle,104 105 103,7
687,2021-08-26,650,clear,12,0,Robinson Riffle,169 170 171 173 175 175,9
688,2021-08-26,670,clear,11.7,0,Aleck Riffle,119 120,8
689,2021-08-27,0,NA,13,0,Gateway Riffle,221 225 226 228 229,12
690,2021-08-27,650,clear,13,0,Steep Riffle,185 189,10
691,2021-08-27,650,NA,12.5,0,Eye Riffle,210 215A 215B 216 217,11
692,2021-08-30,1320,NA,14,0,Vance Riffle,266 268,13
693,2021-08-30,1320,NA,14,0,G95,323 A and B,14
695,2021-08-30,1320,clear,15.5,0,Goose Riffle,408,16
148,2015-08-18,1100,clear,64.4,0,Matthews Riffle,"103,104,105",7
697,2021-08-31,1280,clear,21,0,Gridley Riffle,486 487,19
700,2021-09-13,680,clear,11,0,Hatchery Riffle,19 23 24 25,1
702,2021-09-13,600,clear,0,0,Hatchery Riffle,28,1
703,2021-09-13,0,clear,0,0,Hatchery Riffle,26 33,1
704,2021-09-13,680,clear,0,0,Bedrock Riffle,55 56,NA
705,2021-09-14,680,clear,11.5,0,Robinson Riffle,175 174 173 171 170 169,9
706,2021-09-14,680,clear,11.5,0,Aleck Riffle,119 120,8
707,2021-09-14,680,clear,11.5,0,Matthews Riffle,103 104 105,7
708,2021-09-14,680,clear,11.5,0,Trailer Park Riffle,96 97 98,6
709,2021-09-15,600,NA,12,0,Gateway Riffle,221 225 226 228 229,12
710,2021-09-15,680,clear,12,0,Eye Riffle,215A 215B 216 210 217,11
711,2021-09-15,600,clear,12,0,Steep Riffle,185 189,10
712,2021-09-20,1290,NA,15,0,Vance Riffle,268 266,13
715,2021-09-20,1290,clear,17,0,Kiester Riffle,397 402 403,15
716,2021-09-21,1290,clear,16,0,Junkyard Riffle,502 499,20
718,2021-09-21,1290,clear,16,0,McFarland,450,18
142,2015-08-17,0,clear,59,0,Auditorium Riffle,29-32,4
720,2022-01-19,650,clear,8.5,0.5,Bedrock Riffle,"55, 56",NA
721,2022-01-19,650,clear,8.5,1,Trailer Park Riffle,"96, 97, 98",6
722,2021-01-19,650,clear,9,NA,Matthews Riffle,"103, 104, 105",7
723,2022-01-19,650,clear,9,1,Robinson Riffle,"169, 170, 171, 173, 174, 175",9
724,2022-01-20,NA,clear,6.5,1,Hatchery Ditch,"26, 33",2
725,2022-01-20,0,clear,8.5,1,Hatchery Riffle,"19, 23, 24, 25",1
726,2022-01-20,0,clear,9.5,0,Aleck Riffle,"119, 120",8
727,2022-01-21,650,NA,9,1,Gateway Riffle,"221, 225, 226, 228, 229",12
728,2022-01-21,650,NA,9,0,Eye Riffle,"210, 215A,B, 216",11
729,2022-01-21,650,NA,9,1,Steep Riffle,"189, 185",10
730,2022-02-22,670,clear,9,1.2,Hatchery Riffle,"19, 23, 24, 25",1
731,2022-02-22,670,clear,9,0,Auditorium Riffle,"29, 30, 31, 32",4
732,2022-02-22,670,clear,9.5,0,Hatchery Ditch,28,2
733,2022-02-22,670,clear,0,0,Hatchery Ditch,"26,33",2
734,2022-02-22,670,cloudy,10,0.5,Bedrock Riffle,"55, 56",NA
735,2022-02-23,670,clear,9,1,Trailer Park Riffle,"96, 97, 98",6
736,2022-02-23,670,clear,0,0,Matthews Riffle,"103, 104, 105",7
737,2022-02-23,650,clear,10,0.5,Robinson Riffle,"169, 171, 173, 175",9
739,2022-02-24,670,clear,9,0.65,Eye Riffle,"210, 215A,B, 216",11
740,2022-02-24,650,clear,9,0.6,Steep Riffle,"185, 189",10
741,2022-02-24,670,clear,9.5,0.5,Gateway Riffle,"221, 225, 226, 228, 229",12
742,2022-02-25,4560,clear,9.5,0.5,Vance Riffle,"266, 268",13
150,2015-08-19,1100,clear,62.6,0,Eye Riffle,"210,215,217,215A/B",11
743,2022-02-25,4560,clear,10,0,G95,323AB,14
744,2022-02-25,4560,clear,10,0.5,Kiester Riffle,"397, 402, 403",15
745,2022-02-25,4560,clear,10,0.5,Goose Riffle,408,16
746,2022-01-26,960,clear,9,1.5,Vance Riffle,"266, 268",13
747,2022-01-26,960,clear,10,0,G95,323AB,14
748,2022-01-26,960,clear,10,0,Kiester Riffle,"397, 402",15
749,2022-01-26,960,clear,10.5,0,Goose Riffle,408,16
750,2022-01-27,960,clear,9.5,0,Junkyard Riffle,"499, 502",20
751,2022-01-27,960,clear,8.5,0,McFarland,450,18
752,2022-01-27,960,clear,9,0,Big Riffle,"424, 426",17
753,2022-01-27,960,clear,0,0,NA,NA,NA
754,2022-02-28,4500,clear,0,0.75,Junkyard Riffle,"499, 502",20
755,2022-02-28,4500,clear,0,0.75,Gridley Riffle,"486, 487",19
756,2022-02-28,4500,clear,0,0,Big Riffle,"424, 426",17
757,2022-02-28,4500,clear,0,0,McFarland,450,18
758,2022-03-23,650,clear,0,2,Bedrock Riffle,"55, 56",NA
759,2022-03-23,650,NA,0,2,Trailer Park Riffle,"96, 97, 98",6
760,2022-03-23,650,clear,0,2,Hatchery Riffle,28,1
761,2022-03-23,0,clear,0,2,Hatchery Ditch,"26, 33",2
762,2022-03-23,650,clear,0,2,Auditorium Riffle,"29, 30, 31, 32",4
763,2022-03-24,650,clear,0,1.5,Robinson Riffle,"169, 170, 171, 173, 174, 175",9
764,2022-03-24,650,clear,0,1.5,Matthews Riffle,"103, 104, 105",7
765,2022-03-24,650,clear,0,1.5,Aleck Riffle,"119, 120",8
766,2022-03-24,650,clear,0,1.5,Hatchery Riffle,"19, 23, 24, 25",1
143,2015-08-17,1100,clear,59.9,0,Hatchery Ditch,"33,26,28",2
768,2022-03-25,650,clear,13.5,0,Eye Riffle,"215A, 215B, 216, 210",11
769,2022-03-25,650,clear,14.5,2,Steep Riffle,"185, 189",10
771,2022-03-28,3500,precipitation,15,1.2,G95,"323A,B",14
772,2022-03-28,3500,precipitation,15,1.2,Kiester Riffle,"397, 403, 402",15
773,2022-03-28,3500,precipitation,15,1.2,Goose Riffle,408,16
774,2022-03-29,3500,clear,15,2,Junkyard Riffle,"499, 502",20
775,2022-03-29,3500,clear,15,1,Gridley Riffle,"486, 487",19
777,2022-03-29,3500,clear,0,1.5,Big Riffle,"424, 426",17
778,2022-04-25,650,clear,13,NA,Bedrock Riffle,"55, 56",NA
779,2022-04-25,650,cloudy,13,2,Trailer Park Riffle,"96, 97, 98",6
781,2022-04-25,650,clear,13,2,Hatchery Ditch,"33, 26",2
782,2022-04-25,650,clear,13,0,Hatchery Riffle,"19, 23, 24, 25",1
783,2022-04-25,650,clear,13,2,Auditorium Riffle,"29, 30, 31, 32",4
784,2022-04-26,650,clear,14,1.5,Robinson Riffle,"169, 170, 171, 173, 174, 174",9
785,2022-04-26,650,clear,14,1.5,Aleck Riffle,"119, 120",8
786,2022-04-26,650,clear,14,1.5,Matthews Riffle,"103, 104, 105",7
788,2022-04-27,650,clear,14.5,1,Eye Riffle,"210, 215A,B, 216",11
789,2022-04-27,800,clear,15.5,1.5,Vance Riffle,"266, 268",13
790,2022-04-27,800,clear,15.5,0,G95,"323A, 323B",14
791,2022-04-28,650,clear,14,2,Steep Riffle,"189, 185",10
144,2015-08-17,1100,clear,61.7,0,Bedrock Riffle,"55,56",NA
792,2022-04-28,800,clear,14.5,2,Goose Riffle,408,16
794,2022-04-29,800,clear,14.5,1.2,Big Riffle,"424, 426",17
795,2022-04-29,800,clear,14.5,1.75,McFarland,450,18
796,2022-04-29,800,clear,18,3,Junkyard Riffle,"499, 502",20
797,2022-04-29,800,clear,18.5,0,Gridley Riffle,"486, 487",19
798,2022-05-03,650,clear,14,2,Trailer Park Riffle,"96, 97, 98",6
799,2022-05-23,650,clear,15,1,Matthews Riffle,"103, 104, 105",7
800,2022-05-23,650,clear,15.75,1,Robinson Riffle,"169, 170, 171, 173, 174, 175",9
801,2022-05-23,650,clear,15,2,Hatchery Riffle,"19, 23, 24, 25",1
802,2022-05-23,650,clear,14.5,1.5,Auditorium Riffle,"29, 30, 31, 32",4
803,2022-05-24,650,NA,0,0.5,Hatchery Ditch,"26, 33",2
804,2022-05-24,650,NA,0,1.35,Hatchery Ditch,28,2
806,2022-05-24,650,NA,16,0.55,Aleck Riffle,"119, 120",8
807,2022-05-25,650,NA,16.5,0,Steep Riffle,"189, 185",10
808,2022-05-25,600,clear,16.5,2,Eye Riffle,"215AB, 216, 217",11
809,2022-05-26,650,clear,17,1.5,Gateway Riffle,"226, 228, 229, 221, 225",12
810,2022-05-26,2200,cloudy,19,0.8,G95,"323A,B",14
811,2022-05-26,2200,cloudy,20,1.5,Kiester Riffle,"397, 402, 403",15
812,2022-05-26,2200,cloudy,19,1.75,Vance Riffle,"266, 268",13
813,2022-05-27,2200,NA,18.5,1.25,Junkyard Riffle,"499, 502",20
814,2022-05-27,2200,NA,19,2,Gridley Riffle,"486, 487",19
158,2015-08-24,1500,clear,65.3,0,McFarland,450,18
815,2022-05-27,2200,clear,19.5,2,McFarland,450,18
816,2022-05-27,2200,clear,20,1,Big Riffle,"424, 426",17
817,2022-05-27,2200,NA,20,1,Goose Riffle,408,16
818,2022-06-01,3500,clear,20,0,Junkyard Riffle,"499, 502",20
819,2022-06-21,3500,clear,20,2,Gridley Riffle,"486, 487",19
820,2022-06-21,3500,clear,20,1,McFarland,450,18
821,2022-06-22,3500,clear,18,1,Big Riffle,"424, 426",17
822,2022-06-22,3500,clear,19,2,Goose Riffle,408,16
825,2022-06-22,3500,clear,18.5,2,Vance Riffle,"266, 268",13
826,2022-06-23,1480,cloudy,15,1,Robinson Riffle,"169, 170, 171, 173, 174, 175",9
828,2022-06-23,1480,clear,16,2,Matthews Riffle,"103, 104, 105",7
829,2022-06-23,1480,clear,16,2,Trailer Park Riffle,"96, 97, 98",6
830,2022-06-23,1480,clear,16.5,2,Bedrock Riffle,"55, 56",NA
831,2022-06-23,1480,clear,15,2,Auditorium Riffle,"29, 30, 31, 32",4
832,2022-06-23,1480,clear,15,2,Hatchery Riffle,"19, 23, 24, 25",1
833,2022-06-24,1480,clear,15,2,Hatchery Ditch,28,2
834,2022-06-24,1480,clear,15,0.5,Hatchery Riffle,"33, 26",1
835,2022-06-24,1480,clear,16,1.5,Steep Riffle,"185, 189",10
836,2022-06-24,1480,clear,17,1.5,Eye Riffle,"210, 215A,B, 216",11
838,2022-07-21,1500,clear,16,0.5,Hatchery Ditch,"26, 33",2
839,2022-07-21,1550,clear,16,1.5,Hatchery Ditch,28,2
108,2015-07-27,1898,clear,59.9,0,Hatchery Riffle,"19, 23-25",1
840,2022-07-21,1550,clear,16,1.5,Hatchery Riffle,"19, 23, 24, 25",1
841,2022-07-21,1550,clear,16,2,Auditorium Riffle,"29, 30, 31, 32",4
842,2022-07-21,1550,clear,17,1,Bedrock Riffle,"55, 56",NA
843,2022-07-22,1560,clear,16,2.75,Robinson Riffle,"169, 170, 171, 173, 174, 175",9
844,2022-07-22,1560,clear,16,3,Aleck Riffle,"119, 120",8
845,2022-07-22,1550,clear,16,3,Matthews Riffle,"103, 104, 105",7
846,2022-07-22,1550,clear,16,3,Trailer Park Riffle,"96, 97, 98",6
847,2022-07-25,1300,clear,15.5,2,Eye Riffle,"215A,B, 216, 210",11
848,2022-07-25,1300,clear,16,2.5,Steep Riffle,"189, 185",10
849,2022-07-26,3740,cloudy,17.5,1,G95,"323A,B",14
850,2022-07-26,3740,cloudy,18,2.5,Kiester Riffle,"397, 402, 403",15
851,2022-07-26,3740,cloudy,18,1,Vance Riffle,"266, 268",13
852,2022-07-26,0,cloudy,16,2,Gateway Riffle,"221, 225, 226, 228, 229",12
854,2022-07-27,3750,clear,18,0,McFarland,450,18
855,2022-07-27,3750,NA,18.5,0,Big Riffle,"424, 426",17
856,2022-07-27,3750,NA,18.5,0,Goose Riffle,408,16
857,2022-07-28,3750,clear,18.5,0,Gridley Riffle,"486, 487",19
858,2022-08-22,1020,clear,17,0.8,Hatchery Riffle,"26, 33",1
859,2022-08-22,1020,clear,16,3,Hatchery Ditch,28,2
861,2022-08-22,1020,clear,15,2,Auditorium Riffle,"29, 30, 31, 32",4
862,2022-08-22,1020,clear,16,1.5,Bedrock Riffle,"55, 56",NA
863,2022-08-24,1020,clear,0,0,Gateway Riffle,"221, 225, 226, 228, 229",12
864,2022-08-24,1020,clear,15,3,Steep Riffle,"185, 189",10
111,2015-07-27,2009,clear,59,0,Auditorium Riffle,29-31,4
865,2022-08-24,1020,clear,16.5,3,Eye Riffle,"210, 215A,B, 216, 217",11
866,2022-08-25,3010,NA,18.75,2,Vance Riffle,"266, 268",13
867,2022-08-25,3010,clear,18.75,2,G95,"323A,B",14
869,2022-08-25,3010,clear,19,3,Goose Riffle,408,16
870,2022-08-26,3010,clear,19,2.5,Big Riffle,"424, 426",17
871,2022-08-26,3010,clear,19,3,McFarland,450,18
874,2023-02-06,980,clear,10,3,Junkyard Riffle,499 502,20
875,2023-02-06,980,clear,10.5,3,Gridley Riffle,486 487,19
877,2023-02-06,980,clear,9,1,Big Riffle,424 426,17
878,2023-02-06,980,clear,10,1.5,Goose Riffle,408,16
879,2023-02-07,980,clear,9,1,Kiester Riffle,"397, 402, 403",15
880,2023-02-07,980,clear,9.5,0.75,G95,"323A, 323B",14
881,2023-02-07,980,clear,9.5,0.75,Vance Riffle,"266, 268",13
882,2023-02-08,650,clear,8.5,1,Gateway Riffle,"221, 225, 226, 228, 229",12
883,2023-02-08,650,clear,9,1.5,Eye Riffle,"215A, 215B, 216, 210",11
884,2023-02-08,650,clear,9,1.5,Steep Riffle,"185, 189",10
885,2023-02-09,650,clear,8.5,1,Trailer Park Riffle,"96, 97, 98",6
886,2023-02-09,680,clear,8.5,1,Matthews Riffle,"103, 104, 105",7
887,2023-02-09,680,clear,8.5,1,Robinson Riffle,"169, 170, 171, 173, 174, 175",9
888,2023-02-09,680,clear,8.5,1,Aleck Riffle,"119, 120",8
890,2023-02-10,680,clear,8.5,1.5,Hatchery Ditch,"26, 33",2
112,2015-07-27,2009,clear,NA,0,Bedrock Riffle,"55, 56",NA
891,2023-02-10,680,clear,8.5,0.75,Hatchery Riffle,"23, 24, 25, 19",1
892,2023-02-10,680,clear,8.5,0.75,Auditorium Riffle,"29, 30, 31, 32",4
893,2023-02-10,680,clear,8.5,0.7,Bedrock Riffle,"55, 56",NA
894,2023-05-26,10000,clear,15.5,1.5,Junkyard Riffle,"499, 502",20
896,2023-05-26,9000,clear,16,0,McFarland,441,18
897,2023-05-25,11000,clear,14.5,0.2,Vance Riffle,"266, 268",13
898,2023-05-25,11000,clear,15,0,G95,"323A, 323B",14
899,2023-05-25,10000,clear,15.5,0,Kiester Riffle,"402, 403, 397",15
901,2023-05-24,3650,clear,13.5,1.5,Eye Riffle,"217, 215A",11
902,2023-05-24,3650,clear,13,1.5,Steep Riffle,"189,185",10
903,2023-05-24,4650,clear,13,1.5,Gateway Riffle,"221,225,226,228,229",12
905,2023-05-23,4660,clear,13,2,Trailer Park Riffle,99,6
906,2023-05-23,4660,clear,13,1.5,Matthews Riffle,103,7
907,2023-05-23,4660,clear,13,1,Trailer Park Riffle,98,6
908,2023-05-23,5660,clear,12.5,1,Aleck Riffle,"119,121,118",8
909,2023-05-22,5650,clear,12,1.5,Hatchery Ditch,"33, 26",2
910,2023-05-22,5650,clear,12,1,Hatchery Riffle,28,1
113,2015-07-28,2000,clear,59.9,0,Trailer Park Riffle,96-98,6
912,2023-05-22,5650,clear,12.5,1.5,Bedrock Riffle,"55, 56",NA
913,2023-06-12,8000,cloudy,17.5,1.75,Junkyard Riffle,"499, 502",20
914,2023-06-12,8000,cloudy,17.5,1,Gridley Riffle,"486, 487",19
915,2023-06-13,8000,clear,17,1.5,McFarland,441,18
916,2023-06-13,8000,clear,18,1.25,Big Riffle,"424, 426",17
917,2023-06-13,8000,clear,16,1.2,Goose Riffle,408,16
918,2023-06-13,8000,clear,17.5,1,Kiester Riffle,"402, 403, 397",15
919,2023-06-16,1000,clear,14,2,Hatchery Riffle,"19, 23, 24, 25",1
920,2023-06-16,1000,clear,14,2,Auditorium Riffle,"30, 31, 32, 29",4
921,2023-06-16,1000,clear,14.5,0.5,Hatchery Ditch,"33, 26",2
922,2023-06-16,1000,clear,14.5,2.5,Hatchery Riffle,28,1
923,2023-06-16,1000,clear,15,0,Bedrock Riffle,"55, 56",NA
924,2023-06-15,1300,clear,15,0,Steep Riffle,"185, 189",10
925,2023-06-14,1600,clear,16.5,1.5,Eye Riffle,"210, 216, 215A, 215B",11
926,2023-06-14,0,NA,15,0,Gateway Riffle,"221, 225, 226, 228, 229",12
927,2023-06-14,7000,cloudy,18,1,Vance Riffle,"266, 268",13
928,2023-06-14,0,clear,0,0.7,G95,"323A, 323B",14
929,2023-06-15,1350,clear,14.9,0,Trailer Park Riffle,"96, 97, 98",6
930,2023-06-15,1350,clear,15,0,Matthews Riffle,"103, 104, 105",7
931,2023-06-15,1350,clear,16,1,Aleck Riffle,"119, 120",8
932,2023-06-15,1350,clear,15.5,0.75,Robinson Riffle,"169,170,171,173,174,175",9
933,2023-07-17,1500,clear,17,2,Bedrock Riffle,"55,56",NA
934,2023-07-17,1500,clear,NA,NA,Hatchery Riffle,28,1
114,2015-07-28,2000,clear,61.2,0,Matthews Riffle,103-105,7
935,2023-07-17,1500,clear,17,1.5,Hatchery Ditch,"33, 26",2
936,2023-07-17,1500,clear,15.5,1.75,Auditorium Riffle,"30,32,31,29",4
938,2023-07-18,2000,NA,17,1,Aleck Riffle,"119,120",8
939,2023-07-18,2000,clear,17.5,1,Robinson Riffle,"170,169,171,175,174,173",9
940,2023-07-18,2000,clear,16.5,1,Matthews Riffle,"103,104,105",7
941,2023-07-18,2000,clear,NA,NA,Trailer Park Riffle,"96,97,98",6
942,2023-07-19,5000,clear,17.5,1.25,Vance Riffle,NA,13
944,2023-07-19,2000,clear,16.5,1.5,Steep Riffle,"185,189",10
945,2023-07-19,2000,clear,16,1.5,Gateway Riffle,"221,225,226,228,229",12
946,2023-07-20,5000,clear,21,1.5,Big Riffle,"424,426",17
949,2023-07-20,5000,clear,19,1.5,G95,"323A, 323B",14
950,2023-07-21,5000,clear,20,1.25,McFarland,450,18
951,2023-07-21,5000,clear,20,1,Gridley Riffle,"486,487",19
952,2023-07-21,5000,clear,19.5,1.5,Junkyard Riffle,"499, 502",20
953,2023-04-12,4000,clear,10,0.75,Steep Riffle,"188,189",10
954,2023-04-12,4000,clear,10,0.7,Eye Riffle,"215A,215B,210",11
955,2023-04-12,4000,clear,9.5,0.75,Gateway Riffle,"221,225,226,228,229",12
956,2023-04-10,1000,clear,10,2,Hatchery Ditch,"26,33",2
957,2023-04-10,1000,clear,10,1.5,Hatchery Riffle,28,1
958,2023-04-10,1000,clear,10,1,Bedrock Riffle,"55,56",NA
115,2015-07-28,2000,clear,61.7,0,Aleck Riffle,120 and 119,8
959,2023-04-10,1000,clear,10,1,Robinson Riffle,"169,170,171,173,174,175",9
960,2023-04-07,1300,precipitation,10,0.5,Aleck Riffle,"119,120",8
961,2023-04-07,1300,precipitation,10,1.75,Matthews Riffle,"103,104,105",7
962,2023-04-07,1300,cloudy,NA,NA,Trailer Park Riffle,"96,97,98",6
963,2023-04-07,1300,precipitation,10,1,Auditorium Riffle,"29,30,31,32",4
964,2023-04-07,1300,precipitation,9.5,1.25,Hatchery Riffle,"19,23,24,25",1
965,2023-03-08,1000,cloudy,8,0.5,Steep Riffle,"185, 189",10
966,2023-03-08,1000,cloudy,8.5,0.6,Eye Riffle,"210,215A,215B,216",11
967,2023-03-08,1000,cloudy,8.5,0.5,Robinson Riffle,"169,170,171,173,174,175",9
968,2023-03-06,650,precipitation,8,1,Hatchery Ditch,"33,26",2
969,2023-03-08,1000,cloudy,8.5,0.5,Gateway Riffle,"221,225,226,228,229",12
970,2023-03-06,650,precipitation,8,NA,Hatchery Riffle,"19,23,24,25",1
971,2023-03-06,650,precipitation,8,1.5,Hatchery Riffle,28,1
972,2023-03-06,650,precipitation,8,1.25,Auditorium Riffle,"29,30,31,32",4
973,2023-03-06,650,precipitation,8,0.5,Bedrock Riffle,"55,56",NA
116,2015-07-28,0,clear,62.6,0,Robinson Riffle,"169, 170, 171, 173, 174, 175",9
117,2015-07-29,2000,clear,60.8,0,Steep Riffle,"185, 189",10
118,2015-07-29,2000,clear,62.6,0,Eye Riffle,"210, 217",11
119,2015-07-29,2000,clear,62.6,0,Eye Riffle,"215A/B, 216",11
120,2015-07-29,3260,clear,68,0,Vance Riffle,"268, 266",13
110,2015-07-27,1898,clear,60.3,0,Hatchery Ditch,28,2
312,2018-02-14,1000,partly cloudy,46.4,0,Steep Riffle,189 185,10
208,2016-05-18,1700,clear,52.7,0,Eye Riffle,216 217 210,11
314,2018-02-15,1750,clear,50,0,Gateway Riffle,221 226 229 228,12
315,2018-02-15,1750,clear and windy,49.1,0,Vance Riffle,266 268,13
243,2016-07-28,4000,clear,64.4,0,River Bend Upstream Beach,RBUB,NA
242,2016-07-28,4000,clear,61.7,0,Hatchery Ditch,26,2
233,2016-07-19,0,clear,65.3,0,Hour Side Channel,UHSC,NA
232,2016-07-19,0,clear,65.3,0,Hour Side Channel,HTPSC,NA
241,2016-07-28,4000,clear,61.7,0,Hatchery Ditch,SEC2,2
231,2016-07-19,0,clear,63.5,0,Big Riffle,BRB,17
230,2016-07-18,0,clear,65.3,0,Cox Flat,CF,NA
351,2018-05-10,800,partly cloudy,55.4,0,Eye Riffle,215A 215B 216 217 210,11
325,2018-03-29,0,hazy,57.2,0.75,G95,323B 323A,14
326,2018-04-10,3500,cloudy,50,0,Hatchery Riffle,33 26,1
321,2018-03-20,1050,precipitation,50.9,0,Big Riffle,424 426,17
319,2018-03-20,1050,precipitation,51.8,0,Junkyard Riffle,499 502,20
353,2018-05-14,800,clear,0,0,Hatchery Riffle,19 23 24 25,1
507,2020-06-19,950,clear,59.9,0,Hatchery Riffle,"33, 26, 28",1
488,2020-02-24,800,clear,10,NA,Hatchery Riffle,"19, 23-25",1
524,2020-06-30,4250,clear,20.5,0,Junkyard Riffle,499 502,20
366,2018-06-13,1650,clear,64.4,0,Gateway Riffle,221 225 226 228 229,12
367,2018-06-14,1400,clear,16.8,1,Robinson Riffle,NA,9
368,2018-06-14,1400,clear,60.8,0,Aleck Riffle,120 119,8
370,2018-06-14,1400,clear,61.7,0,Trailer Park Riffle,96 97 98,6
385,2018-07-18,4500,clear,68.9,1.4,Vance Riffle,268,13
472,2019-08-07,4620,clear,0,0,Bedrock Riffle,"55,56",NA
451,2019-07-08,1400,clear,61.7,0,Hatchery Ditch,"33,26,28",2
414,2018-08-22,0,clear,59,0,Auditorium Riffle,29-32,4
417,2018-09-11,800,clear,58.1,0,Aleck Riffle,119 120,8
419,2018-09-11,800,clear,59,0,Matthews Riffle,103 104 105,7
422,2018-09-12,6000,NA,60.4,0,McFarland,450,18
423,2018-09-12,6000,cloudy,60.4,1.1,Big Riffle,424 426,17
424,2018-09-13,6000,clear,60.8,0,Goose Riffle,408,16
425,2018-09-13,6000,clear,60.8,0,Kiester Riffle,402,15
438,2019-05-13,3500,cloudy,53.6,0,Hatchery Riffle,"23,24,25",1
452,2019-07-08,1400,clear,60.8,0,Hatchery Riffle,"19,23,24,25",1
484,2019-08-12,7600,clear,64.4,0,Big Riffle,NA,17
453,2019-07-08,1400,clear,61.7,0,Auditorium Riffle,"29,31,32",4
481,2019-08-09,4120,cloudy,58.1,0,Eye Riffle,"210,215A,215B,216,217",11
483,2019-08-12,7600,clear,62.6,0,G95,323A,14
439,2019-05-13,3500,cloudy,53.6,0,Auditorium Riffle,"29,31,32,30",4
457,2019-07-10,1200,clear,61.7,0,Aleck Riffle,"119, 120",8
516,2020-06-24,1240,clear,16.5,0,Steep Riffle,189 185,10
462,2019-07-15,5300,clear,68.9,0,Kiester Riffle,"397,402,403",15
466,2019-07-17,5300,clear,66.2,NA,Gridley Riffle,"486, 487A, 487B",19
470,2019-08-06,4580,cloudy,62.6,3,Aleck Riffle,"119, 120",8
479,2019-08-09,4120,cloudy,59,0,Gateway Riffle,"221,225,226,228,229",12
441,2019-05-14,3500,cloudy,51.8,0,Trailer Park Riffle,"96,97,98",6
612,2021-04-26,810,partly cloudy,13,0,Steep Riffle,189 185,10
670,2021-07-16,2070,clear,17,1.5,Eye Riffle,210 215A&B 216,11
633,2021-05-25,2500,clear,17,0,Vance Riffle,266 268,13
538,2020-07-22,0,clear,19,0,Vance Riffle,NA,13
617,2021-04-27,0,clear,16,0,Goose Riffle,408,16
625,2021-05-18,750,clear,13.5,0,Hatchery Riffle,26 33,1
626,2021-05-18,750,clear,14,0,Bedrock Riffle,55 56,NA
641,2021-06-22,2750,clear,15.5,0,Hatchery Riffle,26 33 28,1
631,2021-05-21,710,clear,14,0,Eye Riffle,210 215A/B 216,11
642,2021-06-22,2750,clear,15.5,0,Hatchery Riffle,19 23 24 25,1
650,2021-06-25,2750,clear,18.5,0,Gridley Riffle,486 487,19
645,2021-06-23,2400,clear,16,0,Trailer Park Riffle,NA,6
658,2021-06-30,3010,clear,18.5,0,Kiester Riffle,397 402 403,15
713,2021-09-20,1290,clear,15.5,0,G95,323A 323B,14
714,2021-09-20,1290,clear,13,0,Goose Riffle,408,16
860,2022-08-22,1020,clear,15,2,Hatchery Riffle,"19, 23, 24, 25",1
679,2021-07-20,2990,clear,18.5,0,McFarland,450,18
662,2021-07-14,1550,clear,16.5,0,Hatchery Riffle,26 33,1
683,2021-08-25,670,NA,10,0,Hatchery Riffle,28,1
664,2021-07-14,1550,clear,18,0,Bedrock Riffle,55 56,NA
685,2021-08-26,650,clear,10,0,Trailer Park Riffle,96 97 98,6
694,2021-08-30,1320,clear,15.5,0,Kiester Riffle,402 397 403,15
696,2021-08-31,1280,clear,16,0,Junkyard Riffle,499 502,20
698,2021-08-31,1320,clear,15.4,0,McFarland,450,18
699,2021-08-31,1320,clear,15.3,0,Big Riffle,424 426,17
701,2021-09-13,680,clear,11,0,Auditorium Riffle,29 30 31 32,4
717,2021-09-21,1290,clear,17.5,0,Gridley Riffle,486 487,19
719,2021-09-21,1290,clear,16,0,Big Riffle,424 426,17
738,2022-02-23,670,clear,9.5,NA,Aleck Riffle,"119, 120",8
853,2022-07-27,3750,clear,18.5,0,Junkyard Riffle,"499, 502",20
770,2022-03-28,3500,precipitation,14.75,1.5,Vance Riffle,"226, 268",13
767,2022-03-25,650,clear,13.5,2,Gateway Riffle,"221, 225, 226, 228, 229",12
776,2022-03-29,3500,clear,0,1.5,McFarland,450,18
780,2022-04-25,650,clear,13,0,Hatchery Ditch,28,2
787,2022-04-27,650,clear,14.5,2,Gateway Riffle,"226, 228, 229, 221, 225",12
793,2022-04-28,800,clear,0,2,Kiester Riffle,"397, 403, 402",15
823,2022-06-22,3500,clear,18.5,1.5,Kiester Riffle,"402, 403",15
824,2022-06-22,3500,clear,19,1.5,G95,323ab,14
827,2022-06-23,1480,clear,16,0,Aleck Riffle,"119, 120",8
837,2022-06-24,1480,clear,17.5,1.5,Gateway Riffle,"221, 225, 226, 228, 229",12
868,2022-08-25,3010,clear,19,2,Kiester Riffle,"397, 402, 403",15
872,2022-08-26,3010,clear,19,3.5,Gridley Riffle,"486, 487",19
805,2022-05-24,650,NA,15,0.75,Bedrock Riffle,"55, 56",NA
873,2022-08-26,3010,clear,19.5,3,Junkyard Riffle,"499, 502",20
876,2023-02-06,980,clear,9,1.5,McFarland,450,18
937,2023-07-17,1500,clear,15.5,1.75,Hatchery Riffle,"19,23,24,25",1
889,2023-02-10,680,clear,8.5,0.75,Hatchery Riffle,28,1
943,2023-07-19,2000,clear,17,1.25,Eye Riffle,"215A,215B,216,210",11
911,2023-05-22,5650,clear,11,1.5,Hatchery Riffle,"23, 25, 24, 19",1
895,2023-05-26,10000,clear,16,1,Gridley Riffle,"487, 486",19
948,2023-07-20,5000,clear,19.5,1.5,Kiester Riffle,"397,402,403",15
947,2023-07-20,5000,clear,20,1.5,Goose Riffle,408,16
900,2023-05-25,10000,clear,16,2,Big Riffle,"424, 426",17
904,2023-05-23,4660,clear,12.5,1.5,Robinson Riffle,"176,177,178(ABC),173",9
