survey_id,date,survey_type,section_type,flow,weather,turbidity,temperature,visibility
3_historical,1999-06-30,unit,NA,7788,sunny,NA,64,NA
4_historical,1999-06-30,unit,NA,7788,sunny,NA,64,NA
5_historical,1999-07-01,unit,NA,8050,sunny,NA,65,1.5
6_historical,1999-07-01,unit,NA,8050,sunny,NA,64,1.5
7_historical,1999-07-01,unit,NA,8050,sunny,NA,64.5,NA
10_historical,1999-06-28,unit,NA,621,sunny,NA,61.5,3.5
11_historical,1999-06-28,unit,NA,621,sunny,NA,60.5,3.5
12_historical,1999-06-25,unit,NA,628,sunny,NA,62,4.09999990463257
13_historical,1999-06-25,unit,NA,628,sunny,NA,58.5,4.09999990463257
14_historical,1999-06-23,unit,NA,650,sunny,NA,56,NA
15_historical,1999-06-22,unit,NA,661,sunny,NA,56.5,NA
17_historical,1999-06-04,unit,NA,1876,overcast,NA,64.5,1.70000004768372
18_historical,1999-06-03,unit,NA,1752,overcast,NA,63,1
19_historical,1999-06-01,unit,NA,1870,overcast,NA,67,1.5
21_historical,1999-05-25,comp,NA,1886,sunny,NA,64,NA
22_historical,1999-05-25,comp,NA,1886,sunny,NA,66,NA
23_historical,1999-05-24,comp,NA,1886,sunny,NA,65,0.600000023841858
25_historical,1999-05-20,comp,NA,627,sunny,NA,58,3.5
26_historical,1999-05-20,comp,NA,627,overcast,NA,56.5,2.79999995231628
28_historical,1999-05-20,comp,NA,627,sunny,NA,57.5,2.59999990463257
29_historical,1999-04-09,comp,NA,3297,sunny,NA,51,NA
31_historical,1999-04-12,comp,NA,600,NA,NA,NA,NA
32_historical,1999-04-12,comp,NA,600,NA,NA,NA,NA
34_historical,1999-04-13,comp,NA,600,NA,NA,NA,NA
35_historical,1999-04-13,comp,NA,600,NA,NA,NA,NA
36_historical,1999-04-14,comp,NA,4019,NA,NA,NA,NA
37_historical,1999-04-14,comp,NA,4019,NA,NA,NA,NA
40_historical,1999-04-27,comp,NA,621,NA,NA,51,NA
41_historical,1999-04-27,comp,NA,621,NA,NA,52,NA
42_historical,1999-04-27,comp,NA,621,NA,NA,52,NA
43_historical,1999-04-27,comp,NA,621,NA,NA,53,NA
44_historical,1999-04-27,comp,NA,621,NA,NA,53,NA
47_historical,1999-04-29,comp,NA,621,NA,NA,52.5,NA
49_historical,1999-04-29,comp,NA,621,NA,NA,55.5,NA
51_historical,1999-04-30,comp,NA,614,NA,NA,53,NA
52_historical,1999-04-30,comp,NA,614,NA,NA,55,NA
53_historical,1999-04-30,comp,NA,614,NA,NA,NA,NA
56_historical,1999-05-03,comp,NA,5025,NA,NA,56.5,NA
58_historical,1999-05-04,comp,NA,4293,NA,NA,57,NA
60_historical,1999-05-04,comp,NA,4293,NA,NA,56,NA
61_historical,1999-05-04,comp,NA,4293,NA,NA,56,NA
62_historical,1999-05-05,comp,NA,620,NA,NA,50.5,NA
63_historical,1999-05-05,comp,NA,620,NA,NA,52,NA
64_historical,1999-05-05,comp,NA,620,NA,NA,52,NA
65_historical,1999-05-13,unit,NA,620,sunny,NA,52,NA
67_historical,1999-05-17,comp,NA,615,sunny,NA,55,NA
69_historical,1999-05-17,comp,NA,615,sunny,NA,54.5,NA
70_historical,1999-05-18,unit,NA,620,sunny,NA,NA,NA
71_historical,1999-05-18,unit,NA,620,sunny,NA,NA,NA
72_historical,1999-05-18,unit,NA,620,sunny,NA,NA,NA
73_historical,1999-05-19,unit,NA,622,sunny,NA,57,NA
74_historical,1999-05-19,unit,NA,622,sunny,NA,63,3.5
76_historical,1999-05-20,unit,NA,627,sunny,NA,56,NA
77_historical,1999-06-22,unit,NA,661,sunny,NA,57,NA
78_historical,1999-07-21,unit,NA,627,sunny,NA,59,NA
79_historical,1999-07-21,unit,NA,627,sunny,NA,59,NA
80_historical,1999-07-21,unit,NA,627,sunny,NA,61,NA
82_historical,1999-07-22,unit,NA,624,sunny,NA,60,NA
84_historical,1999-06-24,unit,NA,663,sunny,NA,57.5,2
85_historical,1999-06-24,unit,NA,663,sunny,NA,56,2
86_historical,1999-07-26,unit,NA,623,sunny,NA,61,NA
89_historical,1999-07-28,unit,NA,9564,sunny,NA,63,NA
91_historical,1999-07-28,comp,NA,9564,sunny,NA,63,2.40000009536743
92_historical,1999-07-28,unit,NA,9564,sunny,NA,62.5,NA
93_historical,1999-07-29,unit,NA,9315,sunny,NA,63,3.09999990463257
94_historical,1999-07-29,unit,NA,9315,sunny,NA,64,3.09999990463257
95_historical,1999-08-23,unit,NA,600,sunny,NA,55,NA
97_historical,1999-08-26,unit,NA,4500,overcast,NA,63,NA
98_historical,1999-08-30,unit,NA,5500,sunny,NA,65,2.90000009536743
99_historical,1999-08-26,unit,NA,4500,overcast,NA,64,NA
100_historical,1999-08-26,unit,NA,4500,overcast,NA,64,NA
102_historical,1999-08-25,unit,NA,NA,overcast,NA,61,NA
103_historical,1999-08-25,unit,NA,NA,overcast,NA,58,NA
104_historical,1999-08-25,unit,NA,NA,overcast,NA,58,NA
105_historical,1999-08-24,unit,NA,600,overcast,NA,56,NA
106_historical,1999-08-24,unit,NA,600,overcast,NA,58,NA
107_historical,1999-08-24,unit,NA,600,overcast,NA,59,NA
110_historical,1999-10-06,unit,NA,600,overcast,NA,60,NA
111_historical,1999-10-06,unit,NA,600,sunny,NA,58,NA
112_historical,1999-10-06,unit,NA,600,overcast,NA,56.5,NA
113_historical,1999-10-06,unit,NA,600,sunny,NA,61,NA
114_historical,1999-10-27,comp,NA,2450,precipitation,NA,56,NA
116_historical,1999-10-27,comp,NA,2450,overcast,NA,54,4.80000019073486
117_historical,1999-10-27,comp,NA,2450,precipitation,NA,NA,NA
119_historical,1999-10-27,comp,NA,2450,precipitation,NA,NA,NA
120_historical,1999-10-26,comp,NA,600,overcast,NA,55,NA
121_historical,1999-10-26,comp,NA,600,overcast,NA,58.5,NA
122_historical,1999-10-26,comp,NA,600,sunny,NA,58,NA
123_historical,1999-10-26,comp,NA,600,overcast,NA,NA,NA
124_historical,1999-09-27,unit,NA,3500,sunny,NA,NA,1
125_historical,1999-09-27,unit,NA,3500,sunny,NA,NA,1
128_historical,1999-10-07,comp,NA,600,sunny,NA,53.5,NA
129_historical,1999-10-07,comp,NA,600,sunny,NA,53.5,NA
130_historical,1999-10-07,comp,NA,3900,sunny,NA,58.5,NA
131_historical,1999-10-25,comp,NA,600,sunny,NA,NA,NA
133_historical,1999-10-25,comp,NA,600,sunny,NA,NA,NA
134_historical,1999-10-25,comp,NA,600,sunny,NA,NA,NA
247_historical,2000-06-05,comp,NA,600,sunny,NA,56,NA
248_historical,2000-06-05,comp,NA,600,sunny,NA,57,NA
249_historical,2000-06-05,comp,NA,600,sunny,NA,58,NA
251_historical,2000-06-06,comp,NA,600,sunny,NA,60.5,2.5
252_historical,2000-06-07,comp,NA,600,sunny,NA,63,NA
254_historical,2000-06-08,comp,NA,600,overcast,NA,60,NA
255_historical,2000-06-08,comp,NA,600,overcast,NA,60,NA
256_historical,2000-06-12,comp,NA,4000,sunny,NA,65,1
257_historical,2000-06-13,comp,NA,4000,sunny,NA,68,NA
258_historical,2000-06-14,comp,NA,4000,sunny,NA,55.5,NA
259_historical,2000-06-19,comp,NA,NA,sunny,NA,57,NA
260_historical,1999-12-16,unit,NA,600,sunny,NA,NA,NA
261_historical,1999-12-16,unit,NA,600,sunny,NA,NA,NA
262_historical,1999-12-16,unit,NA,600,sunny,NA,NA,NA
263_historical,2000-01-06,unit,NA,NA,overcast,NA,50,NA
264_historical,2000-01-19,unit,NA,600,overcast,NA,NA,1.5
265_historical,2000-01-19,unit,NA,600,overcast,NA,NA,1.5
268_historical,2000-02-29,unit,NA,NA,precipitation,NA,NA,NA
269_historical,2000-03-02,unit,NA,NA,precipitation,NA,46.5,NA
270_historical,2000-03-02,unit,NA,NA,overcast,NA,47.5,NA
271_historical,2000-03-21,unit,NA,NA,sunny,NA,48.5,NA
272_historical,2000-03-21,unit,NA,NA,sunny,NA,NA,NA
274_historical,2000-03-22,unit,NA,600,sunny,NA,49.5,NA
276_historical,2000-03-22,unit,NA,600,sunny,NA,51,NA
277_historical,2000-03-22,unit,NA,600,sunny,NA,52.5,NA
282_historical,2000-04-04,unit,NA,600,sunny,NA,NA,NA
283_historical,2000-04-04,unit,NA,600,sunny,NA,NA,NA
284_historical,2000-04-04,unit,NA,600,sunny,NA,NA,NA
285_historical,2000-04-04,unit,NA,600,sunny,NA,NA,NA
287_historical,2000-04-06,unit,NA,2500,sunny,NA,58,NA
288_historical,2000-04-06,unit,NA,2500,sunny,NA,58,NA
289_historical,2000-04-06,unit,NA,NA,sunny,NA,58,NA
290_historical,2000-04-06,unit,NA,NA,sunny,NA,58,NA
291_historical,2000-04-06,unit,NA,NA,sunny,NA,58,NA
293_historical,2000-04-06,unit,NA,2500,sunny,NA,60,NA
294_historical,2000-04-26,unit,NA,600,sunny,NA,53.5,NA
296_historical,2000-04-26,unit,NA,600,sunny,NA,NA,NA
297_historical,2000-04-27,unit,NA,NA,overcast,NA,55,NA
298_historical,2000-04-27,unit,NA,NA,overcast,NA,54,NA
299_historical,2000-05-02,unit,NA,NA,sunny,NA,57,NA
300_historical,2000-05-02,unit,NA,NA,sunny,NA,54.5,NA
303_historical,2000-05-03,unit,NA,600,sunny,NA,56.5,NA
304_historical,2000-05-03,unit,NA,600,sunny,NA,58.5,NA
305_historical,2000-05-04,unit,NA,600,sunny,NA,59,NA
306_historical,2000-05-04,unit,NA,600,sunny,NA,59,NA
307_historical,2000-05-04,unit,NA,600,sunny,NA,60.5,NA
308_historical,2000-05-04,unit,NA,600,overcast,NA,60.5,NA
309_historical,2000-05-15,unit,NA,2500,precipitation,NA,59,NA
311_historical,2000-05-15,unit,NA,2500,precipitation,NA,59,NA
312_historical,2000-05-16,unit,NA,2500,overcast,NA,58,NA
314_historical,2000-05-16,unit,NA,2500,overcast,NA,57.5,NA
315_historical,2000-05-17,comp,NA,600,sunny,NA,54,NA
316_historical,2000-05-24,unit,NA,600,sunny,NA,NA,NA
317_historical,2000-05-24,unit,NA,600,sunny,NA,NA,NA
318_historical,2000-05-24,unit,NA,600,sunny,NA,NA,NA
320_historical,2000-05-25,unit,NA,600,sunny,NA,61.5,NA
321_historical,2000-05-25,unit,NA,600,sunny,NA,61.5,NA
323_historical,2000-06-08,comp,NA,600,precipitation,NA,61,NA
324_historical,2000-06-12,comp,NA,4000,sunny,NA,66,NA
326_historical,2000-06-15,comp,NA,NA,sunny,NA,71,NA
327_historical,2000-06-20,comp,NA,4000,sunny,NA,68,NA
328_historical,2000-06-20,comp,NA,4000,sunny,NA,71,NA
329_historical,2000-06-21,comp,NA,NA,sunny,NA,70,NA
330_historical,2000-06-22,comp,NA,4000,sunny,NA,67,NA
332_historical,2000-06-22,comp,NA,4000,sunny,NA,69,NA
333_historical,2000-07-17,unit,NA,NA,sunny,NA,66,NA
335_historical,2000-07-17,unit,NA,NA,sunny,NA,64.5,NA
336_historical,2000-07-17,unit,NA,NA,NA,NA,64,NA
338_historical,2000-07-18,unit,NA,600,sunny,NA,NA,NA
339_historical,2000-07-18,unit,NA,600,sunny,NA,NA,NA
340_historical,2000-07-18,unit,NA,600,sunny,NA,67,NA
341_historical,2000-07-19,unit,NA,7000,sunny,NA,65.5,NA
344_historical,2000-08-14,unit,NA,NA,sunny,NA,64,NA
345_historical,2000-08-14,unit,NA,NA,sunny,NA,62.5,NA
346_historical,2000-08-14,unit,NA,600,sunny,NA,NA,NA
347_historical,2000-08-15,unit,NA,600,sunny,NA,NA,NA
348_historical,2000-08-15,unit,NA,600,sunny,NA,NA,NA
349_historical,2000-08-15,unit,NA,600,sunny,NA,64,NA
351_historical,2000-08-15,unit,NA,6000,sunny,NA,NA,NA
352_historical,2000-08-16,unit,NA,600,sunny,NA,64,NA
353_historical,2000-08-16,unit,NA,600,sunny,NA,66,1.20000004768372
355_historical,2000-08-16,unit,NA,600,sunny,NA,65,1.10000002384186
357_historical,2000-08-17,unit,NA,NA,overcast,NA,NA,NA
358_historical,2000-08-17,unit,NA,NA,overcast,NA,66.5,NA
360_historical,2000-08-21,unit,NA,NA,sunny,NA,65,NA
361_historical,2000-08-21,unit,NA,NA,sunny,NA,65,NA
362_historical,2000-08-21,unit,NA,NA,sunny,NA,66.5,NA
363_historical,2000-08-21,unit,NA,NA,sunny,NA,65,NA
364_historical,2000-09-11,unit,NA,600,sunny,NA,NA,NA
367_historical,2000-09-11,unit,NA,600,sunny,NA,NA,NA
368_historical,2000-09-11,unit,NA,600,sunny,NA,NA,NA
369_historical,2000-09-11,unit,NA,600,sunny,NA,NA,NA
370_historical,2000-09-11,unit,NA,600,sunny,NA,NA,NA
371_historical,2000-09-11,unit,NA,600,sunny,NA,NA,NA
372_historical,2001-03-06,unit,NA,NA,sunny,NA,44,NA
373_historical,2001-03-06,unit,NA,NA,sunny,NA,44,NA
374_historical,2001-03-07,unit,NA,600,sunny,NA,51,1
375_historical,2001-03-07,unit,NA,600,sunny,NA,51,NA
377_historical,2001-03-07,unit,NA,600,sunny,NA,48.5,1.5
379_historical,2001-03-08,unit,NA,1700,overcast,NA,NA,NA
380_historical,2001-03-08,unit,NA,NA,overcast,NA,54,NA
381_historical,2001-03-08,unit,NA,600,overcast,NA,50,NA
382_historical,2001-04-02,unit,NA,NA,sunny,NA,NA,NA
385_historical,2001-04-03,unit,NA,600,sunny,NA,NA,NA
386_historical,2001-04-03,unit,NA,600,sunny,NA,NA,NA
387_historical,2001-04-04,unit,NA,600,sunny,NA,NA,NA
388_historical,2001-04-04,unit,NA,600,sunny,NA,NA,NA
389_historical,2001-04-04,unit,NA,600,sunny,NA,NA,NA
390_historical,2001-07-03,unit,NA,600,sunny,NA,NA,NA
391_historical,2001-07-03,unit,NA,600,sunny,NA,NA,NA
393_historical,2001-04-05,unit,NA,1550,sunny,NA,NA,NA
394_historical,2001-04-05,unit,NA,1550,sunny,NA,NA,NA
396_historical,2001-05-02,comp,NA,600,sunny,NA,52,NA
397_historical,2001-07-09,unit,NA,1900,sunny,NA,NA,NA
398_historical,2001-07-09,unit,NA,NA,sunny,NA,NA,NA
399_historical,2001-07-09,unit,NA,NA,sunny,NA,NA,NA
402_historical,2001-07-02,unit,NA,600,sunny,NA,NA,NA
403_historical,2001-06-06,unit,NA,NA,sunny,NA,NA,NA
404_historical,2001-06-06,unit,NA,600,sunny,NA,NA,NA
405_historical,2001-06-06,unit,NA,600,sunny,NA,NA,NA
407_historical,2001-06-05,unit,NA,600,sunny,NA,NA,NA
408_historical,2001-06-05,unit,NA,600,sunny,NA,NA,NA
409_historical,2001-06-05,unit,NA,600,sunny,NA,NA,NA
410_historical,2001-05-30,unit,NA,NA,sunny,NA,NA,NA
411_historical,2001-07-10,comp,NA,NA,sunny,NA,59,NA
414_historical,2001-05-09,comp,NA,1300,sunny,NA,62,NA
415_historical,2001-07-10,comp,NA,600,sunny,NA,60,NA
416_historical,2001-07-10,unit,NA,600,sunny,NA,57,NA
417_historical,2001-05-08,comp,NA,NA,sunny,NA,65,NA
418_historical,2001-05-07,comp,NA,1350,sunny,NA,63.5,1
419_historical,2001-05-02,comp,NA,600,sunny,NA,52.5,NA
420_historical,2001-05-03,comp,NA,600,sunny,NA,53,NA
421_historical,2001-05-09,comp,NA,1300,sunny,NA,63,NA
424_historical,2001-05-30,unit,NA,NA,sunny,NA,55,NA
426_historical,2001-06-05,comp,NA,600,sunny,NA,NA,NA
427_historical,2001-07-30,unit,NA,600,sunny,NA,NA,NA
428_historical,2001-07-31,unit,NA,1900,sunny,NA,69,NA
429_historical,2001-07-31,unit,NA,1900,sunny,NA,69,NA
430_historical,2001-07-31,unit,NA,1900,sunny,NA,67,NA
433_historical,2001-07-26,unit,NA,600,sunny,NA,60,NA
434_historical,2001-07-26,unit,NA,600,sunny,NA,60,NA
436_historical,2001-07-27,unit,NA,600,sunny,NA,NA,NA
437_historical,2001-08-13,unit,NA,5,sunny,NA,60,NA
438_historical,2001-08-13,unit,NA,700,sunny,NA,NA,NA
440_historical,2001-09-11,unit,NA,NA,overcast,NA,NA,NA
441_historical,2001-09-11,unit,NA,NA,overcast,NA,NA,NA
442_historical,2001-09-11,unit,NA,NA,overcast,NA,NA,NA
443_historical,2001-09-10,unit,NA,NA,overcast,NA,NA,NA
444_historical,2001-09-10,unit,NA,NA,sunny,NA,NA,NA
447_historical,2001-09-10,unit,NA,NA,sunny,NA,NA,NA
448_historical,2001-08-16,unit,NA,NA,sunny,NA,NA,NA
449_historical,2001-08-16,unit,NA,NA,sunny,NA,NA,NA
450_historical,2001-08-16,unit,NA,NA,sunny,NA,NA,NA
451_historical,2001-08-15,unit,NA,NA,sunny,NA,NA,NA
452_historical,2001-08-15,unit,NA,NA,sunny,NA,NA,NA
454_historical,2001-08-15,unit,NA,NA,sunny,NA,NA,NA
456_historical,2001-08-14,unit,NA,600,sunny,NA,NA,NA
457_historical,2001-08-14,unit,NA,700,sunny,NA,62,NA
458_historical,2001-08-14,unit,NA,600,sunny,NA,NA,NA
459_historical,2001-08-14,unit,NA,600,sunny,NA,NA,NA
460_historical,2001-08-15,unit,NA,NA,sunny,NA,NA,NA
462_historical,2001-08-15,unit,NA,600,sunny,NA,NA,NA
2_historical,1999-06-30,unit,NA,7788,sunny,NA,65,NA
9_historical,1999-06-29,unit,NA,600,sunny,NA,64.5,3.5
16_historical,1999-06-04,unit,NA,1876,overcast,NA,65,1.70000004768372
20_historical,1999-05-26,comp,NA,1884,sunny,NA,66.5,NA
27_historical,1999-05-20,comp,NA,627,overcast,NA,57,NA
33_historical,1999-04-12,comp,NA,600,NA,NA,NA,NA
38_historical,1999-04-14,comp,NA,4019,NA,NA,NA,NA
46_historical,1999-04-29,comp,NA,621,NA,NA,49.5,NA
55_historical,1999-05-03,comp,NA,5025,NA,NA,55,1.29999995231628
59_historical,1999-05-04,comp,NA,4293,NA,NA,56,NA
66_historical,1999-05-13,comp,NA,620,sunny,NA,52,NA
75_historical,1999-05-19,unit,NA,622,sunny,NA,53.5,NA
81_historical,1999-07-22,unit,NA,624,sunny,NA,60.5,NA
87_historical,1999-07-26,unit,NA,623,sunny,NA,61,NA
90_historical,1999-07-28,unit,NA,9564,sunny,NA,65,NA
109_historical,1999-08-23,unit,NA,600,sunny,NA,NA,NA
115_historical,1999-10-27,comp,NA,2450,overcast,NA,54,NA
118_historical,1999-10-27,comp,NA,2450,precipitation,NA,NA,NA
126_historical,1999-09-28,comp,NA,600,sunny,NA,NA,NA
132_historical,1999-10-25,comp,NA,600,sunny,NA,NA,NA
135_historical,1999-10-25,comp,NA,600,sunny,NA,NA,NA
253_historical,2000-06-07,comp,NA,600,sunny,NA,57,NA
273_historical,2000-03-21,unit,NA,NA,sunny,NA,NA,NA
275_historical,2000-03-22,unit,NA,600,overcast,NA,50,NA
286_historical,2000-04-06,unit,NA,2500,sunny,NA,58,NA
295_historical,2000-04-26,unit,NA,600,sunny,NA,55,NA
301_historical,2000-05-03,unit,NA,600,sunny,NA,55,NA
313_historical,2000-05-16,unit,NA,2500,overcast,NA,57.5,NA
310_historical,2000-05-15,unit,NA,2500,precipitation,NA,59,NA
319_historical,2000-05-25,unit,NA,600,sunny,NA,62,NA
331_historical,2000-06-22,comp,NA,4000,sunny,NA,68,NA
337_historical,2000-07-18,unit,NA,600,sunny,NA,62,NA
342_historical,2000-07-19,unit,NA,7000,sunny,NA,66,NA
350_historical,2000-08-15,unit,NA,600,sunny,NA,66,NA
354_historical,2000-08-16,unit,NA,600,sunny,NA,67,NA
359_historical,2000-08-21,unit,NA,NA,sunny,NA,65,NA
365_historical,2000-09-11,unit,NA,600,sunny,NA,NA,NA
378_historical,2001-03-08,unit,NA,1700,overcast,NA,52,NA
383_historical,2001-04-02,unit,NA,NA,sunny,NA,NA,NA
395_historical,2001-05-01,comp,NA,600,sunny,NA,NA,NA
400_historical,2001-07-02,unit,NA,600,sunny,NA,NA,2
401_historical,2001-07-02,unit,NA,NA,sunny,NA,NA,2
406_historical,2001-06-06,unit,NA,NA,sunny,NA,NA,NA
412_historical,2001-05-01,comp,NA,600,overcast,NA,50,NA
422_historical,2001-05-09,comp,NA,1300,sunny,NA,61.5,0.5
431_historical,2001-07-27,unit,NA,600,sunny,NA,NA,NA
439_historical,2001-09-11,unit,NA,NA,overcast,NA,NA,NA
446_historical,2001-09-10,unit,NA,NA,sunny,NA,NA,NA
455_historical,2001-08-14,unit,NA,700,sunny,NA,61.5,NA
461_historical,2001-08-15,unit,NA,NA,sunny,NA,NA,NA
8_historical,1999-06-29,unit,NA,620,sunny,NA,64.5,3.5
24_historical,1999-05-24,comp,NA,626,sunny,NA,60,NA
48_historical,1999-04-29,comp,NA,621,NA,NA,52.5,NA
57_historical,1999-05-03,comp,NA,5025,NA,NA,56,NA
68_historical,1999-05-17,comp,NA,615,overcast,NA,55.5,NA
83_historical,1999-07-27,unit,NA,624,sunny,NA,64,4.90000009536743
88_historical,1999-07-26,unit,NA,623,sunny,NA,61,NA
96_historical,1999-08-23,unit,NA,600,sunny,NA,55,NA
101_historical,1999-08-25,unit,NA,NA,sunny,NA,63,2.90000009536743
108_historical,1999-08-24,unit,NA,600,overcast,NA,59,NA
127_historical,1999-09-28,comp,NA,600,sunny,NA,NA,NA
250_historical,2000-06-06,comp,NA,600,sunny,NA,61,NA
266_historical,2000-02-29,unit,NA,600,precipitation,NA,NA,1.5
267_historical,2000-02-29,unit,NA,600,precipitation,NA,NA,NA
278_historical,2000-03-23,unit,NA,600,sunny,NA,49,NA
292_historical,2000-04-06,unit,NA,NA,sunny,NA,58,NA
302_historical,2000-05-03,unit,NA,600,sunny,NA,56,NA
322_historical,2000-05-25,unit,NA,600,sunny,NA,61.5,NA
325_historical,2000-06-15,comp,NA,NA,sunny,NA,69,NA
334_historical,2000-07-17,unit,NA,NA,sunny,NA,63,NA
343_historical,2000-07-19,unit,NA,7000,sunny,NA,66.5,NA
356_historical,2000-08-16,unit,NA,600,sunny,NA,NA,1.10000002384186
366_historical,2000-09-11,unit,NA,600,sunny,NA,NA,NA
376_historical,2001-03-07,unit,NA,600,sunny,NA,NA,NA
384_historical,2001-04-03,unit,NA,600,sunny,NA,NA,NA
392_historical,2001-04-05,unit,NA,1550,sunny,NA,NA,NA
413_historical,2001-05-09,comp,NA,1300,sunny,NA,64.5,NA
423_historical,2001-05-10,comp,NA,NA,sunny,NA,55,NA
435_historical,2001-07-27,unit,NA,600,sunny,NA,NA,NA
445_historical,2001-09-10,unit,NA,NA,sunny,NA,NA,NA
453_historical,2001-08-15,unit,NA,NA,sunny,NA,NA,NA
468_historical,2003-04-23,unit,NA,600,overcast,NA,55.4,2
469_historical,2003-04-23,unit,NA,600,overcast,NA,NA,2
471_historical,2003-04-28,unit,NA,600,precipitation,NA,54,0.5
473_historical,2003-04-30,unit,NA,NA,sunny,NA,59,0.7
474_historical,2003-04-30,unit,NA,NA,sunny,NA,58,0.7
475_historical,2003-04-30,unit,NA,NA,sunny,NA,58,0.7
476_historical,2003-04-22,unit,NA,NA,sunny,NA,NA,NA
477_historical,2003-04-22,unit,NA,NA,overcast,NA,NA,NA
478_historical,2003-04-22,unit,NA,NA,overcast,NA,NA,NA
479_historical,2003-04-20,unit,NA,1,overcast,NA,NA,NA
480_historical,2003-04-22,unit,NA,600,overcast,NA,NA,2
481_historical,2003-04-22,unit,NA,600,overcast,NA,NA,2
482_historical,2003-04-22,unit,NA,600,overcast,NA,NA,2
483_historical,2003-04-22,unit,NA,600,overcast,NA,NA,2
484_historical,2003-04-22,unit,NA,600,overcast,NA,NA,2
485_historical,2003-04-21,unit,NA,NA,overcast,NA,53.4,1.5
486_historical,2003-04-21,unit,NA,NA,overcast,NA,53.6,1.5
487_historical,2003-04-21,unit,NA,NA,overcast,NA,53.6,1.5
488_historical,2003-04-21,unit,NA,NA,precipitation,NA,53.6,2
489_historical,2003-04-21,unit,NA,NA,precipitation,NA,53.6,2
490_historical,2002-08-12,unit,NA,5000,sunny,NA,62,NA
491_historical,2002-08-12,unit,NA,5000,sunny,NA,62,3
492_historical,2003-08-12,unit,NA,5000,sunny,NA,62,1
493_historical,2002-07-25,unit,NA,NA,sunny,NA,50,2
494_historical,2002-07-15,unit,NA,NA,sunny,NA,58,2
495_historical,2002-07-15,unit,NA,700,sunny,NA,NA,2
496_historical,2002-07-09,unit,NA,5500,sunny,NA,66,0.5
497_historical,2002-07-09,unit,NA,5500,sunny,NA,65,0.3
498_historical,2002-07-09,unit,NA,5500,sunny,NA,65,0.3
499_historical,2002-08-08,unit,NA,600,sunny,NA,60,4
500_historical,2002-08-08,unit,NA,600,sunny,NA,60,4
501_historical,2002-08-07,unit,NA,600,sunny,NA,64,9
502_historical,2002-08-06,unit,NA,600,sunny,NA,60.5,9
503_historical,2002-08-06,unit,NA,600,sunny,NA,63,NA
504_historical,2002-08-06,unit,NA,600,sunny,NA,62,9
505_historical,2003-08-05,unit,NA,600,sunny,NA,NA,3
506_historical,2002-08-05,unit,NA,600,sunny,NA,NA,3
507_historical,2002-07-15,unit,NA,NA,sunny,NA,57,NA
508_historical,2002-08-05,unit,NA,600,sunny,NA,NA,3
509_historical,2002-08-05,unit,NA,600,sunny,NA,NA,3
510_historical,2002-08-06,unit,NA,600,sunny,NA,62,NA
511_historical,2002-08-06,unit,NA,600,sunny,NA,60.5,NA
512_historical,2002-08-06,unit,NA,600,sunny,NA,63,NA
513_historical,2002-08-07,unit,NA,600,sunny,NA,64,NA
514_historical,2002-08-08,unit,NA,600,sunny,NA,60,4
515_historical,2002-07-15,unit,NA,NA,sunny,NA,57,NA
516_historical,2002-07-11,unit,NA,700,sunny,NA,67,3
517_historical,2002-07-15,unit,NA,600,sunny,NA,NA,NA
518_historical,2002-02-10,unit,NA,700,sunny,NA,62,3
519_historical,2002-07-10,unit,NA,700,sunny,NA,62,3
520_historical,2002-07-10,unit,NA,700,sunny,NA,64.5,3
521_historical,2002-06-17,unit,NA,4000,sunny,NA,NA,0.5
522_historical,2002-06-17,unit,NA,4000,sunny,NA,NA,1
523_historical,2002-06-17,unit,NA,4000,sunny,NA,NA,1
524_historical,2002-06-17,unit,NA,NA,NA,NA,NA,NA
525_historical,2002-06-15,unit,NA,NA,sunny,NA,NA,0.5
526_historical,2002-06-13,unit,NA,NA,NA,NA,NA,NA
527_historical,2002-06-13,unit,NA,NA,NA,NA,NA,NA
528_historical,2002-06-12,unit,NA,3500,sunny,NA,NA,0.5
529_historical,2002-06-11,unit,NA,NA,sunny,NA,58,NA
530_historical,2002-06-11,unit,NA,NA,sunny,NA,59,NA
531_historical,2002-06-11,unit,NA,NA,sunny,NA,61,NA
532_historical,2002-06-10,unit,NA,600,NA,NA,NA,NA
533_historical,2002-06-10,unit,NA,600,sunny,NA,NA,NA
534_historical,2002-06-06,unit,NA,600,sunny,NA,55,2
535_historical,2002-06-05,unit,NA,600,sunny,NA,NA,NA
536_historical,2002-06-05,unit,NA,600,sunny,NA,NA,NA
537_historical,2002-06-05,unit,NA,600,sunny,NA,NA,NA
538_historical,2002-06-05,unit,NA,600,sunny,NA,NA,NA
539_historical,2002-06-05,unit,NA,600,sunny,NA,NA,NA
540_historical,2002-06-05,unit,NA,600,sunny,NA,NA,NA
541_historical,2002-06-05,unit,NA,600,sunny,NA,NA,NA
542_historical,2002-06-04,unit,NA,600,sunny,NA,55,NA
543_historical,2001-03-07,unit,NA,600,precipitation,NA,NA,NA
544_historical,2001-03-07,unit,NA,600,precipitation,NA,NA,NA
545_historical,2001-03-07,unit,NA,600,precipitation,NA,NA,NA
2_current,2007-06-27,unit,NA,NA,NA,NA,NA,NA
4_current,2007-07-17,unit,NA,NA,NA,NA,NA,NA
5_current,2007-07-18,unit,NA,NA,NA,NA,NA,NA
6_current,2007-07-19,unit,NA,NA,NA,NA,NA,NA
7_current,2007-08-13,unit,NA,NA,NA,NA,NA,NA
8_current,2007-08-14,unit,NA,NA,NA,NA,NA,NA
9_current,2007-08-15,unit,NA,NA,NA,NA,NA,NA
10_current,2007-08-16,unit,NA,NA,NA,NA,NA,NA
13_current,2005-06-21,unit,NA,NA,NA,NA,NA,NA
14_current,2005-07-12,unit,NA,NA,NA,NA,NA,NA
16_current,2005-08-09,unit,NA,NA,NA,NA,NA,NA
18_current,2005-04-21,unit,NA,NA,NA,NA,NA,NA
19_current,2005-04-19,unit,NA,NA,NA,NA,NA,NA
20_current,2005-04-14,unit,NA,NA,NA,NA,NA,NA
22_current,2005-04-12,unit,NA,NA,NA,NA,NA,NA
24_current,2004-08-19,unit,NA,NA,NA,NA,NA,NA
25_current,2004-08-18,unit,NA,NA,NA,NA,NA,NA
26_current,2004-08-17,unit,NA,NA,NA,NA,NA,NA
27_current,2004-08-16,unit,NA,NA,NA,NA,NA,NA
29_current,2004-07-22,unit,NA,NA,NA,NA,NA,NA
31_current,2004-07-15,unit,NA,NA,NA,NA,NA,NA
32_current,2004-07-13,unit,NA,NA,NA,NA,NA,NA
35_current,2004-05-25,unit,NA,NA,NA,NA,NA,NA
36_current,2004-05-19,unit,NA,NA,NA,NA,NA,NA
37_current,2004-05-03,unit,NA,NA,NA,NA,NA,NA
38_current,2004-04-29,unit,NA,NA,NA,NA,NA,NA
40_current,2004-04-26,unit,NA,NA,NA,NA,NA,NA
45_current,2010-08-10,unit,NA,620,sunny,0,62.8,NA
46_current,2010-08-11,unit,NA,620,sunny,0,64.8,NA
48_current,2010-08-17,unit,NA,620,sunny,0,65.2,NA
49_current,2010-08-19,unit,NA,620,sunny,0,60,NA
52_current,2010-09-15,unit,NA,620,sunny,0,58,NA
53_current,2010-09-16,unit,NA,620,clear,0,58,NA
55_current,2011-04-19,unit,NA,620,cloudy,0,0,NA
56_current,2011-04-20,unit,NA,620,cloudy,0.78,0,NA
11_current,2005-05-25,unit,NA,NA,NA,NA,NA,NA
21_current,2005-04-13,unit,NA,NA,NA,NA,NA,NA
30_current,2004-07-20,unit,NA,NA,NA,NA,NA,NA
58_current,2011-04-25,unit,NA,620,cloudy,0.92,11,NA
59_current,2011-05-02,unit,NA,620,sunny,2.85,12,NA
61_current,2011-05-04,unit,NA,620,clear,0.42,13,NA
62_current,2011-05-09,unit,NA,620,clear,0,12,NA
63_current,2011-05-10,unit,NA,620,clear,0.03,12,NA
65_current,2011-06-28,unit,NA,620,precipitation,0.48,58,NA
66_current,2011-06-29,unit,NA,620,cloudy,0.04,59,NA
68_current,2011-07-18,unit,NA,600,clear,0.49,15,NA
69_current,2011-07-19,unit,NA,620,clear,0.65,14.5,NA
70_current,2011-07-20,unit,NA,600,clear,0,16,NA
72_current,2011-08-15,unit,NA,620,clear,1.05,61,NA
73_current,2011-08-16,unit,NA,620,sunny,0.55,18,NA
74_current,2011-08-17,unit,NA,620,sunny,0.97,18,NA
77_current,2011-08-23,unit,NA,1350,sunny,4.18,21,NA
78_current,2012-05-02,unit,NA,620,sunny,1.1,13,NA
80_current,2012-05-03,unit,NA,600,cloudy,0.67,53.6,NA
81_current,2012-05-07,unit,NA,620,sunny,1.16,60,NA
82_current,2012-05-08,unit,NA,600,cloudy,1.1,60.8,NA
83_current,2012-05-10,unit,NA,620,windy,0,56.3,NA
84_current,2012-05-14,unit,NA,2000,clear,2.55,62.6,NA
86_current,2012-06-13,unit,NA,620,sunny,0,55.4,NA
87_current,2012-06-19,unit,NA,5000,sunny,1.6,57.2,NA
88_current,2012-06-21,unit,NA,5000,clear,2.18,59.9,NA
89_current,2012-07-03,unit,NA,7000,sunny,3.19,19,NA
91_current,2012-07-11,unit,NA,1000,sunny,0.93,15,NA
92_current,2012-07-11,unit,NA,1000,sunny,0.93,15,NA
93_current,2012-07-12,unit,NA,1000,sunny,1.26,14.5,NA
313_current,2018-02-14,unit,permanent,1000,clear,0,48.2,NA
316_current,2018-02-15,unit,permanent,1750,clear and windy,0,49.1,NA
317_current,2018-03-19,unit,permanent,800,clear,0.8,47.6,NA
320_current,2018-03-20,unit,permanent,1050,precipitation,0,50.9,NA
322_current,2018-03-28,unit,random,800,clear,0.3,48.2,NA
323_current,2018-03-28,unit,permanent,800,clear,0,66.2,NA
324_current,2018-03-29,unit,permanent,NA,clear,0.75,56.3,NA
327_current,2018-04-10,unit,permanent,3250,cloudy,0,50,NA
328_current,2018-04-12,unit,permanent,2500,clear,1,48.2,NA
329_current,2018-04-12,unit,permanent,5000,clear,1,51.8,NA
330_current,2018-04-16,unit,permanent,5000,NA,0,50,NA
333_current,2018-04-17,unit,permanent,1300,clear,0,49.46,NA
334_current,2018-04-17,unit,permanent,1300,clear,0,50.9,NA
332_current,2018-04-16,unit,permanent,5000,cloudy,0,0,NA
335_current,2018-04-17,unit,permanent,0,clear,0,53.6,NA
336_current,2018-04-18,unit,permanent,0,cloudy,0,0,NA
337_current,2018-04-18,unit,permanent,0,cloudy,0,0,NA
338_current,2018-04-18,unit,permanent,0,cloudy,0,0,NA
339_current,2018-05-07,unit,permanent,0,clear,1.5,64.4,NA
340_current,2018-05-07,unit,permanent,0,clear,2,66.2,NA
341_current,2018-05-07,unit,permanent,0,clear,2,61.1,NA
342_current,2018-05-07,unit,permanent,0,clear,2,62.6,NA
343_current,2018-05-08,unit,permanent,750,clear,0,54.9,NA
344_current,2018-05-08,unit,permanent,750,clear,0,55.4,NA
345_current,2018-05-08,unit,permanent,750,clear,0,55.4,NA
346_current,2018-05-08,unit,permanent,750,clear,0,55.4,NA
347_current,2018-05-09,unit,permanent,1050,clear,2,59,NA
348_current,2018-05-09,unit,permanent,1050,clear,2,60.8,NA
349_current,2018-05-09,unit,permanent,1050,clear,2,60.8,NA
350_current,2018-05-10,unit,permanent,0,clear,NA,54.5,NA
352_current,2018-05-10,unit,permanent,800,cloudy,0,0,NA
354_current,2018-05-14,unit,permanent,800,clear,0,0,NA
355_current,2018-05-15,unit,permanent,800,clear,1,53.6,NA
356_current,2018-05-15,unit,random,800,clear,1,55.4,NA
357_current,2018-05-16,unit,permanent,1050,NA,2,59,NA
358_current,2018-06-12,unit,permanent,0,clear,0,68,NA
331_current,2018-04-16,unit,permanent,5000,cloudy,0,68,NA
359_current,2018-06-12,unit,permanent,0,clear,0,71.6,NA
360_current,2018-06-12,unit,permanent,0,clear,0,69.8,NA
361_current,2018-06-12,unit,permanent,0,clear,0,68.9,NA
362_current,2018-06-12,unit,permanent,1650,clear,0,70.7,NA
363_current,2018-06-13,unit,permanent,1650,clear,1,68.9,NA
364_current,2018-06-13,unit,permanent,1650,clear,0,68,NA
365_current,2018-06-13,unit,permanent,1650,clear,0,68,NA
369_current,2018-06-14,unit,permanent,1400,clear,1,60.8,NA
371_current,2018-06-18,unit,permanent,1450,clear,0,60.8,NA
372_current,2018-06-18,unit,permanent,1450,clear,0,60.8,NA
373_current,2018-06-18,unit,permanent,1450,clear,0,61.7,NA
374_current,2018-06-18,unit,permanent,1450,clear,0,61.5,NA
375_current,2018-06-18,unit,random,1400,clear,2,61.5,NA
376_current,2018-06-19,unit,permanent,1450,clear,0,62.6,NA
377_current,2018-06-19,unit,permanent,1450,clear,1.5,64.4,NA
378_current,2018-07-17,unit,permanent,4500,clear,0,68,NA
379_current,2018-07-17,unit,permanent,4500,clear,0,68,NA
380_current,2018-07-17,unit,permanent,4500,clear,0,68,NA
381_current,2018-07-17,unit,permanent,4500,NA,1.2,68.9,NA
382_current,2018-07-18,unit,permanent,4500,NA,1.2,68,NA
383_current,2018-07-18,unit,permanent,4500,NA,1.2,68,NA
302_current,2018-02-12,unit,permanent,1000,clear,1.5,47.48,NA
303_current,2018-02-12,unit,random,1000,clear,1.5,47.3,NA
304_current,2018-02-13,unit,permanent,1000,clear,0,47.48,NA
305_current,2018-02-13,unit,permanent,1000,clear,0,48.2,NA
311_current,2018-02-13,unit,permanent,1000,clear,0,48.56,NA
15_current,2005-07-13,unit,NA,NA,NA,NA,NA,NA
33_current,2004-05-27,unit,NA,NA,NA,NA,NA,NA
51_current,2010-09-14,unit,NA,620,clear,0,64,NA
64_current,2011-05-11,unit,NA,620,cloudy,0,13,NA
75_current,2011-08-18,unit,NA,820,sunny,2.52,17,NA
97_current,2012-08-09,unit,NA,1120,clear,0.88,14.5,NA
105_current,2013-08-12,unit,NA,5500,sunny,0,0,NA
159_current,2015-08-24,unit,permanent,1500,clear,0,66.2,NA
195_current,2016-04-26,unit,permanent,1050,sunny,0,55.4,NA
213_current,2016-05-19,unit,permanent,4500,clear,0,60.8,NA
236_current,2016-07-26,unit,permanent,4000,clear,0,59,NA
245_current,2016-08-22,unit,permanent,1600,clear,0,59.9,NA
266_current,2017-07-18,unit,permanent,0,clear,0,64.4,NA
288_current,2017-08-08,unit,permanent,0,clear,0,60.8,NA
384_current,2018-07-18,unit,permanent,4500,NA,1.4,68.9,NA
386_current,2018-07-19,unit,permanent,1400,clear,0,62.6,NA
387_current,2018-07-19,unit,permanent,1400,clear,0,62.6,NA
388_current,2018-07-19,unit,permanent,1400,NA,3,0,NA
94_current,2012-07-16,unit,NA,1000,sunny,1.4,0,NA
95_current,2012-07-17,unit,NA,1000,cloudy,1.53,16,NA
96_current,2012-08-07,unit,NA,1120,sunny,2.15,16.2,NA
98_current,2012-08-13,unit,NA,1120,sunny,1.75,16,NA
100_current,2012-08-15,unit,NA,5500,clear,1.87,18,NA
101_current,2013-07-16,unit,NA,2500,sunny,0,60,NA
102_current,2013-07-16,unit,NA,2500,sunny,0,60,NA
104_current,2013-07-23,unit,NA,5500,NA,0,64,NA
107_current,2013-08-13,unit,NA,2500,NA,0,0,NA
109_current,2015-07-27,unit,permanent,1898,clear,0,60.3,NA
149_current,2015-08-19,unit,permanent,1100,clear,0,61.2,NA
151_current,2015-08-19,unit,permanent,1100,clear,0,62.6,NA
153_current,2015-08-20,unit,permanent,1500,NA,0,65.3,NA
154_current,2015-08-20,unit,permanent,1500,NA,0,66.2,NA
155_current,2015-08-20,unit,permanent,1500,NA,0,67.1,NA
156_current,2015-08-24,unit,permanent,1500,clear,0,64.4,NA
157_current,2015-08-24,unit,permanent,1500,clear,0,65.3,NA
161_current,2015-09-08,unit,permanent,830,clear,0,58.1,NA
162_current,2015-09-08,unit,permanent,835,clear,0,56.3,NA
163_current,2015-09-08,unit,permanent,830,clear,0,56.3,NA
164_current,2015-09-09,unit,random,800,clear,0,56.3,NA
165_current,2015-09-09,unit,permanent,800,clear,0,57.2,NA
166_current,2015-09-09,unit,permanent,800,clear,0,58.1,NA
167_current,2015-09-09,unit,permanent,800,clear,0,57.6,NA
168_current,2015-09-10,unit,permanent,800,clear,0,56.3,NA
170_current,2015-09-10,unit,permanent,800,clear,0,59.9,NA
171_current,2015-09-14,unit,permanent,800,cloudy,0,54.5,NA
172_current,2015-09-14,unit,permanent,1200,precipitation,0,59,NA
173_current,2015-09-14,unit,permanent,1200,cloudy,0,59.9,NA
174_current,2015-09-14,unit,permanent,1200,NA,0,60.4,NA
176_current,2015-09-15,unit,permanent,1200,cloudy,0,59.9,NA
71_current,2011-07-28,unit,NA,1950,clear,0,20,NA
178_current,2015-09-15,unit,permanent,1200,cloudy,0,59.9,NA
179_current,2015-09-15,unit,permanent,1200,NA,0,61,NA
180_current,2016-04-18,unit,permanent,0,clear,0,53.6,NA
181_current,2016-04-18,unit,permanent,0,clear,0,53.6,NA
182_current,2016-04-18,unit,permanent,0,clear,0,53.6,NA
184_current,2016-04-19,unit,permanent,0,clear,0,53.6,NA
185_current,2016-04-19,unit,permanent,0,clear,0,56.7,NA
186_current,2016-04-19,unit,permanent,0,clear,0,55.4,NA
187_current,2016-04-19,unit,permanent,0,clear,0,57.2,NA
188_current,2016-04-20,unit,permanent,800,sunny,0,55.4,NA
189_current,2016-04-20,unit,permanent,800,sunny,0,55.4,NA
190_current,2016-04-20,unit,permanent,800,clear,0,56.3,NA
192_current,2016-04-21,unit,permanent,0,clear,0,60.8,NA
193_current,2016-04-21,unit,permanent,1070,clear,0,59.9,NA
194_current,2016-04-21,unit,permanent,1070,clear,0,61.7,NA
196_current,2016-04-26,unit,permanent,0,clear,0,55.4,NA
198_current,2016-04-26,unit,permanent,1050,cloudy,0,56.3,NA
199_current,2016-05-16,unit,permanent,1700,clear,0,50.9,NA
200_current,2016-05-16,unit,permanent,1700,clear,0,50.9,NA
201_current,2016-05-16,unit,permanent,1700,clear,0,51.3,NA
76_current,2011-08-22,unit,NA,1350,NA,2.93,20,NA
203_current,2016-05-17,unit,permanent,1700,clear,0,50.9,NA
204_current,2016-05-17,unit,permanent,1700,clear,0,51.8,NA
205_current,2016-05-17,unit,permanent,1700,clear,0,52.7,NA
206_current,2016-05-17,unit,permanent,1700,clear,0,54.5,NA
207_current,2016-05-18,unit,permanent,1700,clear,0,51.8,NA
209_current,2016-05-18,unit,permanent,1700,clear,0,53.6,NA
210_current,2016-05-18,unit,permanent,4500,clear,0,62.6,NA
212_current,2016-05-19,unit,permanent,4500,clear,0,60.8,NA
214_current,2016-05-19,unit,permanent,4500,clear,0,60.8,NA
215_current,2016-05-19,unit,permanent,4500,clear,0,61.7,NA
216_current,2016-05-26,unit,permanent,3200,clear,0,59.9,NA
217_current,2016-05-26,unit,permanent,3250,clear,0,59.9,NA
218_current,2016-05-26,unit,permanent,3250,clear,0,58.5,NA
220_current,2016-06-22,unit,permanent,5500,clear,0,58.8,NA
221_current,2016-06-22,unit,permanent,5500,clear,0,59,NA
222_current,2016-06-22,unit,permanent,5500,clear,0,59.9,NA
223_current,2016-06-22,unit,permanent,5500,clear,0,59.9,NA
224_current,2016-06-22,unit,permanent,5500,clear,0,60.8,NA
226_current,2016-06-23,unit,permanent,5500,clear,0,59.9,NA
227_current,2016-06-23,unit,permanent,5500,clear,0,60.8,NA
228_current,2016-07-18,unit,permanent,0,clear,0,63.5,NA
229_current,2016-07-18,unit,random,0,clear,0,63.9,NA
235_current,2016-07-26,unit,permanent,4000,clear,0,59,NA
237_current,2016-07-26,unit,random,4000,clear,0,59.9,NA
238_current,2016-07-26,unit,permanent,4000,clear,0,59.9,NA
239_current,2016-07-27,unit,permanent,4000,clear,0,62.6,NA
240_current,2016-07-27,unit,permanent,4000,clear,0,62.6,NA
246_current,2016-08-22,unit,permanent,0,clear,0,14.8,NA
247_current,2016-08-22,unit,permanent,0,clear,0,59,NA
248_current,2016-08-22,unit,random,1600,clear,0,59.9,NA
249_current,2016-08-23,unit,permanent,1600,clear,0,59,NA
251_current,2016-08-23,unit,permanent,0,clear,0,62.6,NA
252_current,2016-08-24,unit,permanent,0,clear,0,59,NA
253_current,2016-08-24,unit,permanent,0,NA,0,60.8,NA
254_current,2016-08-24,unit,permanent,0,clear,0,62.6,NA
255_current,2016-08-25,unit,permanent,1600,clear,0,59.9,NA
79_current,2012-05-02,unit,NA,620,clear,1.1,13,NA
318_current,2018-03-19,unit,permanent,800,clear,0,46.4,NA
389_current,2018-07-23,unit,permanent,1400,clear,0,59,NA
390_current,2018-07-23,unit,permanent,1400,clear,3,59.9,NA
391_current,2018-07-23,unit,permanent,1400,clear,3,61.7,NA
392_current,2018-07-23,unit,permanent,1400,clear,2.5,61.7,NA
393_current,2018-07-24,unit,permanent,1400,clear,0,60.35,NA
394_current,2018-07-24,unit,permanent,1400,clear,0,0,NA
395_current,2018-07-24,unit,permanent,1400,clear,0,62.6,NA
396_current,2018-07-24,unit,random,1400,clear,3,60.8,NA
397_current,2018-08-14,unit,permanent,6000,clear,0,66.2,NA
398_current,2018-08-14,unit,permanent,6020,clear,0,65.3,NA
399_current,2018-08-14,unit,permanent,6020,clear,0,65.3,NA
400_current,2018-08-14,unit,permanent,6000,clear,0,65.3,NA
401_current,2018-08-15,unit,permanent,1200,clear,0,59.9,NA
402_current,2018-08-15,unit,permanent,1200,clear,0,60.8,NA
403_current,2018-08-15,unit,permanent,1200,clear,0,62.6,NA
404_current,2018-08-20,unit,permanent,1200,clear,1.5,57.2,NA
405_current,2018-08-20,unit,permanent,1200,clear,0,59,NA
406_current,2018-08-20,unit,permanent,1200,clear,0,59,NA
407_current,2018-08-20,unit,permanent,1200,clear,0,0,NA
408_current,2018-08-20,unit,random,1200,clear,0,59.9,NA
409_current,2018-08-21,unit,permanent,6000,NA,0,62.6,NA
410_current,2018-08-21,unit,permanent,6020,clear,0,64.4,NA
411_current,2018-08-21,unit,permanent,6000,clear,1.5,64.4,NA
412_current,2018-08-21,unit,permanent,6000,clear,1.5,64.4,NA
256_current,2016-08-25,unit,permanent,0,clear,0,62.6,NA
257_current,2016-08-25,unit,random,1300,clear,0,63.5,NA
258_current,2016-08-29,unit,permanent,6600,NA,0,65.3,NA
259_current,2016-08-29,unit,permanent,0,NA,0,65.3,NA
260_current,2016-09-01,unit,permanent,6300,clear,0,63.5,NA
262_current,2017-07-17,unit,permanent,0,clear,0,62.6,NA
263_current,2017-07-17,unit,permanent,0,clear,0,64.4,NA
264_current,2017-07-17,unit,permanent,0,clear,0,64.4,NA
265_current,2017-07-17,unit,permanent,0,clear,0,68,NA
267_current,2017-07-18,unit,permanent,0,clear,0,68,NA
269_current,2017-07-18,unit,permanent,0,clear,0,68,NA
270_current,2017-07-20,unit,permanent,0,clear,0,62.6,NA
271_current,2017-07-20,unit,permanent,0,clear,0,62.6,NA
272_current,2017-07-20,unit,permanent,0,clear,0,60.8,NA
273_current,2017-07-24,unit,random,0,clear,0,59,NA
275_current,2017-07-24,unit,permanent,0,clear,0,60.8,NA
276_current,2017-07-24,unit,permanent,0,clear,0,61.7,NA
277_current,2017-07-24,unit,permanent,0,clear,0,64.4,NA
278_current,2017-07-25,unit,permanent,0,clear,0,67.1,NA
279_current,2017-07-25,unit,permanent,0,clear,0,68,NA
281_current,2017-07-25,unit,permanent,0,clear,0,69.8,NA
282_current,2017-08-07,unit,permanent,0,clear,0,59.9,NA
283_current,2017-08-07,unit,permanent,0,clear,0,59.9,NA
250_current,2016-08-23,unit,permanent,0,clear,0,62.6,NA
284_current,2017-08-07,unit,permanent,0,clear,1.5,67.1,NA
285_current,2017-08-07,unit,random,0,clear,0,60.8,NA
286_current,2017-08-08,unit,permanent,0,clear,0,58.1,NA
289_current,2017-08-08,unit,permanent,0,clear,1.3,60.8,NA
290_current,2017-08-09,unit,permanent,0,clear,0,59,NA
291_current,2017-08-09,unit,permanent,0,clear,0,60.8,NA
292_current,2017-08-09,unit,permanent,0,clear,0,61.7,NA
293_current,2017-08-09,unit,permanent,0,clear,0,66.2,NA
294_current,2017-08-10,unit,permanent,0,clear,0.9,63.5,NA
295_current,2017-08-10,unit,permanent,0,clear,1.1,66.2,NA
297_current,2017-08-10,unit,permanent,0,clear,0,66.2,NA
298_current,2017-08-14,unit,permanent,0,clear,1.3,65.3,NA
299_current,2017-08-14,unit,permanent,0,clear,0,65.3,NA
300_current,2018-02-12,unit,permanent,1000,clear,2,47.6,NA
301_current,2018-02-12,unit,permanent,1000,clear,1.5,46.4,NA
1_current,2007-06-27,unit,NA,NA,NA,NA,NA,NA
3_current,2007-07-16,unit,NA,NA,clear,NA,NA,NA
12_current,2005-05-26,unit,NA,NA,NA,NA,NA,NA
17_current,2005-05-23,unit,NA,NA,NA,NA,NA,NA
23_current,2004-08-24,unit,NA,NA,NA,NA,NA,NA
28_current,2004-08-12,unit,NA,NA,NA,NA,NA,NA
34_current,2004-05-26,unit,NA,NA,NA,NA,NA,NA
39_current,2004-04-28,unit,NA,NA,NA,NA,NA,NA
202_current,2016-05-16,unit,random,1700,clear,0,53.6,NA
121_current,2015-07-30,unit,permanent,0,clear,0,61.3,NA
41_current,2004-04-21,unit,NA,NA,NA,NA,NA,NA
47_current,2010-08-16,unit,NA,620,clear,0,61,NA
50_current,2010-09-13,unit,NA,620,sunny,0,56,NA
54_current,2011-04-19,unit,NA,620,cloudy,0,0,NA
57_current,2011-04-26,unit,NA,620,sunny,1.68,10.5,NA
60_current,2011-05-03,unit,NA,620,sunny,2.56,12.5,NA
67_current,2011-06-30,unit,NA,620,sunny,0.33,15,NA
85_current,2012-06-07,unit,NA,0,clear,2.5,59,NA
90_current,2012-07-11,unit,NA,1000,sunny,0.93,15,NA
99_current,2012-08-14,unit,NA,5500,NA,1.08,18,NA
103_current,2013-07-16,unit,NA,2500,sunny,0,60,NA
152_current,2015-08-20,unit,permanent,1500,NA,0,63.5,NA
160_current,2015-08-24,unit,permanent,1500,clear,0,68,NA
169_current,2015-09-10,unit,permanent,800,clear,0,58.8,NA
175_current,2015-09-14,unit,permanent,1200,cloudy,0,60.8,NA
177_current,2015-09-15,unit,permanent,1200,cloudy,0,60.4,NA
183_current,2016-04-18,unit,random,0,clear,0,57.2,NA
191_current,2016-04-20,unit,permanent,0,clear,0,59,NA
197_current,2016-04-26,unit,permanent,0,clear,0,55.4,NA
211_current,2016-05-18,unit,permanent,4500,clear,0,62.6,NA
219_current,2016-06-22,unit,permanent,5500,clear,0,57.2,NA
225_current,2016-06-23,unit,permanent,5500,clear,0,59,NA
234_current,2016-07-26,unit,permanent,4000,clear,0,59,NA
244_current,2016-08-22,unit,permanent,1600,clear,0,59.9,NA
122_current,2015-07-30,unit,permanent,0,clear,0,65.3,NA
261_current,2016-09-01,unit,permanent,6300,clear,0,64,NA
268_current,2017-07-18,unit,permanent,0,clear,0,66.2,NA
274_current,2017-07-24,unit,permanent,0,clear,0,59.9,NA
280_current,2017-07-25,unit,permanent,0,clear,0,68.9,NA
287_current,2017-08-08,unit,permanent,0,clear,0,59,NA
296_current,2017-08-10,unit,permanent,0,clear,0,62.6,NA
413_current,2018-08-22,unit,permanent,0,clear,2.2,59,NA
415_current,2018-08-22,unit,permanent,1200,clear,0,59.9,NA
416_current,2018-09-11,unit,permanent,800,clear,1.8,56.3,NA
418_current,2018-09-11,unit,permanent,800,clear,0,58.1,NA
420_current,2018-09-12,unit,permanent,6000,NA,0,60.8,NA
421_current,2018-09-12,unit,permanent,6000,NA,NA,60.8,NA
426_current,2018-09-17,unit,permanent,800,clear,0,54.5,NA
427_current,2018-09-17,unit,permanent,800,clear,0,54.5,NA
428_current,2018-09-17,unit,permanent,800,clear,0,55.4,NA
429_current,2018-09-17,unit,permanent,6000,clear,0,60.8,NA
430_current,2018-09-18,unit,permanent,800,clear,0,52.7,NA
123_current,2015-07-30,unit,permanent,0,clear,0,67.1,NA
431_current,2018-09-18,unit,permanent,800,clear,0,51.8,NA
432_current,2018-09-18,unit,permanent,800,clear,0,NA,NA
433_current,2019-03-20,unit,permanent,1800,cloudy,2,0,NA
434_current,2019-03-20,unit,permanent,0,precipitation,0,0,NA
435_current,2019-03-21,unit,permanent,8000,clear,1,0,NA
436_current,2019-05-13,unit,permanent,3500,clear,0,51.3,NA
437_current,2019-05-13,unit,permanent,3500,clear,0,53.6,NA
440_current,2019-05-13,unit,random,3500,clear,0,53.6,NA
442_current,2019-05-14,unit,permanent,3500,NA,0,52.7,NA
443_current,2019-05-14,unit,permanent,3500,cloudy,0,53.6,NA
444_current,2019-05-14,unit,permanent,3500,NA,0,53.6,NA
445_current,2019-05-15,unit,permanent,3500,precipitation,0,51.8,NA
446_current,2019-05-15,unit,permanent,3500,precipitation,0,51.8,NA
447_current,2019-05-15,unit,permanent,3500,precipitation,0,51.8,NA
448_current,2019-05-16,unit,permanent,0,precipitation,0,55.4,NA
449_current,2019-05-16,unit,permanent,7500,cloudy,0,53.6,NA
450_current,2019-05-16,unit,permanent,7500,cloudy,0,55.4,NA
124_current,2015-07-30,unit,permanent,0,clear,0,67.6,NA
454_current,2019-07-08,unit,random,1400,clear,0,60.8,NA
455_current,2019-07-09,unit,permanent,1220,clear,2,62.6,NA
456_current,2019-07-10,unit,permanent,1200,clear,0,60.8,NA
458_current,2019-07-10,unit,permanent,1200,clear,0,62.6,NA
459_current,2019-07-10,unit,permanent,1200,clear,0,60.8,NA
460_current,2019-07-15,unit,permanent,5300,clear,0,64.4,NA
461_current,2019-07-15,unit,permanent,5300,clear,0,NA,NA
463_current,2019-07-16,unit,permanent,1800,clear,0,59.9,NA
464_current,2019-07-16,unit,permanent,1800,clear,0,60.8,NA
465_current,2019-07-16,unit,permanent,5300,clear,0,68,NA
467_current,2019-07-17,unit,permanent,5800,clear,0,66.56,NA
468_current,2019-07-17,unit,permanent,5300,clear,0,66.2,NA
469_current,2019-07-18,unit,permanent,5300,NA,0,66.2,NA
471_current,2019-08-06,unit,permanent,4850,clear,3,60.8,NA
473_current,2019-08-07,unit,permanent,4620,clear,0,60.8,NA
474_current,2019-08-07,unit,permanent,4620,clear,0,60.8,NA
475_current,2019-08-07,unit,permanent,0,clear,3,61.7,NA
476_current,2019-08-08,unit,permanent,0,clear,4,60.8,NA
477_current,2019-08-08,unit,permanent,4100,clear,4,60.8,NA
478_current,2019-08-08,unit,permanent,4100,clear,4,61.7,NA
145_current,2015-08-18,unit,permanent,1100,clear,0,59.9,NA
480_current,2019-08-09,unit,permanent,0,clear,0,58.1,NA
482_current,2019-08-12,unit,permanent,7600,clear,0,62.6,NA
485_current,2019-08-12,unit,permanent,7600,clear,3,64.4,NA
486_current,2019-08-13,unit,permanent,7500,clear,0,62.6,NA
487_current,2019-08-13,unit,permanent,7500,clear,0,66.2,NA
489_current,2020-02-24,unit,permanent,800,clear,0,10,NA
490_current,2020-02-24,unit,permanent,0,clear,0,10.5,NA
491_current,2020-02-25,unit,random,800,clear,0,10,NA
492_current,2020-02-25,unit,permanent,830,clear,0,10,NA
493_current,2020-02-25,unit,permanent,830,clear,0,10.5,NA
494_current,2020-02-25,unit,permanent,0,clear,0,11,NA
495_current,2020-02-26,unit,permanent,830,clear,0,11,NA
496_current,2020-02-26,unit,permanent,830,clear,0,11,NA
497_current,2020-02-26,unit,permanent,830,clear,0,10,NA
498_current,2020-02-27,unit,permanent,830,clear,0,10.75,NA
499_current,2020-02-27,unit,permanent,0,clear,0,12,NA
500_current,2020-02-27,unit,permanent,2280,clear,0,0,NA
501_current,2020-02-27,unit,permanent,2200,clear,0,13,NA
502_current,2020-02-27,unit,permanent,2200,clear,0,12.5,NA
503_current,2020-02-28,unit,permanent,2200,clear,0,12.5,NA
504_current,2020-02-28,unit,permanent,2200,clear,0,12,NA
125_current,2015-08-03,unit,permanent,0,clear,0,66.2,NA
505_current,2020-02-28,unit,permanent,2200,clear,0,12.5,NA
506_current,2020-02-28,unit,permanent,2200,clear,0,12.5,NA
508_current,2020-06-19,unit,random,1100,clear,NA,15.5,NA
509_current,2020-06-19,unit,permanent,1100,clear,0,15.3,NA
510_current,2020-06-19,unit,permanent,1100,clear,0,15.3,NA
511_current,2020-06-23,unit,permanent,1240,clear,0,15.3,NA
512_current,2020-06-23,unit,permanent,1240,clear,0,15.5,NA
513_current,2020-06-23,unit,permanent,1240,clear,0,16,NA
514_current,2020-06-23,unit,permanent,1240,clear,0,17.5,NA
515_current,2020-06-24,unit,permanent,1240,clear,0,16.5,NA
517_current,2020-06-24,unit,permanent,1240,clear,0,18.5,NA
518_current,2020-06-26,unit,permanent,3310,clear,0,19.5,NA
519_current,2020-06-26,unit,permanent,3310,clear and hot,0,19,NA
520_current,2020-06-26,unit,permanent,3310,clear,0,21,NA
521_current,2020-06-26,unit,permanent,3300,clear,0,20,NA
522_current,2020-06-26,unit,permanent,3310,clear and hot,0,20,NA
525_current,2020-06-30,unit,permanent,4250,clear,0,20.5,NA
526_current,2020-06-30,unit,permanent,4400,clear,0,21,NA
527_current,2020-07-20,unit,permanent,1250,clear,0,11.5,NA
528_current,2020-07-20,unit,permanent,1250,clear,0,16.5,NA
529_current,2020-07-20,unit,permanent,1450,clear,0,18,NA
530_current,2020-07-20,unit,random,0,clear,0,19,NA
126_current,2015-08-03,unit,permanent,0,clear,0,66.2,NA
531_current,2020-07-21,unit,permanent,1250,clear,0,14,NA
532_current,2020-07-21,unit,permanent,1100,clear,0,15,NA
533_current,2020-07-21,unit,permanent,1100,clear,0,15,NA
534_current,2020-07-21,unit,permanent,1100,clear,0,16.5,NA
535_current,2020-07-22,unit,permanent,950,clear,0,16,NA
536_current,2020-07-22,unit,permanent,950,clear,0,15.8,NA
537_current,2020-07-22,unit,permanent,950,clear,0,17,NA
539_current,2020-07-23,unit,permanent,3010,clear,0,18,NA
540_current,2020-07-23,unit,permanent,3010,clear,0,20,NA
541_current,2020-07-23,unit,permanent,3010,clear,0,20,NA
542_current,2020-07-23,unit,permanent,3010,clear,0,20,NA
543_current,2020-07-24,unit,permanent,3010,clear,0,19.5,NA
544_current,2020-07-23,unit,permanent,3003,clear,0,19,NA
545_current,2020-07-24,unit,permanent,3003,clear,0,19,NA
546_current,2020-08-10,unit,permanent,1550,clear and hot,0,15,NA
547_current,2020-08-10,unit,permanent,1550,clear,0,14,NA
548_current,2020-08-10,unit,permanent,1550,clear,0,14.5,NA
549_current,2020-08-10,unit,random,1550,clear,0,15,NA
550_current,2020-08-11,unit,permanent,1550,clear and hot,NA,15,NA
551_current,2020-08-11,unit,permanent,1550,clear and hot,0,15,NA
552_current,2020-08-11,unit,permanent,1550,clear and hot,0,15.5,NA
553_current,2020-08-11,unit,permanent,1550,clear,0,16,NA
554_current,2020-08-12,unit,permanent,1550,clear,0,15.5,NA
555_current,2020-08-12,unit,permanent,1550,clear,0,16,NA
146_current,2015-08-18,unit,permanent,1100,clear,0,60.8,NA
556_current,2020-08-12,unit,permanent,1550,clear,0,16.5,NA
557_current,2020-08-13,unit,permanent,0,clear,0,17,NA
558_current,2020-08-13,unit,permanent,2335,clear,0,17,NA
559_current,2020-08-13,unit,permanent,2335,clear,0,19,NA
560_current,2020-08-13,unit,permanent,2335,clear,0,19,NA
561_current,2020-08-14,unit,permanent,2300,clear,0,19,NA
562_current,2020-08-14,unit,permanent,NA,clear,0,18,NA
563_current,2020-08-14,unit,permanent,2300,clear,0,18,NA
564_current,2020-08-14,unit,permanent,0,clear,0,19,NA
565_current,2020-09-22,unit,permanent,850,clear,0,11,NA
566_current,2020-09-22,unit,permanent,840,clear,0,11.5,NA
567_current,2020-09-22,unit,permanent,840,clear,0,11,NA
568_current,2020-09-22,unit,random,840,clear,0,13,NA
569_current,2020-09-22,unit,permanent,840,clear,0,13,NA
570_current,2020-09-23,unit,permanent,800,clear,0,11,NA
571_current,2020-09-23,unit,permanent,800,clear,0,11.5,NA
572_current,2020-09-23,unit,permanent,800,clear,0,11.5,NA
573_current,2020-09-23,unit,permanent,840,clear,0,13,NA
574_current,2020-09-23,unit,permanent,800,clear,0,13,NA
575_current,2020-09-24,unit,permanent,840,clear,0,13,NA
576_current,2020-09-24,unit,permanent,2641,clear,0,15,NA
577_current,2020-09-24,unit,permanent,2641,clear,0,16,NA
578_current,2020-09-24,unit,permanent,2641,clear,0,15,NA
579_current,2020-09-24,unit,permanent,2641,clear,0,16,NA
580_current,2020-09-25,unit,permanent,2641,clear,0,16,NA
581_current,2020-09-25,unit,permanent,2641,clear,0,15.5,NA
127_current,2015-08-03,unit,permanent,0,clear,0,67.1,NA
582_current,2020-09-25,unit,permanent,2640,clear,0,15,NA
583_current,2020-09-25,unit,permanent,2641,clear,0,16,NA
584_current,2021-03-24,unit,permanent,800,NA,0,50,NA
585_current,2021-03-24,unit,permanent,800,NA,0,10.5,NA
586_current,2021-03-24,unit,permanent,800,NA,0,10.5,NA
587_current,2021-03-25,unit,random,800,clear,0,11.5,NA
588_current,2021-03-25,unit,permanent,800,clear,0,11.5,NA
589_current,2021-03-25,unit,permanent,800,clear,0,12,NA
590_current,2021-03-25,unit,permanent,800,clear,0,11.5,NA
591_current,2021-03-25,unit,permanent,800,clear,0,11.5,NA
592_current,2021-03-26,unit,permanent,800,clear,0,12,NA
593_current,2021-03-26,unit,permanent,800,clear,0,12,NA
594_current,2021-03-26,unit,permanent,800,clear,0,13,NA
595_current,2021-03-29,unit,permanent,1050,clear,0,13.5,NA
596_current,2021-03-29,unit,permanent,1050,clear,0,13.5,NA
597_current,2021-03-29,unit,permanent,1050,clear,0,14,NA
598_current,2021-03-29,unit,permanent,1050,NA,0,14.5,NA
599_current,2021-03-30,unit,permanent,1050,NA,0,14.5,NA
600_current,2021-03-30,unit,permanent,NA,NA,0,16,NA
601_current,2021-03-30,unit,permanent,0,NA,0,12.5,NA
602_current,2021-03-30,unit,permanent,1050,NA,0,13.5,NA
603_current,2021-04-19,unit,permanent,800,clear,0,14,NA
128_current,2015-08-03,unit,permanent,0,clear,0,67.1,NA
604_current,2021-04-19,unit,permanent,800,clear,0,13.5,NA
605_current,2021-04-19,unit,permanent,800,clear,0,14,NA
606_current,2021-04-19,unit,permanent,800,clear,0,14,NA
607_current,2021-04-20,unit,permanent,700,clear,0,13,NA
608_current,2021-04-20,unit,permanent,700,clear,0,0,NA
609_current,2021-04-20,unit,permanent,700,clear,0,13.5,NA
610_current,2021-04-20,unit,random,700,clear,0,15,NA
611_current,2021-04-26,unit,permanent,810,clear,0,12,NA
613_current,2021-04-26,unit,permanent,810,clear,0,13,NA
614_current,2021-04-27,unit,permanent,1000,clear,0,14,NA
615_current,2021-04-27,unit,permanent,0,clear,0,14,NA
616_current,2021-04-27,unit,permanent,0,clear,0,15,NA
618_current,2021-04-27,unit,permanent,1000,NA,0,16,NA
619_current,2021-04-28,unit,permanent,1000,clear,0,16.5,NA
620_current,2021-04-28,unit,permanent,1000,clear,0,17.5,NA
621_current,2021-04-28,unit,permanent,1000,clear,0,15.5,NA
622_current,2021-05-18,unit,permanent,650,clear,0,13,NA
623_current,2021-05-18,unit,permanent,650,clear,0,13,NA
624_current,2021-05-18,unit,permanent,650,clear,0,13,NA
147_current,2015-08-18,unit,permanent,1100,clear,0,62.6,NA
627_current,2021-05-19,unit,permanent,710,clear,0,12.75,NA
628_current,2021-05-19,unit,permanent,710,clear,0,13,NA
629_current,2021-05-19,unit,permanent,710,clear,0,14,NA
630_current,2021-05-21,unit,permanent,710,NA,0,13.5,NA
632_current,2021-05-21,unit,permanent,710,NA,0,15,NA
634_current,2021-05-25,unit,permanent,2500,clear,0,18,NA
635_current,2021-05-25,unit,permanent,2500,clear,0,18.5,NA
636_current,2021-05-25,unit,permanent,2500,clear,0,19,NA
637_current,2021-05-26,unit,permanent,2110,cloudy,0,18.5,NA
638_current,2021-05-26,unit,permanent,2110,cloudy,0,18.5,NA
639_current,2021-05-26,unit,permanent,2110,clear,0,18.5,NA
640_current,2021-05-26,unit,permanent,2110,clear,0,19.5,NA
643_current,2021-06-22,unit,permanent,2750,clear,0,16,NA
644_current,2021-06-22,unit,random,2750,clear,0,16.5,NA
646_current,2021-06-23,unit,permanent,2400,clear,0,16,NA
647_current,2021-06-23,unit,permanent,2400,clear,0,17,NA
648_current,2021-06-23,unit,permanent,2400,clear,0,17,NA
649_current,2021-06-25,unit,permanent,2750,clear,0,18.5,NA
140_current,2015-08-03,unit,permanent,0,clear,0,68,NA
651_current,2021-06-25,unit,permanent,2750,clear,0,19.5,NA
652_current,2021-06-25,unit,permanent,2750,clear,0,19.5,NA
653_current,2021-06-29,unit,permanent,2160,clear,0,16.5,NA
654_current,2021-06-29,unit,permanent,2160,clear,0,16,NA
655_current,2021-06-29,unit,permanent,2160,clear,0,17,NA
656_current,2021-06-30,unit,permanent,3010,clear,0,17,NA
657_current,2021-06-30,unit,permanent,3010,clear,0,17,NA
659_current,2021-06-30,unit,permanent,3010,clear,0,18.5,NA
660_current,2021-07-14,unit,permanent,1550,clear,0,16.5,NA
661_current,2021-07-14,unit,permanent,1550,clear,0,16.5,NA
663_current,2021-07-14,unit,permanent,1550,clear,0,16.5,NA
665_current,2021-07-15,unit,permanent,2050,clear,0,16.5,NA
666_current,2021-07-15,unit,permanent,2050,clear,0,17,NA
667_current,2021-07-15,unit,permanent,2050,clear,0,17,NA
668_current,2021-07-15,unit,permanent,2050,clear,0,17.5,NA
669_current,2021-07-16,unit,permanent,2070,clear,0,17,NA
671_current,2021-07-16,unit,permanent,2050,clear,0,17.2,NA
672_current,2021-07-19,unit,permanent,2990,NA,2,17.5,NA
673_current,2021-07-19,unit,permanent,2990,cloudy,0,17.5,NA
141_current,2015-08-17,unit,permanent,1100,clear,0,59.4,NA
674_current,2021-07-19,unit,permanent,2050,clear,0,18,NA
675_current,2021-07-19,unit,permanent,2050,clear,0,18.5,NA
676_current,2021-07-19,unit,permanent,2050,clear,2,19,NA
677_current,2021-07-20,unit,permanent,2990,clear,0,18,NA
678_current,2021-07-20,unit,permanent,2990,clear,0,18.5,NA
680_current,2021-08-25,unit,permanent,670,NA,0,10,NA
681_current,2021-08-25,unit,permanent,670,NA,0,10,NA
682_current,2021-08-25,unit,permanent,670,NA,0,10,NA
684_current,2021-08-25,unit,random,670,clear,0,10.5,NA
686_current,2021-08-26,unit,permanent,670,clear,0,10,NA
687_current,2021-08-26,unit,permanent,650,clear,0,12,NA
688_current,2021-08-26,unit,permanent,670,clear,0,11.7,NA
689_current,2021-08-27,unit,permanent,0,NA,0,13,NA
690_current,2021-08-27,unit,permanent,650,clear,0,13,NA
691_current,2021-08-27,unit,permanent,650,NA,0,12.5,NA
692_current,2021-08-30,unit,permanent,1320,NA,0,14,NA
693_current,2021-08-30,unit,permanent,1320,NA,0,14,NA
695_current,2021-08-30,unit,permanent,1320,clear,0,15.5,NA
148_current,2015-08-18,unit,permanent,1100,clear,0,64.4,NA
697_current,2021-08-31,unit,permanent,1280,clear,0,21,NA
700_current,2021-09-13,unit,permanent,680,clear,0,11,NA
702_current,2021-09-13,unit,permanent,600,clear,0,0,NA
703_current,2021-09-13,unit,permanent,0,clear,0,0,NA
704_current,2021-09-13,unit,random,680,clear,0,0,NA
705_current,2021-09-14,unit,permanent,680,clear,0,11.5,NA
706_current,2021-09-14,unit,permanent,680,clear,0,11.5,NA
707_current,2021-09-14,unit,permanent,680,clear,0,11.5,NA
708_current,2021-09-14,unit,permanent,680,clear,0,11.5,NA
709_current,2021-09-15,unit,permanent,600,NA,0,12,NA
710_current,2021-09-15,unit,permanent,680,clear,0,12,NA
711_current,2021-09-15,unit,permanent,600,clear,0,12,NA
712_current,2021-09-20,unit,permanent,1290,NA,0,15,NA
715_current,2021-09-20,unit,permanent,1290,clear,0,17,NA
716_current,2021-09-21,unit,permanent,1290,clear,0,16,NA
718_current,2021-09-21,unit,permanent,1290,clear,0,16,NA
142_current,2015-08-17,unit,permanent,0,clear,0,59,NA
720_current,2022-01-19,unit,random,650,clear,0.5,8.5,NA
721_current,2022-01-19,unit,permanent,650,clear,1,8.5,NA
722_current,2021-01-19,unit,permanent,650,clear,NA,9,NA
723_current,2022-01-19,unit,permanent,650,clear,1,9,NA
724_current,2022-01-20,unit,permanent,NA,clear,1,6.5,NA
725_current,2022-01-20,unit,permanent,0,clear,1,8.5,NA
726_current,2022-01-20,unit,permanent,0,clear,0,9.5,NA
727_current,2022-01-21,unit,permanent,650,NA,1,9,NA
728_current,2022-01-21,unit,permanent,650,NA,0,9,NA
729_current,2022-01-21,unit,permanent,650,NA,1,9,NA
730_current,2022-02-22,unit,permanent,670,clear,1.2,9,NA
731_current,2022-02-22,unit,permanent,670,clear,0,9,NA
732_current,2022-02-22,unit,permanent,670,clear,0,9.5,NA
733_current,2022-02-22,unit,permanent,670,clear,0,0,NA
734_current,2022-02-22,unit,random,670,cloudy,0.5,10,NA
735_current,2022-02-23,unit,permanent,670,clear,1,9,NA
736_current,2022-02-23,unit,permanent,670,clear,0,0,NA
737_current,2022-02-23,unit,permanent,650,clear,0.5,10,NA
739_current,2022-02-24,unit,permanent,670,clear,0.65,9,NA
740_current,2022-02-24,unit,permanent,650,clear,0.6,9,NA
741_current,2022-02-24,unit,permanent,670,clear,0.5,9.5,NA
742_current,2022-02-25,unit,permanent,4560,clear,0.5,9.5,NA
150_current,2015-08-19,unit,permanent,1100,clear,0,62.6,NA
743_current,2022-02-25,unit,permanent,4560,clear,0,10,NA
744_current,2022-02-25,unit,permanent,4560,clear,0.5,10,NA
745_current,2022-02-25,unit,permanent,4560,clear,0.5,10,NA
746_current,2022-01-26,unit,permanent,960,clear,1.5,9,NA
747_current,2022-01-26,unit,permanent,960,clear,0,10,NA
748_current,2022-01-26,unit,permanent,960,clear,0,10,NA
749_current,2022-01-26,unit,permanent,960,clear,0,10.5,NA
750_current,2022-01-27,unit,permanent,960,clear,0,9.5,NA
751_current,2022-01-27,unit,permanent,960,clear,0,8.5,NA
752_current,2022-01-27,unit,permanent,960,clear,0,9,NA
753_current,2022-01-27,unit,random,960,clear,0,0,NA
754_current,2022-02-28,unit,permanent,4500,clear,0.75,0,NA
755_current,2022-02-28,unit,permanent,4500,clear,0.75,0,NA
756_current,2022-02-28,unit,permanent,4500,clear,0,0,NA
757_current,2022-02-28,unit,permanent,4500,clear,0,0,NA
758_current,2022-03-23,unit,random,650,clear,2,0,NA
759_current,2022-03-23,unit,permanent,650,NA,2,0,NA
760_current,2022-03-23,unit,permanent,650,clear,2,0,NA
761_current,2022-03-23,unit,permanent,0,clear,2,0,NA
762_current,2022-03-23,unit,permanent,650,clear,2,0,NA
763_current,2022-03-24,unit,permanent,650,clear,1.5,0,NA
764_current,2022-03-24,unit,permanent,650,clear,1.5,0,NA
765_current,2022-03-24,unit,permanent,650,clear,1.5,0,NA
766_current,2022-03-24,unit,permanent,650,clear,1.5,0,NA
143_current,2015-08-17,unit,permanent,1100,clear,0,59.9,NA
768_current,2022-03-25,unit,permanent,650,clear,0,13.5,NA
769_current,2022-03-25,unit,permanent,650,clear,2,14.5,NA
771_current,2022-03-28,unit,permanent,3500,precipitation,1.2,15,NA
772_current,2022-03-28,unit,permanent,3500,precipitation,1.2,15,NA
773_current,2022-03-28,unit,permanent,3500,precipitation,1.2,15,NA
774_current,2022-03-29,unit,permanent,3500,clear,2,15,NA
775_current,2022-03-29,unit,permanent,3500,clear,1,15,NA
777_current,2022-03-29,unit,permanent,3500,clear,1.5,0,NA
778_current,2022-04-25,unit,random,650,clear,NA,13,NA
779_current,2022-04-25,unit,permanent,650,cloudy,2,13,NA
781_current,2022-04-25,unit,permanent,650,clear,2,13,NA
782_current,2022-04-25,unit,permanent,650,clear,0,13,NA
783_current,2022-04-25,unit,permanent,650,clear,2,13,NA
784_current,2022-04-26,unit,permanent,650,clear,1.5,14,NA
785_current,2022-04-26,unit,permanent,650,clear,1.5,14,NA
786_current,2022-04-26,unit,permanent,650,clear,1.5,14,NA
788_current,2022-04-27,unit,permanent,650,clear,1,14.5,NA
789_current,2022-04-27,unit,permanent,800,clear,1.5,15.5,NA
790_current,2022-04-27,unit,permanent,800,clear,0,15.5,NA
791_current,2022-04-28,unit,permanent,650,clear,2,14,NA
144_current,2015-08-17,unit,random,1100,clear,0,61.7,NA
792_current,2022-04-28,unit,permanent,800,clear,2,14.5,NA
794_current,2022-04-29,unit,permanent,800,clear,1.2,14.5,NA
795_current,2022-04-29,unit,permanent,800,clear,1.75,14.5,NA
796_current,2022-04-29,unit,permanent,800,clear,3,18,NA
797_current,2022-04-29,unit,permanent,800,clear,0,18.5,NA
798_current,2022-05-03,unit,permanent,650,clear,2,14,NA
799_current,2022-05-23,unit,permanent,650,clear,1,15,NA
800_current,2022-05-23,unit,permanent,650,clear,1,15.75,NA
801_current,2022-05-23,unit,permanent,650,clear,2,15,NA
802_current,2022-05-23,unit,permanent,650,clear,1.5,14.5,NA
803_current,2022-05-24,unit,permanent,650,NA,0.5,0,NA
804_current,2022-05-24,unit,permanent,650,NA,1.35,0,NA
806_current,2022-05-24,unit,permanent,650,NA,0.55,16,NA
807_current,2022-05-25,unit,permanent,650,NA,0,16.5,NA
808_current,2022-05-25,unit,permanent,600,clear,2,16.5,NA
809_current,2022-05-26,unit,permanent,650,clear,1.5,17,NA
810_current,2022-05-26,unit,permanent,2200,cloudy,0.8,19,NA
811_current,2022-05-26,unit,permanent,2200,cloudy,1.5,20,NA
812_current,2022-05-26,unit,permanent,2200,cloudy,1.75,19,NA
813_current,2022-05-27,unit,permanent,2200,NA,1.25,18.5,NA
814_current,2022-05-27,unit,permanent,2200,NA,2,19,NA
158_current,2015-08-24,unit,permanent,1500,clear,0,65.3,NA
815_current,2022-05-27,unit,permanent,2200,clear,2,19.5,NA
816_current,2022-05-27,unit,permanent,2200,clear,1,20,NA
817_current,2022-05-27,unit,permanent,2200,NA,1,20,NA
818_current,2022-06-01,unit,permanent,3500,clear,0,20,NA
819_current,2022-06-21,unit,permanent,3500,clear,2,20,NA
820_current,2022-06-21,unit,permanent,3500,clear,1,20,NA
821_current,2022-06-22,unit,permanent,3500,clear,1,18,NA
822_current,2022-06-22,unit,permanent,3500,clear,2,19,NA
825_current,2022-06-22,unit,permanent,3500,clear,2,18.5,NA
826_current,2022-06-23,unit,permanent,1480,cloudy,1,15,NA
828_current,2022-06-23,unit,permanent,1480,clear,2,16,NA
829_current,2022-06-23,unit,permanent,1480,clear,2,16,NA
830_current,2022-06-23,unit,random,1480,clear,2,16.5,NA
831_current,2022-06-23,unit,permanent,1480,clear,2,15,NA
832_current,2022-06-23,unit,permanent,1480,clear,2,15,NA
833_current,2022-06-24,unit,permanent,1480,clear,2,15,NA
834_current,2022-06-24,unit,permanent,1480,clear,0.5,15,NA
835_current,2022-06-24,unit,permanent,1480,clear,1.5,16,NA
836_current,2022-06-24,unit,permanent,1480,clear,1.5,17,NA
838_current,2022-07-21,unit,permanent,1500,clear,0.5,16,NA
839_current,2022-07-21,unit,permanent,1550,clear,1.5,16,NA
108_current,2015-07-27,unit,permanent,1898,clear,0,59.9,NA
840_current,2022-07-21,unit,permanent,1550,clear,1.5,16,NA
841_current,2022-07-21,unit,permanent,1550,clear,2,16,NA
842_current,2022-07-21,unit,random,1550,clear,1,17,NA
843_current,2022-07-22,unit,permanent,1560,clear,2.75,16,NA
844_current,2022-07-22,unit,permanent,1560,clear,3,16,NA
845_current,2022-07-22,unit,permanent,1550,clear,3,16,NA
846_current,2022-07-22,unit,permanent,1550,clear,3,16,NA
847_current,2022-07-25,unit,permanent,1300,clear,2,15.5,NA
848_current,2022-07-25,unit,permanent,1300,clear,2.5,16,NA
849_current,2022-07-26,unit,permanent,3740,cloudy,1,17.5,NA
850_current,2022-07-26,unit,permanent,3740,cloudy,2.5,18,NA
851_current,2022-07-26,unit,permanent,3740,cloudy,1,18,NA
852_current,2022-07-26,unit,permanent,0,cloudy,2,16,NA
854_current,2022-07-27,unit,permanent,3750,clear,0,18,NA
855_current,2022-07-27,unit,permanent,3750,NA,0,18.5,NA
856_current,2022-07-27,unit,permanent,3750,NA,0,18.5,NA
857_current,2022-07-28,unit,permanent,3750,clear,0,18.5,NA
858_current,2022-08-22,unit,permanent,1020,clear,0.8,17,NA
859_current,2022-08-22,unit,permanent,1020,clear,3,16,NA
861_current,2022-08-22,unit,permanent,1020,clear,2,15,NA
862_current,2022-08-22,unit,random,1020,clear,1.5,16,NA
863_current,2022-08-24,unit,permanent,1020,clear,0,0,NA
864_current,2022-08-24,unit,permanent,1020,clear,3,15,NA
111_current,2015-07-27,unit,permanent,2009,clear,0,59,NA
865_current,2022-08-24,unit,permanent,1020,clear,3,16.5,NA
866_current,2022-08-25,unit,permanent,3010,NA,2,18.75,NA
867_current,2022-08-25,unit,permanent,3010,clear,2,18.75,NA
869_current,2022-08-25,unit,permanent,3010,clear,3,19,NA
870_current,2022-08-26,unit,permanent,3010,clear,2.5,19,NA
871_current,2022-08-26,unit,permanent,3010,clear,3,19,NA
874_current,2023-02-06,unit,permanent,980,clear,3,10,NA
875_current,2023-02-06,unit,permanent,980,clear,3,10.5,NA
877_current,2023-02-06,unit,permanent,980,clear,1,9,NA
878_current,2023-02-06,unit,permanent,980,clear,1.5,10,NA
879_current,2023-02-07,unit,permanent,980,clear,1,9,NA
880_current,2023-02-07,unit,permanent,980,clear,0.75,9.5,NA
881_current,2023-02-07,unit,permanent,980,clear,0.75,9.5,NA
882_current,2023-02-08,unit,permanent,650,clear,1,8.5,NA
883_current,2023-02-08,unit,permanent,650,clear,1.5,9,NA
884_current,2023-02-08,unit,permanent,650,clear,1.5,9,NA
885_current,2023-02-09,unit,permanent,650,clear,1,8.5,NA
886_current,2023-02-09,unit,permanent,680,clear,1,8.5,NA
887_current,2023-02-09,unit,permanent,680,clear,1,8.5,NA
888_current,2023-02-09,unit,permanent,680,clear,1,8.5,NA
890_current,2023-02-10,unit,permanent,680,clear,1.5,8.5,NA
112_current,2015-07-27,unit,random,2009,clear,0,NA,NA
891_current,2023-02-10,unit,permanent,680,clear,0.75,8.5,NA
892_current,2023-02-10,unit,permanent,680,clear,0.75,8.5,NA
893_current,2023-02-10,unit,random,680,clear,0.7,8.5,NA
894_current,2023-05-26,unit,permanent,10000,clear,1.5,15.5,NA
896_current,2023-05-26,unit,permanent,9000,clear,0,16,NA
897_current,2023-05-25,unit,permanent,11000,clear,0.2,14.5,NA
898_current,2023-05-25,unit,permanent,11000,clear,0,15,NA
899_current,2023-05-25,unit,permanent,10000,clear,0,15.5,NA
901_current,2023-05-24,unit,permanent,3650,clear,1.5,13.5,NA
902_current,2023-05-24,unit,permanent,3650,clear,1.5,13,NA
903_current,2023-05-24,unit,permanent,4650,clear,1.5,13,NA
905_current,2023-05-23,unit,permanent,4660,clear,2,13,NA
906_current,2023-05-23,unit,permanent,4660,clear,1.5,13,NA
907_current,2023-05-23,unit,permanent,4660,clear,1,13,NA
908_current,2023-05-23,unit,permanent,5660,clear,1,12.5,NA
909_current,2023-05-22,unit,permanent,5650,clear,1.5,12,NA
910_current,2023-05-22,unit,permanent,5650,clear,1,12,NA
113_current,2015-07-28,unit,permanent,2000,clear,0,59.9,NA
912_current,2023-05-22,unit,random,5650,clear,1.5,12.5,NA
913_current,2023-06-12,unit,permanent,8000,cloudy,1.75,17.5,NA
914_current,2023-06-12,unit,permanent,8000,cloudy,1,17.5,NA
915_current,2023-06-13,unit,permanent,8000,clear,1.5,17,NA
916_current,2023-06-13,unit,permanent,8000,clear,1.25,18,NA
917_current,2023-06-13,unit,permanent,8000,clear,1.2,16,NA
918_current,2023-06-13,unit,permanent,8000,clear,1,17.5,NA
919_current,2023-06-16,unit,permanent,1000,clear,2,14,NA
920_current,2023-06-16,unit,permanent,1000,clear,2,14,NA
921_current,2023-06-16,unit,permanent,1000,clear,0.5,14.5,NA
922_current,2023-06-16,unit,permanent,1000,clear,2.5,14.5,NA
923_current,2023-06-16,unit,random,1000,clear,0,15,NA
924_current,2023-06-15,unit,permanent,1300,clear,0,15,NA
925_current,2023-06-14,unit,permanent,1600,clear,1.5,16.5,NA
926_current,2023-06-14,unit,permanent,0,NA,0,15,NA
927_current,2023-06-14,unit,permanent,7000,cloudy,1,18,NA
928_current,2023-06-14,unit,permanent,0,clear,0.7,0,NA
929_current,2023-06-15,unit,permanent,1350,clear,0,14.9,NA
930_current,2023-06-15,unit,permanent,1350,clear,0,15,NA
931_current,2023-06-15,unit,permanent,1350,clear,1,16,NA
932_current,2023-06-15,unit,permanent,1350,clear,0.75,15.5,NA
933_current,2023-07-17,unit,random,1500,clear,2,17,NA
934_current,2023-07-17,unit,permanent,1500,clear,NA,NA,NA
114_current,2015-07-28,unit,permanent,2000,clear,0,61.2,NA
935_current,2023-07-17,unit,permanent,1500,clear,1.5,17,NA
936_current,2023-07-17,unit,permanent,1500,clear,1.75,15.5,NA
938_current,2023-07-18,unit,permanent,2000,NA,1,17,NA
939_current,2023-07-18,unit,permanent,2000,clear,1,17.5,NA
940_current,2023-07-18,unit,permanent,2000,clear,1,16.5,NA
941_current,2023-07-18,unit,permanent,2000,clear,NA,NA,NA
942_current,2023-07-19,unit,permanent,5000,clear,1.25,17.5,NA
944_current,2023-07-19,unit,permanent,2000,clear,1.5,16.5,NA
945_current,2023-07-19,unit,permanent,2000,clear,1.5,16,NA
946_current,2023-07-20,unit,permanent,5000,clear,1.5,21,NA
949_current,2023-07-20,unit,permanent,5000,clear,1.5,19,NA
950_current,2023-07-21,unit,permanent,5000,clear,1.25,20,NA
951_current,2023-07-21,unit,permanent,5000,clear,1,20,NA
952_current,2023-07-21,unit,permanent,5000,clear,1.5,19.5,NA
953_current,2023-04-12,unit,permanent,4000,clear,0.75,10,NA
954_current,2023-04-12,unit,permanent,4000,clear,0.7,10,NA
955_current,2023-04-12,unit,permanent,4000,clear,0.75,9.5,NA
956_current,2023-04-10,unit,permanent,1000,clear,2,10,NA
957_current,2023-04-10,unit,permanent,1000,clear,1.5,10,NA
958_current,2023-04-10,unit,random,1000,clear,1,10,NA
115_current,2015-07-28,unit,permanent,2000,clear,0,61.7,NA
959_current,2023-04-10,unit,permanent,1000,clear,1,10,NA
960_current,2023-04-07,unit,permanent,1300,precipitation,0.5,10,NA
961_current,2023-04-07,unit,permanent,1300,precipitation,1.75,10,NA
962_current,2023-04-07,unit,permanent,1300,cloudy,NA,NA,NA
963_current,2023-04-07,unit,permanent,1300,precipitation,1,10,NA
964_current,2023-04-07,unit,permanent,1300,precipitation,1.25,9.5,NA
965_current,2023-03-08,unit,permanent,1000,cloudy,0.5,8,NA
966_current,2023-03-08,unit,permanent,1000,cloudy,0.6,8.5,NA
967_current,2023-03-08,unit,permanent,1000,cloudy,0.5,8.5,NA
968_current,2023-03-06,unit,permanent,650,precipitation,1,8,NA
969_current,2023-03-08,unit,permanent,1000,cloudy,0.5,8.5,NA
970_current,2023-03-06,unit,permanent,650,precipitation,NA,8,NA
971_current,2023-03-06,unit,permanent,650,precipitation,1.5,8,NA
972_current,2023-03-06,unit,permanent,650,precipitation,1.25,8,NA
973_current,2023-03-06,unit,random,650,precipitation,0.5,8,NA
116_current,2015-07-28,unit,permanent,0,clear,0,62.6,NA
117_current,2015-07-29,unit,permanent,2000,clear,0,60.8,NA
118_current,2015-07-29,unit,permanent,2000,clear,0,62.6,NA
119_current,2015-07-29,unit,permanent,2000,clear,0,62.6,NA
120_current,2015-07-29,unit,permanent,3260,clear,0,68,NA
110_current,2015-07-27,unit,permanent,1898,clear,0,60.3,NA
312_current,2018-02-14,unit,permanent,1000,partly cloudy,0,46.4,NA
208_current,2016-05-18,unit,permanent,1700,clear,0,52.7,NA
314_current,2018-02-15,unit,permanent,1750,clear,0,50,NA
315_current,2018-02-15,unit,permanent,1750,clear and windy,0,49.1,NA
243_current,2016-07-28,unit,random,4000,clear,0,64.4,NA
242_current,2016-07-28,unit,permanent,4000,clear,0,61.7,NA
233_current,2016-07-19,unit,random,0,clear,0,65.3,NA
232_current,2016-07-19,unit,random,0,clear,0,65.3,NA
241_current,2016-07-28,unit,permanent,4000,clear,0,61.7,NA
231_current,2016-07-19,unit,permanent,0,clear,0,63.5,NA
230_current,2016-07-18,unit,random,0,clear,0,65.3,NA
351_current,2018-05-10,unit,permanent,800,partly cloudy,0,55.4,NA
325_current,2018-03-29,unit,permanent,0,hazy,0.75,57.2,NA
326_current,2018-04-10,unit,permanent,3500,cloudy,0,50,NA
321_current,2018-03-20,unit,permanent,1050,precipitation,0,50.9,NA
319_current,2018-03-20,unit,permanent,1050,precipitation,0,51.8,NA
353_current,2018-05-14,unit,permanent,800,clear,0,0,NA
507_current,2020-06-19,unit,permanent,950,clear,0,59.9,NA
488_current,2020-02-24,unit,permanent,800,clear,NA,10,NA
524_current,2020-06-30,unit,permanent,4250,clear,0,20.5,NA
366_current,2018-06-13,unit,permanent,1650,clear,0,64.4,NA
367_current,2018-06-14,unit,permanent,1400,clear,1,16.8,NA
368_current,2018-06-14,unit,permanent,1400,clear,0,60.8,NA
370_current,2018-06-14,unit,permanent,1400,clear,0,61.7,NA
385_current,2018-07-18,unit,permanent,4500,clear,1.4,68.9,NA
472_current,2019-08-07,unit,random,4620,clear,0,0,NA
451_current,2019-07-08,unit,permanent,1400,clear,0,61.7,NA
414_current,2018-08-22,unit,permanent,0,clear,0,59,NA
417_current,2018-09-11,unit,permanent,800,clear,0,58.1,NA
419_current,2018-09-11,unit,permanent,800,clear,0,59,NA
422_current,2018-09-12,unit,permanent,6000,NA,0,60.4,NA
423_current,2018-09-12,unit,permanent,6000,cloudy,1.1,60.4,NA
424_current,2018-09-13,unit,permanent,6000,clear,0,60.8,NA
425_current,2018-09-13,unit,permanent,6000,clear,0,60.8,NA
438_current,2019-05-13,unit,permanent,3500,cloudy,0,53.6,NA
452_current,2019-07-08,unit,permanent,1400,clear,0,60.8,NA
484_current,2019-08-12,unit,permanent,7600,clear,0,64.4,NA
453_current,2019-07-08,unit,permanent,1400,clear,0,61.7,NA
481_current,2019-08-09,unit,permanent,4120,cloudy,0,58.1,NA
483_current,2019-08-12,unit,permanent,7600,clear,0,62.6,NA
439_current,2019-05-13,unit,permanent,3500,cloudy,0,53.6,NA
457_current,2019-07-10,unit,permanent,1200,clear,0,61.7,NA
516_current,2020-06-24,unit,permanent,1240,clear,0,16.5,NA
462_current,2019-07-15,unit,permanent,5300,clear,0,68.9,NA
466_current,2019-07-17,unit,permanent,5300,clear,NA,66.2,NA
470_current,2019-08-06,unit,permanent,4580,cloudy,3,62.6,NA
479_current,2019-08-09,unit,permanent,4120,cloudy,0,59,NA
441_current,2019-05-14,unit,permanent,3500,cloudy,0,51.8,NA
612_current,2021-04-26,unit,permanent,810,partly cloudy,0,13,NA
670_current,2021-07-16,unit,permanent,2070,clear,1.5,17,NA
633_current,2021-05-25,unit,permanent,2500,clear,0,17,NA
538_current,2020-07-22,unit,permanent,0,clear,0,19,NA
617_current,2021-04-27,unit,permanent,0,clear,0,16,NA
625_current,2021-05-18,unit,permanent,750,clear,0,13.5,NA
626_current,2021-05-18,unit,random,750,clear,0,14,NA
641_current,2021-06-22,unit,permanent,2750,clear,0,15.5,NA
631_current,2021-05-21,unit,permanent,710,clear,0,14,NA
642_current,2021-06-22,unit,permanent,2750,clear,0,15.5,NA
650_current,2021-06-25,unit,permanent,2750,clear,0,18.5,NA
645_current,2021-06-23,unit,permanent,2400,clear,0,16,NA
658_current,2021-06-30,unit,permanent,3010,clear,0,18.5,NA
713_current,2021-09-20,unit,permanent,1290,clear,0,15.5,NA
714_current,2021-09-20,unit,permanent,1290,clear,0,13,NA
860_current,2022-08-22,unit,permanent,1020,clear,2,15,NA
679_current,2021-07-20,unit,permanent,2990,clear,0,18.5,NA
662_current,2021-07-14,unit,permanent,1550,clear,0,16.5,NA
683_current,2021-08-25,unit,permanent,670,NA,0,10,NA
664_current,2021-07-14,unit,random,1550,clear,0,18,NA
685_current,2021-08-26,unit,permanent,650,clear,0,10,NA
694_current,2021-08-30,unit,permanent,1320,clear,0,15.5,NA
696_current,2021-08-31,unit,permanent,1280,clear,0,16,NA
698_current,2021-08-31,unit,permanent,1320,clear,0,15.4,NA
699_current,2021-08-31,unit,permanent,1320,clear,0,15.3,NA
701_current,2021-09-13,unit,permanent,680,clear,0,11,NA
717_current,2021-09-21,unit,permanent,1290,clear,0,17.5,NA
719_current,2021-09-21,unit,permanent,1290,clear,0,16,NA
738_current,2022-02-23,unit,permanent,670,clear,NA,9.5,NA
853_current,2022-07-27,unit,permanent,3750,clear,0,18.5,NA
770_current,2022-03-28,unit,permanent,3500,precipitation,1.5,14.75,NA
767_current,2022-03-25,unit,permanent,650,clear,2,13.5,NA
776_current,2022-03-29,unit,permanent,3500,clear,1.5,0,NA
780_current,2022-04-25,unit,permanent,650,clear,0,13,NA
787_current,2022-04-27,unit,permanent,650,clear,2,14.5,NA
793_current,2022-04-28,unit,permanent,800,clear,2,0,NA
823_current,2022-06-22,unit,permanent,3500,clear,1.5,18.5,NA
824_current,2022-06-22,unit,permanent,3500,clear,1.5,19,NA
827_current,2022-06-23,unit,permanent,1480,clear,0,16,NA
837_current,2022-06-24,unit,permanent,1480,clear,1.5,17.5,NA
868_current,2022-08-25,unit,permanent,3010,clear,2,19,NA
872_current,2022-08-26,unit,permanent,3010,clear,3.5,19,NA
805_current,2022-05-24,unit,random,650,NA,0.75,15,NA
873_current,2022-08-26,unit,permanent,3010,clear,3,19.5,NA
876_current,2023-02-06,unit,permanent,980,clear,1.5,9,NA
937_current,2023-07-17,unit,permanent,1500,clear,1.75,15.5,NA
889_current,2023-02-10,unit,permanent,680,clear,0.75,8.5,NA
943_current,2023-07-19,unit,permanent,2000,clear,1.25,17,NA
911_current,2023-05-22,unit,permanent,5650,clear,1.5,11,NA
895_current,2023-05-26,unit,permanent,10000,clear,1,16,NA
948_current,2023-07-20,unit,permanent,5000,clear,1.5,19.5,NA
947_current,2023-07-20,unit,permanent,5000,clear,1.5,20,NA
900_current,2023-05-25,unit,permanent,10000,clear,2,16,NA
904_current,2023-05-23,unit,permanent,4660,clear,1.5,12.5,NA
