year,location,surveyed,survey_week
2014,bedrock,FALSE,NA
2014,belowlowerauditorium,FALSE,NA
2014,cottonwood,TRUE,1
2014,cottonwood,TRUE,2
2014,cottonwood,TRUE,3
2014,cottonwood,TRUE,4
2014,cottonwood,TRUE,9
2014,hatchery,TRUE,1
2014,hatchery,TRUE,2
2014,hatchery,TRUE,3
2014,hatchery,TRUE,4
2014,hatchery,TRUE,5
2014,hatchery,TRUE,6
2014,hatchery,TRUE,7
2014,hatchery,TRUE,8
2014,hatcherypipe,FALSE,NA
2014,hatcherysidechannel,FALSE,NA
2014,lowerauditorium,TRUE,1
2014,lowerauditorium,TRUE,2
2014,lowerauditorium,TRUE,5
2014,lowerauditorium,TRUE,6
2014,lowerauditorium,TRUE,7
2014,lowerauditorium,TRUE,8
2014,lowertablemountain,FALSE,NA
2014,middleauditorium,TRUE,1
2014,middleauditorium,TRUE,2
2014,middleauditorium,TRUE,3
2014,middleauditorium,TRUE,4
2014,middleauditorium,TRUE,5
2014,middleauditorium,TRUE,6
2014,middleauditorium,TRUE,7
2014,middleauditorium,TRUE,8
2014,moessidechannel,TRUE,1
2014,moessidechannel,TRUE,2
2014,moessidechannel,TRUE,3
2014,moessidechannel,TRUE,4
2014,moessidechannel,TRUE,5
2014,moessidechannel,TRUE,6
2014,moessidechannel,TRUE,7
2014,moessidechannel,TRUE,8
2014,tablemountain,FALSE,NA
2014,topofauditorium,TRUE,1
2014,topofauditorium,TRUE,2
2014,topofauditorium,TRUE,3
2014,topofauditorium,TRUE,4
2014,topofauditorium,TRUE,5
2014,topofauditorium,TRUE,6
2014,topofauditorium,TRUE,7
2014,topofauditorium,TRUE,8
2014,topofauditorium,TRUE,9
2014,topofhatchery,FALSE,NA
2014,upperauditorium,TRUE,1
2014,upperauditorium,TRUE,2
2014,upperauditorium,TRUE,3
2014,upperauditorium,TRUE,4
2014,upperauditorium,TRUE,5
2014,upperauditorium,TRUE,6
2014,upperauditorium,TRUE,7
2014,upperauditorium,TRUE,8
2014,uppercottonwood,TRUE,1
2014,uppercottonwood,TRUE,2
2014,uppercottonwood,TRUE,3
2014,uppercottonwood,TRUE,4
2014,uppercottonwood,TRUE,5
2014,uppercottonwood,TRUE,6
2014,uppercottonwood,TRUE,7
2014,uppercottonwood,TRUE,8
2014,uppercottonwood,TRUE,9
2014,upperhatchery,TRUE,1
2014,upperhatchery,TRUE,2
2014,upperhatchery,TRUE,3
2014,upperhatchery,TRUE,4
2014,upperhatchery,TRUE,5
2014,upperhatchery,TRUE,6
2014,upperhatchery,TRUE,7
2014,upperhatchery,TRUE,8
2014,upperhatchery,TRUE,9
2014,belowbigholeeast,TRUE,5
2014,belowbigholeeast,TRUE,8
2014,belowbigholeeast,TRUE,10
2014,belowbigholeeast,TRUE,11
2014,bigbar,TRUE,5
2014,bigbar,TRUE,8
2014,bigbar,TRUE,10
2014,bigbar,TRUE,11
2014,bigholeeast,TRUE,5
2014,bigholeeast,TRUE,8
2014,bigholeeast,TRUE,10
2014,bigholeeast,TRUE,11
2014,bigholewest,TRUE,5
2014,bigholewest,TRUE,8
2014,bigholewest,TRUE,10
2014,bigholewest,TRUE,11
2014,developing,TRUE,5
2014,developing,TRUE,8
2014,developing,TRUE,10
2014,developing,TRUE,11
2014,g95eastsidechannelbottom,TRUE,5
2014,g95eastsidechannelbottom,TRUE,8
2014,g95eastsidechannelbottom,TRUE,10
2014,g95eastsidechannelbottom,TRUE,11
2014,g95eastsidechanneltop,TRUE,5
2014,g95eastsidechanneltop,TRUE,8
2014,g95eastsidechanneltop,TRUE,10
2014,g95eastsidechanneltop,TRUE,11
2014,g95main,TRUE,5
2014,g95main,TRUE,8
2014,g95main,TRUE,10
2014,g95main,TRUE,11
2014,g95westsidechannel,FALSE,NA
2014,goose,TRUE,5
2014,goose,TRUE,8
2014,goose,TRUE,10
2014,goose,TRUE,11
2014,keister,TRUE,5
2014,keister,TRUE,8
2014,keister,TRUE,10
2014,keister,TRUE,11
2014,lowerbig,FALSE,NA
2014,lowerhour,TRUE,5
2014,lowerhour,TRUE,8
2014,lowerhour,TRUE,10
2014,lowerhour,TRUE,11
2014,lowermcfarland,TRUE,5
2014,lowermcfarland,TRUE,8
2014,lowermcfarland,TRUE,10
2014,lowermcfarland,TRUE,11
2014,lowervanceeast,TRUE,5
2014,lowervanceeast,TRUE,8
2014,lowervanceeast,TRUE,10
2014,lowervanceeast,TRUE,11
2014,palm,FALSE,NA
2014,upperhour,TRUE,5
2014,upperhour,TRUE,8
2014,upperhour,TRUE,10
2014,upperhour,TRUE,11
2014,uppermcfarland,TRUE,5
2014,uppermcfarland,TRUE,8
2014,uppermcfarland,TRUE,10
2014,uppermcfarland,TRUE,11
2014,vanceeast,TRUE,5
2014,vanceeast,TRUE,8
2014,vanceeast,TRUE,10
2014,vanceeast,TRUE,11
2014,aleck,FALSE,NA
2014,eye,FALSE,NA
2014,eyesidechannel,FALSE,NA
2014,gateway,FALSE,NA
2014,greatwestern,FALSE,NA
2014,lowerrobinson,FALSE,NA
2014,mathews,FALSE,NA
2014,steep,FALSE,NA
2014,steepsidechannel,FALSE,NA
2014,trailerpark,FALSE,NA
2014,uppermathews,FALSE,NA
2014,upperrobinson,FALSE,NA
2014,vancewest,FALSE,NA
2014,weir,FALSE,NA
2015,bedrock,FALSE,NA
2015,belowlowerauditorium,FALSE,NA
2015,cottonwood,TRUE,1
2015,cottonwood,TRUE,2
2015,cottonwood,TRUE,3
2015,cottonwood,TRUE,4
2015,cottonwood,TRUE,5
2015,cottonwood,TRUE,6
2015,cottonwood,TRUE,7
2015,cottonwood,TRUE,8
2015,cottonwood,TRUE,9
2015,cottonwood,TRUE,10
2015,cottonwood,TRUE,11
2015,cottonwood,TRUE,12
2015,cottonwood,TRUE,13
2015,hatchery,TRUE,1
2015,hatchery,TRUE,2
2015,hatchery,TRUE,3
2015,hatchery,TRUE,4
2015,hatchery,TRUE,5
2015,hatchery,TRUE,6
2015,hatchery,TRUE,7
2015,hatchery,TRUE,8
2015,hatchery,TRUE,9
2015,hatchery,TRUE,10
2015,hatchery,TRUE,11
2015,hatchery,TRUE,12
2015,hatchery,TRUE,13
2015,hatcherypipe,FALSE,NA
2015,hatcherysidechannel,TRUE,9
2015,hatcherysidechannel,TRUE,10
2015,hatcherysidechannel,TRUE,11
2015,hatcherysidechannel,TRUE,12
2015,hatcherysidechannel,TRUE,13
2015,lowerauditorium,TRUE,1
2015,lowerauditorium,TRUE,2
2015,lowerauditorium,TRUE,3
2015,lowerauditorium,TRUE,4
2015,lowerauditorium,TRUE,5
2015,lowerauditorium,TRUE,6
2015,lowerauditorium,TRUE,7
2015,lowerauditorium,TRUE,8
2015,lowerauditorium,TRUE,9
2015,lowerauditorium,TRUE,10
2015,lowerauditorium,TRUE,11
2015,lowerauditorium,TRUE,12
2015,lowerauditorium,TRUE,13
2015,lowertablemountain,FALSE,NA
2015,middleauditorium,TRUE,1
2015,middleauditorium,TRUE,2
2015,middleauditorium,TRUE,3
2015,middleauditorium,TRUE,4
2015,middleauditorium,TRUE,5
2015,middleauditorium,TRUE,6
2015,middleauditorium,TRUE,7
2015,middleauditorium,TRUE,8
2015,middleauditorium,TRUE,9
2015,middleauditorium,TRUE,10
2015,middleauditorium,TRUE,11
2015,middleauditorium,TRUE,12
2015,middleauditorium,TRUE,13
2015,moessidechannel,TRUE,1
2015,moessidechannel,TRUE,2
2015,moessidechannel,TRUE,3
2015,moessidechannel,TRUE,4
2015,moessidechannel,TRUE,5
2015,moessidechannel,TRUE,6
2015,moessidechannel,TRUE,7
2015,moessidechannel,TRUE,8
2015,moessidechannel,TRUE,9
2015,moessidechannel,TRUE,10
2015,moessidechannel,TRUE,11
2015,moessidechannel,TRUE,12
2015,moessidechannel,TRUE,13
2015,tablemountain,TRUE,9
2015,tablemountain,TRUE,10
2015,tablemountain,TRUE,11
2015,tablemountain,TRUE,12
2015,tablemountain,TRUE,13
2015,topofauditorium,TRUE,1
2015,topofauditorium,TRUE,2
2015,topofauditorium,TRUE,3
2015,topofauditorium,TRUE,4
2015,topofauditorium,TRUE,5
2015,topofauditorium,TRUE,6
2015,topofauditorium,TRUE,7
2015,topofauditorium,TRUE,8
2015,topofauditorium,TRUE,9
2015,topofauditorium,TRUE,10
2015,topofauditorium,TRUE,11
2015,topofauditorium,TRUE,12
2015,topofauditorium,TRUE,13
2015,topofhatchery,FALSE,NA
2015,upperauditorium,TRUE,1
2015,upperauditorium,TRUE,2
2015,upperauditorium,TRUE,3
2015,upperauditorium,TRUE,4
2015,upperauditorium,TRUE,5
2015,upperauditorium,TRUE,6
2015,upperauditorium,TRUE,7
2015,upperauditorium,TRUE,8
2015,upperauditorium,TRUE,9
2015,upperauditorium,TRUE,10
2015,upperauditorium,TRUE,11
2015,upperauditorium,TRUE,12
2015,upperauditorium,TRUE,13
2015,uppercottonwood,TRUE,1
2015,uppercottonwood,TRUE,2
2015,uppercottonwood,TRUE,3
2015,uppercottonwood,TRUE,4
2015,uppercottonwood,TRUE,5
2015,uppercottonwood,TRUE,6
2015,uppercottonwood,TRUE,7
2015,uppercottonwood,TRUE,8
2015,uppercottonwood,TRUE,9
2015,uppercottonwood,TRUE,10
2015,uppercottonwood,TRUE,11
2015,uppercottonwood,TRUE,12
2015,uppercottonwood,TRUE,13
2015,upperhatchery,TRUE,1
2015,upperhatchery,TRUE,2
2015,upperhatchery,TRUE,3
2015,upperhatchery,TRUE,4
2015,upperhatchery,TRUE,5
2015,upperhatchery,TRUE,6
2015,upperhatchery,TRUE,7
2015,upperhatchery,TRUE,8
2015,upperhatchery,TRUE,9
2015,upperhatchery,TRUE,10
2015,upperhatchery,TRUE,11
2015,upperhatchery,TRUE,12
2015,upperhatchery,TRUE,13
2015,bigbar,TRUE,5
2015,bigbar,TRUE,6
2015,bigbar,TRUE,10
2015,bigbar,TRUE,13
2015,bigholeeast,TRUE,5
2015,bigholeeast,TRUE,6
2015,bigholeeast,TRUE,10
2015,bigholeeast,TRUE,13
2015,bigholewest,TRUE,5
2015,bigholewest,TRUE,6
2015,bigholewest,TRUE,10
2015,bigholewest,TRUE,13
2015,developing,TRUE,5
2015,developing,TRUE,6
2015,developing,TRUE,10
2015,developing,TRUE,13
2015,g95eastsidechannelbottom,TRUE,5
2015,g95eastsidechannelbottom,TRUE,6
2015,g95eastsidechannelbottom,TRUE,10
2015,g95eastsidechannelbottom,TRUE,13
2015,g95eastsidechanneltop,TRUE,5
2015,g95eastsidechanneltop,TRUE,6
2015,g95eastsidechanneltop,TRUE,10
2015,g95eastsidechanneltop,TRUE,13
2015,g95main,TRUE,5
2015,g95main,TRUE,6
2015,g95main,TRUE,10
2015,g95main,TRUE,13
2015,g95westsidechannel,TRUE,5
2015,g95westsidechannel,TRUE,6
2015,g95westsidechannel,TRUE,10
2015,g95westsidechannel,TRUE,13
2015,goose,TRUE,5
2015,goose,TRUE,6
2015,goose,TRUE,10
2015,goose,TRUE,13
2015,keister,TRUE,5
2015,keister,TRUE,6
2015,keister,TRUE,10
2015,keister,TRUE,13
2015,lowerhour,TRUE,5
2015,lowerhour,TRUE,6
2015,lowerhour,TRUE,10
2015,lowerhour,TRUE,13
2015,lowermcfarland,TRUE,5
2015,lowermcfarland,TRUE,6
2015,lowermcfarland,TRUE,10
2015,lowermcfarland,TRUE,13
2015,lowervanceeast,TRUE,5
2015,lowervanceeast,TRUE,6
2015,lowervanceeast,TRUE,10
2015,lowervanceeast,TRUE,13
2015,upperhour,TRUE,5
2015,upperhour,TRUE,6
2015,upperhour,TRUE,10
2015,upperhour,TRUE,13
2015,uppermcfarland,TRUE,5
2015,uppermcfarland,TRUE,6
2015,uppermcfarland,TRUE,10
2015,uppermcfarland,TRUE,13
2015,vanceeast,TRUE,5
2015,vanceeast,TRUE,6
2015,vanceeast,TRUE,10
2015,vanceeast,TRUE,13
2015,vancewest,TRUE,5
2015,vancewest,TRUE,6
2015,vancewest,TRUE,10
2015,vancewest,TRUE,13
2015,aleck,FALSE,NA
2015,eye,FALSE,NA
2015,eyesidechannel,FALSE,NA
2015,gateway,FALSE,NA
2015,greatwestern,FALSE,NA
2015,lowerrobinson,FALSE,NA
2015,mathews,FALSE,NA
2015,steep,FALSE,NA
2015,steepsidechannel,FALSE,NA
2015,trailerpark,FALSE,NA
2015,uppermathews,FALSE,NA
2015,upperrobinson,FALSE,NA
2015,weir,FALSE,NA
2016,bedrock,FALSE,NA
2016,belowlowerauditorium,FALSE,NA
2016,cottonwood,TRUE,1
2016,cottonwood,TRUE,2
2016,cottonwood,TRUE,3
2016,cottonwood,TRUE,4
2016,cottonwood,TRUE,5
2016,cottonwood,TRUE,6
2016,cottonwood,TRUE,7
2016,cottonwood,TRUE,8
2016,cottonwood,TRUE,9
2016,hatchery,TRUE,1
2016,hatchery,TRUE,2
2016,hatchery,TRUE,3
2016,hatchery,TRUE,4
2016,hatchery,TRUE,5
2016,hatchery,TRUE,6
2016,hatchery,TRUE,7
2016,hatchery,TRUE,8
2016,hatchery,TRUE,9
2016,hatcherypipe,FALSE,NA
2016,hatcherysidechannel,FALSE,NA
2016,lowerauditorium,TRUE,1
2016,lowerauditorium,TRUE,2
2016,lowerauditorium,TRUE,3
2016,lowerauditorium,TRUE,4
2016,lowerauditorium,TRUE,5
2016,lowerauditorium,TRUE,6
2016,lowerauditorium,TRUE,7
2016,lowerauditorium,TRUE,8
2016,lowerauditorium,TRUE,9
2016,lowertablemountain,FALSE,NA
2016,middleauditorium,TRUE,1
2016,middleauditorium,TRUE,2
2016,middleauditorium,TRUE,3
2016,middleauditorium,TRUE,4
2016,middleauditorium,TRUE,5
2016,middleauditorium,TRUE,6
2016,middleauditorium,TRUE,7
2016,middleauditorium,TRUE,8
2016,middleauditorium,TRUE,9
2016,moessidechannel,TRUE,1
2016,moessidechannel,TRUE,2
2016,moessidechannel,TRUE,3
2016,moessidechannel,TRUE,4
2016,moessidechannel,TRUE,5
2016,moessidechannel,TRUE,6
2016,moessidechannel,TRUE,7
2016,moessidechannel,TRUE,8
2016,tablemountain,FALSE,NA
2016,topofauditorium,TRUE,1
2016,topofauditorium,TRUE,2
2016,topofauditorium,TRUE,3
2016,topofauditorium,TRUE,4
2016,topofauditorium,TRUE,5
2016,topofauditorium,TRUE,6
2016,topofauditorium,TRUE,7
2016,topofauditorium,TRUE,8
2016,topofauditorium,TRUE,9
2016,topofhatchery,FALSE,NA
2016,upperauditorium,TRUE,1
2016,upperauditorium,TRUE,2
2016,upperauditorium,TRUE,3
2016,upperauditorium,TRUE,4
2016,upperauditorium,TRUE,5
2016,upperauditorium,TRUE,6
2016,upperauditorium,TRUE,7
2016,upperauditorium,TRUE,8
2016,upperauditorium,TRUE,9
2016,uppercottonwood,TRUE,1
2016,uppercottonwood,TRUE,2
2016,uppercottonwood,TRUE,3
2016,uppercottonwood,TRUE,4
2016,uppercottonwood,TRUE,5
2016,uppercottonwood,TRUE,6
2016,uppercottonwood,TRUE,7
2016,uppercottonwood,TRUE,8
2016,uppercottonwood,TRUE,9
2016,upperhatchery,TRUE,1
2016,upperhatchery,TRUE,2
2016,upperhatchery,TRUE,3
2016,upperhatchery,TRUE,4
2016,upperhatchery,TRUE,5
2016,upperhatchery,TRUE,6
2016,upperhatchery,TRUE,7
2016,upperhatchery,TRUE,8
2016,upperhatchery,TRUE,9
2016,belowbigholeeast,FALSE,NA
2016,bigbar,FALSE,NA
2016,bigholeeast,FALSE,NA
2016,bigholewest,FALSE,NA
2016,developing,FALSE,NA
2016,g95eastsidechannelbottom,FALSE,NA
2016,g95eastsidechanneltop,FALSE,NA
2016,g95main,FALSE,NA
2016,g95westsidechannel,FALSE,NA
2016,goose,FALSE,NA
2016,keister,FALSE,NA
2016,lowerbig,FALSE,NA
2016,lowerhour,FALSE,NA
2016,lowermcfarland,FALSE,NA
2016,lowervanceeast,FALSE,NA
2016,palm,FALSE,NA
2016,upperhour,FALSE,NA
2016,uppermcfarland,FALSE,NA
2016,vanceeast,FALSE,NA
2016,vancewest,FALSE,NA
2016,aleck,FALSE,NA
2016,eye,FALSE,NA
2016,eyesidechannel,FALSE,NA
2016,gateway,FALSE,NA
2016,greatwestern,FALSE,NA
2016,lowerrobinson,FALSE,NA
2016,mathews,FALSE,NA
2016,steep,FALSE,NA
2016,steepsidechannel,FALSE,NA
2016,trailerpark,FALSE,NA
2016,uppermathews,FALSE,NA
2016,upperrobinson,FALSE,NA
2016,weir,FALSE,NA
2017,bedrock,FALSE,NA
2017,belowlowerauditorium,FALSE,NA
2017,cottonwood,TRUE,1
2017,cottonwood,TRUE,2
2017,cottonwood,TRUE,3
2017,cottonwood,TRUE,4
2017,cottonwood,TRUE,5
2017,cottonwood,TRUE,6
2017,cottonwood,TRUE,7
2017,cottonwood,TRUE,8
2017,cottonwood,TRUE,9
2017,cottonwood,TRUE,10
2017,cottonwood,TRUE,11
2017,hatchery,TRUE,1
2017,hatchery,TRUE,2
2017,hatchery,TRUE,3
2017,hatchery,TRUE,4
2017,hatchery,TRUE,5
2017,hatchery,TRUE,6
2017,hatchery,TRUE,7
2017,hatchery,TRUE,8
2017,hatchery,TRUE,9
2017,hatchery,TRUE,10
2017,hatchery,TRUE,11
2017,hatcherypipe,FALSE,NA
2017,hatcherysidechannel,TRUE,1
2017,hatcherysidechannel,TRUE,2
2017,hatcherysidechannel,TRUE,3
2017,hatcherysidechannel,TRUE,4
2017,hatcherysidechannel,TRUE,5
2017,hatcherysidechannel,TRUE,6
2017,hatcherysidechannel,TRUE,7
2017,hatcherysidechannel,TRUE,8
2017,hatcherysidechannel,TRUE,9
2017,hatcherysidechannel,TRUE,10
2017,hatcherysidechannel,TRUE,11
2017,lowerauditorium,TRUE,1
2017,lowerauditorium,TRUE,2
2017,lowerauditorium,TRUE,3
2017,lowerauditorium,TRUE,4
2017,lowerauditorium,TRUE,5
2017,lowerauditorium,TRUE,6
2017,lowerauditorium,TRUE,7
2017,lowerauditorium,TRUE,8
2017,lowerauditorium,TRUE,9
2017,lowerauditorium,TRUE,10
2017,lowerauditorium,TRUE,11
2017,lowertablemountain,TRUE,9
2017,lowertablemountain,TRUE,11
2017,middleauditorium,TRUE,1
2017,middleauditorium,TRUE,2
2017,middleauditorium,TRUE,3
2017,middleauditorium,TRUE,4
2017,middleauditorium,TRUE,5
2017,middleauditorium,TRUE,6
2017,middleauditorium,TRUE,7
2017,middleauditorium,TRUE,8
2017,middleauditorium,TRUE,9
2017,middleauditorium,TRUE,10
2017,middleauditorium,TRUE,11
2017,moessidechannel,TRUE,1
2017,moessidechannel,TRUE,2
2017,moessidechannel,TRUE,3
2017,moessidechannel,TRUE,4
2017,moessidechannel,TRUE,5
2017,moessidechannel,TRUE,6
2017,moessidechannel,TRUE,7
2017,moessidechannel,TRUE,8
2017,moessidechannel,TRUE,9
2017,moessidechannel,TRUE,10
2017,moessidechannel,TRUE,11
2017,tablemountain,TRUE,9
2017,tablemountain,TRUE,11
2017,topofauditorium,TRUE,1
2017,topofauditorium,TRUE,2
2017,topofauditorium,TRUE,3
2017,topofauditorium,TRUE,4
2017,topofauditorium,TRUE,5
2017,topofauditorium,TRUE,6
2017,topofauditorium,TRUE,7
2017,topofauditorium,TRUE,8
2017,topofauditorium,TRUE,9
2017,topofauditorium,TRUE,10
2017,topofauditorium,TRUE,11
2017,topofhatchery,TRUE,1
2017,topofhatchery,TRUE,2
2017,topofhatchery,TRUE,3
2017,topofhatchery,TRUE,4
2017,topofhatchery,TRUE,5
2017,topofhatchery,TRUE,6
2017,topofhatchery,TRUE,7
2017,topofhatchery,TRUE,8
2017,topofhatchery,TRUE,9
2017,topofhatchery,TRUE,10
2017,topofhatchery,TRUE,11
2017,upperauditorium,TRUE,1
2017,upperauditorium,TRUE,2
2017,upperauditorium,TRUE,3
2017,upperauditorium,TRUE,4
2017,upperauditorium,TRUE,5
2017,upperauditorium,TRUE,6
2017,upperauditorium,TRUE,7
2017,upperauditorium,TRUE,8
2017,upperauditorium,TRUE,9
2017,upperauditorium,TRUE,10
2017,upperauditorium,TRUE,11
2017,uppercottonwood,TRUE,1
2017,uppercottonwood,TRUE,2
2017,uppercottonwood,TRUE,3
2017,uppercottonwood,TRUE,4
2017,uppercottonwood,TRUE,5
2017,uppercottonwood,TRUE,6
2017,uppercottonwood,TRUE,7
2017,uppercottonwood,TRUE,8
2017,uppercottonwood,TRUE,9
2017,uppercottonwood,TRUE,10
2017,uppercottonwood,TRUE,11
2017,upperhatchery,TRUE,1
2017,upperhatchery,TRUE,2
2017,upperhatchery,TRUE,3
2017,upperhatchery,TRUE,4
2017,upperhatchery,TRUE,5
2017,upperhatchery,TRUE,6
2017,upperhatchery,TRUE,7
2017,upperhatchery,TRUE,8
2017,upperhatchery,TRUE,9
2017,upperhatchery,TRUE,10
2017,upperhatchery,TRUE,11
2017,belowbigholeeast,TRUE,3
2017,belowbigholeeast,TRUE,7
2017,belowbigholeeast,TRUE,9
2017,belowbigholeeast,TRUE,11
2017,belowbigholeeast,TRUE,12
2017,bigbar,TRUE,3
2017,bigbar,TRUE,7
2017,bigbar,TRUE,9
2017,bigbar,TRUE,11
2017,bigbar,TRUE,12
2017,bigholeeast,TRUE,3
2017,bigholeeast,TRUE,7
2017,bigholeeast,TRUE,9
2017,bigholeeast,TRUE,11
2017,bigholeeast,TRUE,12
2017,bigholewest,TRUE,3
2017,bigholewest,TRUE,7
2017,bigholewest,TRUE,9
2017,bigholewest,TRUE,11
2017,bigholewest,TRUE,12
2017,developing,TRUE,3
2017,developing,TRUE,7
2017,developing,TRUE,9
2017,developing,TRUE,11
2017,developing,TRUE,12
2017,g95eastsidechannelbottom,TRUE,3
2017,g95eastsidechannelbottom,TRUE,7
2017,g95eastsidechannelbottom,TRUE,9
2017,g95eastsidechannelbottom,TRUE,11
2017,g95eastsidechannelbottom,TRUE,12
2017,g95eastsidechanneltop,TRUE,3
2017,g95eastsidechanneltop,TRUE,7
2017,g95eastsidechanneltop,TRUE,9
2017,g95eastsidechanneltop,TRUE,11
2017,g95eastsidechanneltop,TRUE,12
2017,g95main,TRUE,3
2017,g95main,TRUE,7
2017,g95main,TRUE,9
2017,g95main,TRUE,11
2017,g95main,TRUE,12
2017,g95westsidechannel,TRUE,3
2017,g95westsidechannel,TRUE,7
2017,g95westsidechannel,TRUE,9
2017,g95westsidechannel,TRUE,11
2017,g95westsidechannel,TRUE,12
2017,goose,TRUE,3
2017,goose,TRUE,7
2017,goose,TRUE,9
2017,goose,TRUE,11
2017,goose,TRUE,12
2017,keister,TRUE,3
2017,keister,TRUE,7
2017,keister,TRUE,9
2017,keister,TRUE,11
2017,keister,TRUE,12
2017,lowerbig,TRUE,3
2017,lowerbig,TRUE,7
2017,lowerbig,TRUE,9
2017,lowerbig,TRUE,11
2017,lowerbig,TRUE,12
2017,lowerhour,TRUE,3
2017,lowerhour,TRUE,7
2017,lowerhour,TRUE,9
2017,lowerhour,TRUE,11
2017,lowerhour,TRUE,12
2017,lowermcfarland,TRUE,3
2017,lowermcfarland,TRUE,7
2017,lowermcfarland,TRUE,9
2017,lowermcfarland,TRUE,11
2017,lowermcfarland,TRUE,12
2017,lowervanceeast,TRUE,3
2017,lowervanceeast,TRUE,7
2017,lowervanceeast,TRUE,9
2017,lowervanceeast,TRUE,11
2017,lowervanceeast,TRUE,12
2017,palm,TRUE,3
2017,palm,TRUE,7
2017,palm,TRUE,9
2017,palm,TRUE,11
2017,palm,TRUE,12
2017,upperhour,TRUE,3
2017,upperhour,TRUE,7
2017,upperhour,TRUE,9
2017,upperhour,TRUE,11
2017,upperhour,TRUE,12
2017,uppermcfarland,TRUE,3
2017,uppermcfarland,TRUE,7
2017,uppermcfarland,TRUE,9
2017,uppermcfarland,TRUE,11
2017,uppermcfarland,TRUE,12
2017,vanceeast,TRUE,3
2017,vanceeast,TRUE,7
2017,vanceeast,TRUE,9
2017,vanceeast,TRUE,11
2017,vanceeast,TRUE,12
2017,vancewest,TRUE,3
2017,vancewest,TRUE,7
2017,vancewest,TRUE,9
2017,vancewest,TRUE,11
2017,vancewest,TRUE,12
2017,aleck,TRUE,1
2017,aleck,TRUE,2
2017,aleck,TRUE,4
2017,aleck,TRUE,5
2017,aleck,TRUE,6
2017,aleck,TRUE,7
2017,aleck,TRUE,8
2017,aleck,TRUE,9
2017,aleck,TRUE,10
2017,aleck,TRUE,11
2017,eyesidechannel,TRUE,1
2017,eyesidechannel,TRUE,2
2017,eyesidechannel,TRUE,4
2017,eyesidechannel,TRUE,5
2017,eyesidechannel,TRUE,6
2017,eyesidechannel,TRUE,7
2017,eyesidechannel,TRUE,8
2017,eyesidechannel,TRUE,9
2017,eyesidechannel,TRUE,10
2017,eyesidechannel,TRUE,11
2017,gateway,TRUE,1
2017,gateway,TRUE,2
2017,gateway,TRUE,4
2017,gateway,TRUE,5
2017,gateway,TRUE,6
2017,gateway,TRUE,7
2017,gateway,TRUE,8
2017,gateway,TRUE,9
2017,gateway,TRUE,10
2017,gateway,TRUE,11
2017,greatwestern,TRUE,1
2017,greatwestern,TRUE,2
2017,greatwestern,TRUE,4
2017,greatwestern,TRUE,5
2017,greatwestern,TRUE,6
2017,greatwestern,TRUE,7
2017,greatwestern,TRUE,8
2017,greatwestern,TRUE,9
2017,greatwestern,TRUE,10
2017,greatwestern,TRUE,11
2017,lowerrobinson,TRUE,1
2017,lowerrobinson,TRUE,2
2017,lowerrobinson,TRUE,4
2017,lowerrobinson,TRUE,5
2017,lowerrobinson,TRUE,6
2017,lowerrobinson,TRUE,7
2017,lowerrobinson,TRUE,8
2017,lowerrobinson,TRUE,9
2017,lowerrobinson,TRUE,10
2017,lowerrobinson,TRUE,11
2017,mathews,TRUE,1
2017,mathews,TRUE,2
2017,mathews,TRUE,4
2017,mathews,TRUE,5
2017,mathews,TRUE,6
2017,mathews,TRUE,7
2017,mathews,TRUE,8
2017,mathews,TRUE,9
2017,mathews,TRUE,10
2017,mathews,TRUE,11
2017,steep,TRUE,1
2017,steep,TRUE,2
2017,steep,TRUE,4
2017,steep,TRUE,5
2017,steep,TRUE,6
2017,steep,TRUE,7
2017,steep,TRUE,8
2017,steep,TRUE,9
2017,steep,TRUE,10
2017,steep,TRUE,11
2017,steepsidechannel,TRUE,1
2017,steepsidechannel,TRUE,2
2017,steepsidechannel,TRUE,4
2017,steepsidechannel,TRUE,5
2017,steepsidechannel,TRUE,6
2017,steepsidechannel,TRUE,7
2017,steepsidechannel,TRUE,8
2017,steepsidechannel,TRUE,9
2017,steepsidechannel,TRUE,10
2017,steepsidechannel,TRUE,11
2017,trailerpark,TRUE,1
2017,trailerpark,TRUE,2
2017,trailerpark,TRUE,4
2017,trailerpark,TRUE,5
2017,trailerpark,TRUE,6
2017,trailerpark,TRUE,7
2017,trailerpark,TRUE,8
2017,trailerpark,TRUE,9
2017,trailerpark,TRUE,10
2017,trailerpark,TRUE,11
2017,uppermathews,TRUE,1
2017,uppermathews,TRUE,2
2017,uppermathews,TRUE,4
2017,uppermathews,TRUE,5
2017,uppermathews,TRUE,6
2017,uppermathews,TRUE,7
2017,uppermathews,TRUE,8
2017,uppermathews,TRUE,9
2017,uppermathews,TRUE,10
2017,uppermathews,TRUE,11
2017,upperrobinson,TRUE,1
2017,upperrobinson,TRUE,2
2017,upperrobinson,TRUE,4
2017,upperrobinson,TRUE,5
2017,upperrobinson,TRUE,6
2017,upperrobinson,TRUE,7
2017,upperrobinson,TRUE,8
2017,upperrobinson,TRUE,9
2017,upperrobinson,TRUE,10
2017,upperrobinson,TRUE,11
2017,weir,TRUE,1
2017,weir,TRUE,2
2017,weir,TRUE,4
2017,weir,TRUE,5
2017,weir,TRUE,6
2017,weir,TRUE,7
2017,weir,TRUE,8
2017,weir,TRUE,9
2017,weir,TRUE,10
2017,weir,TRUE,11
2018,bedrock,TRUE,1
2018,bedrock,TRUE,2
2018,bedrock,TRUE,3
2018,bedrock,TRUE,4
2018,bedrock,TRUE,5
2018,bedrock,TRUE,6
2018,bedrock,TRUE,7
2018,bedrock,TRUE,8
2018,belowlowerauditorium,TRUE,1
2018,belowlowerauditorium,TRUE,2
2018,belowlowerauditorium,TRUE,3
2018,belowlowerauditorium,TRUE,4
2018,belowlowerauditorium,TRUE,5
2018,belowlowerauditorium,TRUE,6
2018,belowlowerauditorium,TRUE,7
2018,belowlowerauditorium,TRUE,8
2018,cottonwood,TRUE,1
2018,cottonwood,TRUE,2
2018,cottonwood,TRUE,3
2018,cottonwood,TRUE,4
2018,cottonwood,TRUE,5
2018,cottonwood,TRUE,6
2018,cottonwood,TRUE,7
2018,cottonwood,TRUE,8
2018,hatchery,TRUE,1
2018,hatchery,TRUE,2
2018,hatchery,TRUE,3
2018,hatchery,TRUE,4
2018,hatchery,TRUE,5
2018,hatchery,TRUE,6
2018,hatchery,TRUE,7
2018,hatchery,TRUE,8
2018,hatcherypipe,TRUE,1
2018,hatcherypipe,TRUE,2
2018,hatcherypipe,TRUE,3
2018,hatcherypipe,TRUE,4
2018,hatcherypipe,TRUE,5
2018,hatcherypipe,TRUE,6
2018,hatcherypipe,TRUE,7
2018,hatcherypipe,TRUE,8
2018,hatcherysidechannel,TRUE,1
2018,hatcherysidechannel,TRUE,2
2018,hatcherysidechannel,TRUE,3
2018,hatcherysidechannel,TRUE,4
2018,hatcherysidechannel,TRUE,5
2018,hatcherysidechannel,TRUE,6
2018,hatcherysidechannel,TRUE,7
2018,hatcherysidechannel,TRUE,8
2018,lowerauditorium,TRUE,1
2018,lowerauditorium,TRUE,2
2018,lowerauditorium,TRUE,3
2018,lowerauditorium,TRUE,4
2018,lowerauditorium,TRUE,5
2018,lowerauditorium,TRUE,6
2018,lowerauditorium,TRUE,7
2018,lowerauditorium,TRUE,8
2018,lowertablemountain,TRUE,1
2018,lowertablemountain,TRUE,2
2018,lowertablemountain,TRUE,3
2018,lowertablemountain,TRUE,4
2018,lowertablemountain,TRUE,5
2018,lowertablemountain,TRUE,6
2018,lowertablemountain,TRUE,7
2018,lowertablemountain,TRUE,8
2018,middleauditorium,TRUE,1
2018,middleauditorium,TRUE,2
2018,middleauditorium,TRUE,3
2018,middleauditorium,TRUE,4
2018,middleauditorium,TRUE,5
2018,middleauditorium,TRUE,6
2018,middleauditorium,TRUE,7
2018,middleauditorium,TRUE,8
2018,moessidechannel,TRUE,1
2018,moessidechannel,TRUE,2
2018,moessidechannel,TRUE,3
2018,moessidechannel,TRUE,4
2018,moessidechannel,TRUE,5
2018,moessidechannel,TRUE,6
2018,moessidechannel,TRUE,7
2018,moessidechannel,TRUE,8
2018,tablemountain,TRUE,1
2018,tablemountain,TRUE,2
2018,tablemountain,TRUE,3
2018,tablemountain,TRUE,4
2018,tablemountain,TRUE,5
2018,tablemountain,TRUE,6
2018,tablemountain,TRUE,7
2018,tablemountain,TRUE,8
2018,topofauditorium,TRUE,1
2018,topofauditorium,TRUE,2
2018,topofauditorium,TRUE,3
2018,topofauditorium,TRUE,4
2018,topofauditorium,TRUE,5
2018,topofauditorium,TRUE,6
2018,topofauditorium,TRUE,7
2018,topofauditorium,TRUE,8
2018,topofhatchery,FALSE,NA
2018,upperauditorium,TRUE,1
2018,upperauditorium,TRUE,2
2018,upperauditorium,TRUE,3
2018,upperauditorium,TRUE,4
2018,upperauditorium,TRUE,5
2018,upperauditorium,TRUE,6
2018,upperauditorium,TRUE,7
2018,upperauditorium,TRUE,8
2018,uppercottonwood,TRUE,1
2018,uppercottonwood,TRUE,2
2018,uppercottonwood,TRUE,3
2018,uppercottonwood,TRUE,4
2018,uppercottonwood,TRUE,5
2018,uppercottonwood,TRUE,6
2018,uppercottonwood,TRUE,7
2018,uppercottonwood,TRUE,8
2018,upperhatchery,TRUE,1
2018,upperhatchery,TRUE,2
2018,upperhatchery,TRUE,3
2018,upperhatchery,TRUE,4
2018,upperhatchery,TRUE,5
2018,upperhatchery,TRUE,6
2018,upperhatchery,TRUE,7
2018,upperhatchery,TRUE,8
2018,belowbigholeeast,TRUE,2
2018,belowbigholeeast,TRUE,3
2018,belowbigholeeast,TRUE,4
2018,belowbigholeeast,TRUE,6
2018,belowbigholeeast,TRUE,7
2018,belowbigholeeast,TRUE,9
2018,belowbigholeeast,TRUE,10
2018,bigbar,TRUE,2
2018,bigbar,TRUE,3
2018,bigbar,TRUE,4
2018,bigbar,TRUE,6
2018,bigbar,TRUE,7
2018,bigbar,TRUE,9
2018,bigbar,TRUE,10
2018,bigholeeast,TRUE,2
2018,bigholeeast,TRUE,3
2018,bigholeeast,TRUE,4
2018,bigholeeast,TRUE,6
2018,bigholeeast,TRUE,7
2018,bigholeeast,TRUE,9
2018,bigholeeast,TRUE,10
2018,bigholewest,TRUE,2
2018,bigholewest,TRUE,3
2018,bigholewest,TRUE,4
2018,bigholewest,TRUE,6
2018,bigholewest,TRUE,7
2018,bigholewest,TRUE,9
2018,bigholewest,TRUE,10
2018,developing,TRUE,2
2018,developing,TRUE,3
2018,developing,TRUE,4
2018,developing,TRUE,6
2018,developing,TRUE,7
2018,developing,TRUE,9
2018,developing,TRUE,10
2018,g95eastsidechannelbottom,TRUE,2
2018,g95eastsidechannelbottom,TRUE,3
2018,g95eastsidechannelbottom,TRUE,4
2018,g95eastsidechannelbottom,TRUE,6
2018,g95eastsidechannelbottom,TRUE,7
2018,g95eastsidechannelbottom,TRUE,9
2018,g95eastsidechannelbottom,TRUE,10
2018,g95eastsidechanneltop,TRUE,2
2018,g95eastsidechanneltop,TRUE,3
2018,g95eastsidechanneltop,TRUE,4
2018,g95eastsidechanneltop,TRUE,6
2018,g95eastsidechanneltop,TRUE,7
2018,g95eastsidechanneltop,TRUE,9
2018,g95eastsidechanneltop,TRUE,10
2018,g95main,TRUE,2
2018,g95main,TRUE,3
2018,g95main,TRUE,4
2018,g95main,TRUE,6
2018,g95main,TRUE,7
2018,g95main,TRUE,9
2018,g95main,TRUE,10
2018,g95westsidechannel,TRUE,2
2018,g95westsidechannel,TRUE,3
2018,g95westsidechannel,TRUE,4
2018,g95westsidechannel,TRUE,6
2018,g95westsidechannel,TRUE,7
2018,g95westsidechannel,TRUE,9
2018,g95westsidechannel,TRUE,10
2018,goose,TRUE,2
2018,goose,TRUE,3
2018,goose,TRUE,4
2018,goose,TRUE,6
2018,goose,TRUE,7
2018,goose,TRUE,9
2018,goose,TRUE,10
2018,keister,TRUE,2
2018,keister,TRUE,3
2018,keister,TRUE,4
2018,keister,TRUE,6
2018,keister,TRUE,7
2018,keister,TRUE,9
2018,keister,TRUE,10
2018,lowerbig,TRUE,2
2018,lowerbig,TRUE,3
2018,lowerbig,TRUE,4
2018,lowerbig,TRUE,6
2018,lowerbig,TRUE,7
2018,lowerbig,TRUE,9
2018,lowerbig,TRUE,10
2018,lowerhour,TRUE,2
2018,lowerhour,TRUE,3
2018,lowerhour,TRUE,4
2018,lowerhour,TRUE,6
2018,lowerhour,TRUE,7
2018,lowerhour,TRUE,9
2018,lowerhour,TRUE,10
2018,lowermcfarland,TRUE,2
2018,lowermcfarland,TRUE,3
2018,lowermcfarland,TRUE,4
2018,lowermcfarland,TRUE,6
2018,lowermcfarland,TRUE,7
2018,lowermcfarland,TRUE,9
2018,lowermcfarland,TRUE,10
2018,lowervanceeast,TRUE,2
2018,lowervanceeast,TRUE,3
2018,lowervanceeast,TRUE,4
2018,lowervanceeast,TRUE,6
2018,lowervanceeast,TRUE,7
2018,lowervanceeast,TRUE,9
2018,lowervanceeast,TRUE,10
2018,palm,TRUE,2
2018,palm,TRUE,3
2018,palm,TRUE,4
2018,palm,TRUE,6
2018,palm,TRUE,7
2018,palm,TRUE,9
2018,palm,TRUE,10
2018,upperhour,TRUE,2
2018,upperhour,TRUE,3
2018,upperhour,TRUE,4
2018,upperhour,TRUE,6
2018,upperhour,TRUE,7
2018,upperhour,TRUE,9
2018,upperhour,TRUE,10
2018,uppermcfarland,TRUE,2
2018,uppermcfarland,TRUE,3
2018,uppermcfarland,TRUE,4
2018,uppermcfarland,TRUE,6
2018,uppermcfarland,TRUE,7
2018,uppermcfarland,TRUE,9
2018,uppermcfarland,TRUE,10
2018,vanceeast,TRUE,2
2018,vanceeast,TRUE,3
2018,vanceeast,TRUE,4
2018,vanceeast,TRUE,6
2018,vanceeast,TRUE,7
2018,vanceeast,TRUE,9
2018,vanceeast,TRUE,10
2018,vancewest,TRUE,2
2018,vancewest,TRUE,3
2018,vancewest,TRUE,4
2018,vancewest,TRUE,6
2018,vancewest,TRUE,7
2018,vancewest,TRUE,9
2018,vancewest,TRUE,10
2018,aleck,TRUE,2
2018,aleck,TRUE,3
2018,aleck,TRUE,4
2018,aleck,TRUE,7
2018,aleck,TRUE,8
2018,eye,TRUE,2
2018,eye,TRUE,3
2018,eye,TRUE,4
2018,eye,TRUE,7
2018,eye,TRUE,8
2018,eyesidechannel,TRUE,2
2018,eyesidechannel,TRUE,3
2018,eyesidechannel,TRUE,4
2018,eyesidechannel,TRUE,7
2018,eyesidechannel,TRUE,8
2018,gateway,TRUE,2
2018,gateway,TRUE,3
2018,gateway,TRUE,4
2018,gateway,TRUE,7
2018,gateway,TRUE,8
2018,lowerrobinson,TRUE,2
2018,lowerrobinson,TRUE,3
2018,lowerrobinson,TRUE,4
2018,lowerrobinson,TRUE,7
2018,lowerrobinson,TRUE,8
2018,mathews,TRUE,2
2018,mathews,TRUE,3
2018,mathews,TRUE,4
2018,mathews,TRUE,7
2018,mathews,TRUE,8
2018,steep,TRUE,2
2018,steep,TRUE,3
2018,steep,TRUE,4
2018,steep,TRUE,7
2018,steep,TRUE,8
2018,steepsidechannel,TRUE,2
2018,steepsidechannel,TRUE,3
2018,steepsidechannel,TRUE,4
2018,steepsidechannel,TRUE,7
2018,steepsidechannel,TRUE,8
2018,trailerpark,TRUE,2
2018,trailerpark,TRUE,3
2018,trailerpark,TRUE,4
2018,trailerpark,TRUE,7
2018,trailerpark,TRUE,8
2018,greatwestern,TRUE,2
2018,greatwestern,TRUE,3
2018,greatwestern,TRUE,4
2018,greatwestern,TRUE,7
2018,greatwestern,TRUE,8
2018,uppermathews,TRUE,2
2018,uppermathews,TRUE,3
2018,uppermathews,TRUE,4
2018,uppermathews,TRUE,7
2018,uppermathews,TRUE,8
2018,upperrobinson,TRUE,2
2018,upperrobinson,TRUE,3
2018,upperrobinson,TRUE,4
2018,upperrobinson,TRUE,7
2018,upperrobinson,TRUE,8
2018,weir,TRUE,2
2018,weir,TRUE,3
2018,weir,TRUE,4
2018,weir,TRUE,7
2018,weir,TRUE,8
2019,bedrock,TRUE,1
2019,bedrock,TRUE,2
2019,bedrock,TRUE,3
2019,bedrock,TRUE,4
2019,bedrock,TRUE,5
2019,bedrock,TRUE,6
2019,bedrock,TRUE,7
2019,bedrock,TRUE,8
2019,bedrock,TRUE,9
2019,bedrock,TRUE,10
2019,bedrock,TRUE,11
2019,belowlowerauditorium,TRUE,1
2019,belowlowerauditorium,TRUE,2
2019,belowlowerauditorium,TRUE,3
2019,belowlowerauditorium,TRUE,4
2019,belowlowerauditorium,TRUE,5
2019,belowlowerauditorium,TRUE,6
2019,belowlowerauditorium,TRUE,7
2019,belowlowerauditorium,TRUE,8
2019,belowlowerauditorium,TRUE,9
2019,belowlowerauditorium,TRUE,10
2019,belowlowerauditorium,TRUE,11
2019,cottonwood,TRUE,1
2019,cottonwood,TRUE,2
2019,cottonwood,TRUE,3
2019,cottonwood,TRUE,4
2019,cottonwood,TRUE,5
2019,cottonwood,TRUE,6
2019,cottonwood,TRUE,7
2019,cottonwood,TRUE,8
2019,cottonwood,TRUE,9
2019,cottonwood,TRUE,10
2019,cottonwood,TRUE,11
2019,hatchery,TRUE,1
2019,hatchery,TRUE,2
2019,hatchery,TRUE,3
2019,hatchery,TRUE,4
2019,hatchery,TRUE,5
2019,hatchery,TRUE,6
2019,hatchery,TRUE,7
2019,hatchery,TRUE,8
2019,hatchery,TRUE,9
2019,hatchery,TRUE,10
2019,hatchery,TRUE,11
2019,hatcherypipe,TRUE,1
2019,hatcherypipe,TRUE,2
2019,hatcherypipe,TRUE,3
2019,hatcherypipe,TRUE,4
2019,hatcherypipe,TRUE,5
2019,hatcherypipe,TRUE,6
2019,hatcherypipe,TRUE,7
2019,hatcherypipe,TRUE,8
2019,hatcherypipe,TRUE,9
2019,hatcherypipe,TRUE,10
2019,hatcherypipe,TRUE,11
2019,hatcherysidechannel,TRUE,1
2019,hatcherysidechannel,TRUE,2
2019,hatcherysidechannel,TRUE,3
2019,hatcherysidechannel,TRUE,4
2019,hatcherysidechannel,TRUE,5
2019,hatcherysidechannel,TRUE,6
2019,hatcherysidechannel,TRUE,7
2019,hatcherysidechannel,TRUE,8
2019,hatcherysidechannel,TRUE,9
2019,hatcherysidechannel,TRUE,10
2019,hatcherysidechannel,TRUE,11
2019,lowerauditorium,TRUE,1
2019,lowerauditorium,TRUE,2
2019,lowerauditorium,TRUE,3
2019,lowerauditorium,TRUE,4
2019,lowerauditorium,TRUE,5
2019,lowerauditorium,TRUE,6
2019,lowerauditorium,TRUE,7
2019,lowerauditorium,TRUE,8
2019,lowerauditorium,TRUE,9
2019,lowerauditorium,TRUE,10
2019,lowerauditorium,TRUE,11
2019,lowertablemountain,TRUE,1
2019,lowertablemountain,TRUE,2
2019,lowertablemountain,TRUE,3
2019,lowertablemountain,TRUE,4
2019,lowertablemountain,TRUE,5
2019,lowertablemountain,TRUE,6
2019,lowertablemountain,TRUE,7
2019,lowertablemountain,TRUE,8
2019,lowertablemountain,TRUE,9
2019,lowertablemountain,TRUE,10
2019,lowertablemountain,TRUE,11
2019,middleauditorium,TRUE,1
2019,middleauditorium,TRUE,2
2019,middleauditorium,TRUE,3
2019,middleauditorium,TRUE,4
2019,middleauditorium,TRUE,5
2019,middleauditorium,TRUE,6
2019,middleauditorium,TRUE,7
2019,middleauditorium,TRUE,8
2019,middleauditorium,TRUE,9
2019,middleauditorium,TRUE,10
2019,middleauditorium,TRUE,11
2019,moessidechannel,TRUE,1
2019,moessidechannel,TRUE,2
2019,moessidechannel,TRUE,3
2019,moessidechannel,TRUE,4
2019,moessidechannel,TRUE,5
2019,moessidechannel,TRUE,6
2019,moessidechannel,TRUE,7
2019,moessidechannel,TRUE,8
2019,moessidechannel,TRUE,9
2019,moessidechannel,TRUE,10
2019,moessidechannel,TRUE,11
2019,tablemountain,TRUE,1
2019,tablemountain,TRUE,2
2019,tablemountain,TRUE,3
2019,tablemountain,TRUE,4
2019,tablemountain,TRUE,5
2019,tablemountain,TRUE,6
2019,tablemountain,TRUE,7
2019,tablemountain,TRUE,8
2019,tablemountain,TRUE,9
2019,tablemountain,TRUE,10
2019,tablemountain,TRUE,11
2019,topofauditorium,TRUE,1
2019,topofauditorium,TRUE,2
2019,topofauditorium,TRUE,3
2019,topofauditorium,TRUE,4
2019,topofauditorium,TRUE,5
2019,topofauditorium,TRUE,6
2019,topofauditorium,TRUE,7
2019,topofauditorium,TRUE,8
2019,topofauditorium,TRUE,9
2019,topofauditorium,TRUE,10
2019,topofauditorium,TRUE,11
2019,topofhatchery,FALSE,NA
2019,upperauditorium,TRUE,1
2019,upperauditorium,TRUE,2
2019,upperauditorium,TRUE,3
2019,upperauditorium,TRUE,4
2019,upperauditorium,TRUE,5
2019,upperauditorium,TRUE,6
2019,upperauditorium,TRUE,7
2019,upperauditorium,TRUE,8
2019,upperauditorium,TRUE,9
2019,upperauditorium,TRUE,10
2019,upperauditorium,TRUE,11
2019,uppercottonwood,TRUE,1
2019,uppercottonwood,TRUE,2
2019,uppercottonwood,TRUE,3
2019,uppercottonwood,TRUE,4
2019,uppercottonwood,TRUE,5
2019,uppercottonwood,TRUE,6
2019,uppercottonwood,TRUE,7
2019,uppercottonwood,TRUE,8
2019,uppercottonwood,TRUE,9
2019,uppercottonwood,TRUE,10
2019,uppercottonwood,TRUE,11
2019,upperhatchery,TRUE,1
2019,upperhatchery,TRUE,2
2019,upperhatchery,TRUE,3
2019,upperhatchery,TRUE,4
2019,upperhatchery,TRUE,5
2019,upperhatchery,TRUE,6
2019,upperhatchery,TRUE,7
2019,upperhatchery,TRUE,8
2019,upperhatchery,TRUE,9
2019,upperhatchery,TRUE,10
2019,upperhatchery,TRUE,11
2019,belowbigholeeast,TRUE,3
2019,belowbigholeeast,TRUE,4
2019,belowbigholeeast,TRUE,5
2019,belowbigholeeast,TRUE,6
2019,belowbigholeeast,TRUE,7
2019,belowbigholeeast,TRUE,9
2019,belowbigholeeast,TRUE,12
2019,bigbar,TRUE,3
2019,bigbar,TRUE,4
2019,bigbar,TRUE,5
2019,bigbar,TRUE,6
2019,bigbar,TRUE,7
2019,bigbar,TRUE,9
2019,bigbar,TRUE,12
2019,bigholeeast,TRUE,3
2019,bigholeeast,TRUE,4
2019,bigholeeast,TRUE,5
2019,bigholeeast,TRUE,6
2019,bigholeeast,TRUE,7
2019,bigholeeast,TRUE,9
2019,bigholeeast,TRUE,12
2019,bigholewest,TRUE,3
2019,bigholewest,TRUE,4
2019,bigholewest,TRUE,5
2019,bigholewest,TRUE,6
2019,bigholewest,TRUE,7
2019,bigholewest,TRUE,9
2019,bigholewest,TRUE,12
2019,developing,TRUE,3
2019,developing,TRUE,4
2019,developing,TRUE,5
2019,developing,TRUE,6
2019,developing,TRUE,7
2019,developing,TRUE,9
2019,developing,TRUE,12
2019,g95eastsidechannelbottom,TRUE,3
2019,g95eastsidechannelbottom,TRUE,4
2019,g95eastsidechannelbottom,TRUE,5
2019,g95eastsidechannelbottom,TRUE,6
2019,g95eastsidechannelbottom,TRUE,7
2019,g95eastsidechannelbottom,TRUE,9
2019,g95eastsidechannelbottom,TRUE,12
2019,g95eastsidechanneltop,TRUE,3
2019,g95eastsidechanneltop,TRUE,4
2019,g95eastsidechanneltop,TRUE,5
2019,g95eastsidechanneltop,TRUE,6
2019,g95eastsidechanneltop,TRUE,7
2019,g95eastsidechanneltop,TRUE,9
2019,g95eastsidechanneltop,TRUE,12
2019,g95main,TRUE,3
2019,g95main,TRUE,4
2019,g95main,TRUE,5
2019,g95main,TRUE,6
2019,g95main,TRUE,7
2019,g95main,TRUE,9
2019,g95main,TRUE,12
2019,g95westsidechannel,TRUE,3
2019,g95westsidechannel,TRUE,4
2019,g95westsidechannel,TRUE,5
2019,g95westsidechannel,TRUE,6
2019,g95westsidechannel,TRUE,7
2019,g95westsidechannel,TRUE,9
2019,g95westsidechannel,TRUE,12
2019,goose,TRUE,3
2019,goose,TRUE,4
2019,goose,TRUE,5
2019,goose,TRUE,6
2019,goose,TRUE,7
2019,goose,TRUE,9
2019,goose,TRUE,12
2019,keister,TRUE,3
2019,keister,TRUE,4
2019,keister,TRUE,5
2019,keister,TRUE,6
2019,keister,TRUE,7
2019,keister,TRUE,9
2019,keister,TRUE,12
2019,lowerbig,TRUE,3
2019,lowerbig,TRUE,4
2019,lowerbig,TRUE,5
2019,lowerbig,TRUE,6
2019,lowerbig,TRUE,7
2019,lowerbig,TRUE,9
2019,lowerbig,TRUE,12
2019,lowerhour,TRUE,3
2019,lowerhour,TRUE,4
2019,lowerhour,TRUE,5
2019,lowerhour,TRUE,6
2019,lowerhour,TRUE,7
2019,lowerhour,TRUE,9
2019,lowerhour,TRUE,12
2019,lowermcfarland,TRUE,3
2019,lowermcfarland,TRUE,4
2019,lowermcfarland,TRUE,5
2019,lowermcfarland,TRUE,6
2019,lowermcfarland,TRUE,7
2019,lowermcfarland,TRUE,9
2019,lowermcfarland,TRUE,12
2019,lowervanceeast,TRUE,3
2019,lowervanceeast,TRUE,4
2019,lowervanceeast,TRUE,5
2019,lowervanceeast,TRUE,6
2019,lowervanceeast,TRUE,7
2019,lowervanceeast,TRUE,9
2019,lowervanceeast,TRUE,12
2019,palm,TRUE,3
2019,palm,TRUE,4
2019,palm,TRUE,5
2019,palm,TRUE,6
2019,palm,TRUE,7
2019,palm,TRUE,9
2019,palm,TRUE,12
2019,upperhour,TRUE,3
2019,upperhour,TRUE,4
2019,upperhour,TRUE,5
2019,upperhour,TRUE,6
2019,upperhour,TRUE,7
2019,upperhour,TRUE,9
2019,upperhour,TRUE,12
2019,uppermcfarland,TRUE,3
2019,uppermcfarland,TRUE,4
2019,uppermcfarland,TRUE,5
2019,uppermcfarland,TRUE,6
2019,uppermcfarland,TRUE,7
2019,uppermcfarland,TRUE,9
2019,uppermcfarland,TRUE,12
2019,vanceeast,TRUE,3
2019,vanceeast,TRUE,4
2019,vanceeast,TRUE,5
2019,vanceeast,TRUE,6
2019,vanceeast,TRUE,7
2019,vanceeast,TRUE,9
2019,vanceeast,TRUE,12
2019,vancewest,TRUE,3
2019,vancewest,TRUE,4
2019,vancewest,TRUE,5
2019,vancewest,TRUE,6
2019,vancewest,TRUE,7
2019,vancewest,TRUE,9
2019,vancewest,TRUE,12
2019,aleck,TRUE,4
2019,aleck,TRUE,5
2019,aleck,TRUE,6
2019,aleck,TRUE,7
2019,aleck,TRUE,9
2019,aleck,TRUE,10
2019,aleck,TRUE,11
2019,eyesidechannel,TRUE,4
2019,eyesidechannel,TRUE,5
2019,eyesidechannel,TRUE,6
2019,eyesidechannel,TRUE,7
2019,eyesidechannel,TRUE,9
2019,eyesidechannel,TRUE,10
2019,eyesidechannel,TRUE,11
2019,eyesidechannel,TRUE,12
2019,gateway,TRUE,4
2019,gateway,TRUE,5
2019,gateway,TRUE,6
2019,gateway,TRUE,7
2019,gateway,TRUE,9
2019,gateway,TRUE,10
2019,gateway,TRUE,11
2019,gateway,TRUE,12
2019,lowerrobinson,TRUE,4
2019,lowerrobinson,TRUE,5
2019,lowerrobinson,TRUE,6
2019,lowerrobinson,TRUE,7
2019,lowerrobinson,TRUE,9
2019,lowerrobinson,TRUE,10
2019,lowerrobinson,TRUE,11
2019,lowerrobinson,TRUE,12
2019,mathews,TRUE,4
2019,mathews,TRUE,5
2019,mathews,TRUE,6
2019,mathews,TRUE,7
2019,mathews,TRUE,9
2019,mathews,TRUE,10
2019,mathews,TRUE,11
2019,mathews,TRUE,12
2019,steep,TRUE,4
2019,steep,TRUE,5
2019,steep,TRUE,6
2019,steep,TRUE,7
2019,steep,TRUE,9
2019,steep,TRUE,10
2019,steep,TRUE,11
2019,steep,TRUE,12
2019,trailerpark,TRUE,3
2019,trailerpark,TRUE,4
2019,trailerpark,TRUE,5
2019,trailerpark,TRUE,6
2019,trailerpark,TRUE,7
2019,trailerpark,TRUE,8
2019,trailerpark,TRUE,9
2019,trailerpark,TRUE,10
2019,trailerpark,TRUE,11
2019,trailerpark,TRUE,12
2019,greatwestern,TRUE,4
2019,greatwestern,TRUE,5
2019,greatwestern,TRUE,6
2019,greatwestern,TRUE,7
2019,greatwestern,TRUE,9
2019,greatwestern,TRUE,10
2019,greatwestern,TRUE,11
2019,greatwestern,TRUE,12
2019,upperrobinson,TRUE,4
2019,upperrobinson,TRUE,5
2019,upperrobinson,TRUE,6
2019,upperrobinson,TRUE,7
2019,upperrobinson,TRUE,9
2019,upperrobinson,TRUE,10
2019,upperrobinson,TRUE,11
2019,upperrobinson,TRUE,12
2019,weir,TRUE,4
2019,weir,TRUE,5
2019,weir,TRUE,6
2019,weir,TRUE,7
2019,weir,TRUE,9
2019,weir,TRUE,10
2019,weir,TRUE,11
2019,weir,TRUE,12
2020,bedrock,TRUE,1
2020,bedrock,TRUE,2
2020,bedrock,TRUE,3
2020,bedrock,TRUE,5
2020,bedrock,TRUE,7
2020,bedrock,TRUE,8
2020,belowlowerauditorium,TRUE,1
2020,belowlowerauditorium,TRUE,2
2020,belowlowerauditorium,TRUE,3
2020,belowlowerauditorium,TRUE,4
2020,belowlowerauditorium,TRUE,5
2020,belowlowerauditorium,TRUE,6
2020,belowlowerauditorium,TRUE,7
2020,belowlowerauditorium,TRUE,8
2020,cottonwood,TRUE,1
2020,cottonwood,TRUE,2
2020,cottonwood,TRUE,3
2020,cottonwood,TRUE,4
2020,cottonwood,TRUE,5
2020,cottonwood,TRUE,6
2020,cottonwood,TRUE,7
2020,cottonwood,TRUE,8
2020,hatchery,TRUE,1
2020,hatchery,TRUE,2
2020,hatchery,TRUE,3
2020,hatchery,TRUE,4
2020,hatchery,TRUE,5
2020,hatchery,TRUE,6
2020,hatchery,TRUE,7
2020,hatchery,TRUE,9
2020,hatcherypipe,TRUE,1
2020,hatcherypipe,TRUE,2
2020,hatcherypipe,TRUE,3
2020,hatcherypipe,TRUE,4
2020,hatcherypipe,TRUE,5
2020,hatcherypipe,TRUE,6
2020,hatcherypipe,TRUE,7
2020,hatcherypipe,TRUE,8
2020,hatcherysidechannel,FALSE,NA
2020,lowerauditorium,TRUE,1
2020,lowerauditorium,TRUE,2
2020,lowerauditorium,TRUE,3
2020,lowerauditorium,TRUE,4
2020,lowerauditorium,TRUE,5
2020,lowerauditorium,TRUE,6
2020,lowerauditorium,TRUE,7
2020,lowerauditorium,TRUE,8
2020,lowertablemountain,TRUE,1
2020,lowertablemountain,TRUE,2
2020,lowertablemountain,TRUE,3
2020,lowertablemountain,TRUE,4
2020,lowertablemountain,TRUE,5
2020,lowertablemountain,TRUE,6
2020,lowertablemountain,TRUE,7
2020,lowertablemountain,TRUE,8
2020,middleauditorium,TRUE,1
2020,middleauditorium,TRUE,2
2020,middleauditorium,TRUE,3
2020,middleauditorium,TRUE,4
2020,middleauditorium,TRUE,5
2020,middleauditorium,TRUE,6
2020,middleauditorium,TRUE,7
2020,middleauditorium,TRUE,8
2020,moessidechannel,TRUE,1
2020,moessidechannel,TRUE,2
2020,moessidechannel,TRUE,3
2020,moessidechannel,TRUE,4
2020,moessidechannel,TRUE,5
2020,moessidechannel,TRUE,6
2020,moessidechannel,TRUE,7
2020,moessidechannel,TRUE,8
2020,tablemountain,TRUE,1
2020,tablemountain,TRUE,2
2020,tablemountain,TRUE,3
2020,tablemountain,TRUE,4
2020,tablemountain,TRUE,5
2020,tablemountain,TRUE,6
2020,tablemountain,TRUE,7
2020,tablemountain,TRUE,8
2020,topofauditorium,TRUE,1
2020,topofauditorium,TRUE,2
2020,topofauditorium,TRUE,3
2020,topofauditorium,TRUE,4
2020,topofauditorium,TRUE,5
2020,topofauditorium,TRUE,6
2020,topofauditorium,TRUE,7
2020,topofauditorium,TRUE,8
2020,topofhatchery,FALSE,NA
2020,upperauditorium,TRUE,1
2020,upperauditorium,TRUE,2
2020,upperauditorium,TRUE,3
2020,upperauditorium,TRUE,4
2020,upperauditorium,TRUE,5
2020,upperauditorium,TRUE,6
2020,upperauditorium,TRUE,7
2020,upperauditorium,TRUE,8
2020,uppercottonwood,TRUE,1
2020,uppercottonwood,TRUE,2
2020,uppercottonwood,TRUE,3
2020,uppercottonwood,TRUE,4
2020,uppercottonwood,TRUE,5
2020,uppercottonwood,TRUE,6
2020,uppercottonwood,TRUE,7
2020,uppercottonwood,TRUE,8
2020,upperhatchery,TRUE,1
2020,upperhatchery,TRUE,2
2020,upperhatchery,TRUE,3
2020,upperhatchery,TRUE,4
2020,upperhatchery,TRUE,5
2020,upperhatchery,TRUE,6
2020,upperhatchery,TRUE,7
2020,upperhatchery,TRUE,9
2020,belowbigholeeast,TRUE,8
2020,belowbigholeeast,TRUE,9
2020,bigbar,TRUE,8
2020,bigbar,TRUE,9
2020,bigholeeast,TRUE,8
2020,bigholeeast,TRUE,9
2020,bigholewest,TRUE,8
2020,bigholewest,TRUE,9
2020,developing,TRUE,8
2020,developing,TRUE,9
2020,g95eastsidechannelbottom,TRUE,8
2020,g95eastsidechannelbottom,TRUE,9
2020,g95eastsidechanneltop,TRUE,8
2020,g95eastsidechanneltop,TRUE,9
2020,g95main,TRUE,8
2020,g95main,TRUE,9
2020,g95westsidechannel,TRUE,8
2020,g95westsidechannel,TRUE,9
2020,goose,TRUE,8
2020,goose,TRUE,9
2020,keister,TRUE,8
2020,keister,TRUE,9
2020,lowerbig,TRUE,8
2020,lowerbig,TRUE,9
2020,lowerhour,TRUE,8
2020,lowerhour,TRUE,9
2020,lowermcfarland,TRUE,8
2020,lowermcfarland,TRUE,9
2020,lowervanceeast,TRUE,8
2020,lowervanceeast,TRUE,9
2020,palm,TRUE,8
2020,palm,TRUE,9
2020,upperhour,TRUE,8
2020,upperhour,TRUE,9
2020,uppermcfarland,TRUE,8
2020,uppermcfarland,TRUE,9
2020,vanceeast,TRUE,8
2020,vanceeast,TRUE,9
2020,vancewest,TRUE,8
2020,vancewest,TRUE,9
2020,aleck,TRUE,3
2020,aleck,TRUE,4
2020,aleck,TRUE,5
2020,aleck,TRUE,7
2020,aleck,TRUE,9
2020,eye,TRUE,4
2020,eye,TRUE,7
2020,eyesidechannel,TRUE,3
2020,eyesidechannel,TRUE,4
2020,eyesidechannel,TRUE,5
2020,eyesidechannel,TRUE,7
2020,eyesidechannel,TRUE,9
2020,gateway,TRUE,3
2020,gateway,TRUE,4
2020,gateway,TRUE,5
2020,gateway,TRUE,7
2020,gateway,TRUE,9
2020,greatwestern,TRUE,4
2020,greatwestern,TRUE,7
2020,lowerrobinson,TRUE,3
2020,lowerrobinson,TRUE,5
2020,lowerrobinson,TRUE,7
2020,lowerrobinson,TRUE,9
2020,mathews,TRUE,3
2020,mathews,TRUE,4
2020,mathews,TRUE,5
2020,mathews,TRUE,7
2020,mathews,TRUE,9
2020,steep,TRUE,3
2020,steep,TRUE,4
2020,steep,TRUE,5
2020,steep,TRUE,7
2020,steep,TRUE,9
2020,steepsidechannel,TRUE,3
2020,steepsidechannel,TRUE,4
2020,steepsidechannel,TRUE,5
2020,steepsidechannel,TRUE,7
2020,steepsidechannel,TRUE,9
2020,trailerpark,TRUE,3
2020,trailerpark,TRUE,4
2020,trailerpark,TRUE,5
2020,trailerpark,TRUE,7
2020,uppermathews,TRUE,4
2020,uppermathews,TRUE,7
2020,upperrobinson,TRUE,3
2020,upperrobinson,TRUE,5
2020,upperrobinson,TRUE,7
2020,upperrobinson,TRUE,9
2020,weir,TRUE,3
2020,weir,TRUE,4
2020,weir,TRUE,5
2020,weir,TRUE,7
2020,weir,TRUE,9
2021,bedrock,TRUE,1
2021,bedrock,TRUE,2
2021,bedrock,TRUE,3
2021,bedrock,TRUE,4
2021,bedrock,TRUE,5
2021,bedrock,TRUE,6
2021,belowlowerauditorium,TRUE,1
2021,belowlowerauditorium,TRUE,2
2021,belowlowerauditorium,TRUE,3
2021,belowlowerauditorium,TRUE,4
2021,belowlowerauditorium,TRUE,5
2021,belowlowerauditorium,TRUE,6
2021,cottonwood,TRUE,1
2021,cottonwood,TRUE,2
2021,cottonwood,TRUE,3
2021,cottonwood,TRUE,4
2021,cottonwood,TRUE,5
2021,cottonwood,TRUE,6
2021,hatchery,TRUE,1
2021,hatchery,TRUE,2
2021,hatchery,TRUE,3
2021,hatchery,TRUE,4
2021,hatchery,TRUE,5
2021,hatchery,TRUE,6
2021,hatcherypipe,TRUE,1
2021,hatcherypipe,TRUE,2
2021,hatcherypipe,TRUE,3
2021,hatcherypipe,TRUE,4
2021,hatcherypipe,TRUE,5
2021,hatcherypipe,TRUE,6
2021,hatcherysidechannel,TRUE,1
2021,hatcherysidechannel,TRUE,2
2021,hatcherysidechannel,TRUE,3
2021,hatcherysidechannel,TRUE,4
2021,hatcherysidechannel,TRUE,5
2021,hatcherysidechannel,TRUE,6
2021,lowerauditorium,TRUE,1
2021,lowerauditorium,TRUE,2
2021,lowerauditorium,TRUE,3
2021,lowerauditorium,TRUE,4
2021,lowerauditorium,TRUE,5
2021,lowerauditorium,TRUE,6
2021,lowertablemountain,TRUE,1
2021,lowertablemountain,TRUE,2
2021,lowertablemountain,TRUE,3
2021,lowertablemountain,TRUE,4
2021,lowertablemountain,TRUE,5
2021,lowertablemountain,TRUE,6
2021,middleauditorium,TRUE,1
2021,middleauditorium,TRUE,2
2021,middleauditorium,TRUE,3
2021,middleauditorium,TRUE,4
2021,middleauditorium,TRUE,5
2021,middleauditorium,TRUE,6
2021,moessidechannel,TRUE,1
2021,moessidechannel,TRUE,2
2021,moessidechannel,TRUE,3
2021,moessidechannel,TRUE,4
2021,moessidechannel,TRUE,5
2021,moessidechannel,TRUE,6
2021,tablemountain,TRUE,1
2021,tablemountain,TRUE,2
2021,tablemountain,TRUE,3
2021,tablemountain,TRUE,4
2021,tablemountain,TRUE,5
2021,tablemountain,TRUE,6
2021,topofauditorium,TRUE,1
2021,topofauditorium,TRUE,2
2021,topofauditorium,TRUE,3
2021,topofauditorium,TRUE,4
2021,topofauditorium,TRUE,5
2021,topofauditorium,TRUE,6
2021,topofhatchery,FALSE,NA
2021,upperauditorium,TRUE,1
2021,upperauditorium,TRUE,2
2021,upperauditorium,TRUE,3
2021,upperauditorium,TRUE,4
2021,upperauditorium,TRUE,5
2021,upperauditorium,TRUE,6
2021,uppercottonwood,TRUE,1
2021,uppercottonwood,TRUE,2
2021,uppercottonwood,TRUE,3
2021,uppercottonwood,TRUE,4
2021,uppercottonwood,TRUE,5
2021,uppercottonwood,TRUE,6
2021,upperhatchery,TRUE,1
2021,upperhatchery,TRUE,2
2021,upperhatchery,TRUE,3
2021,upperhatchery,TRUE,4
2021,upperhatchery,TRUE,5
2021,upperhatchery,TRUE,6
2021,belowbigholeeast,FALSE,NA
2021,bigbar,TRUE,7
2021,bigbar,TRUE,8
2021,bigholeeast,TRUE,7
2021,bigholeeast,TRUE,8
2021,bigholewest,TRUE,7
2021,bigholewest,TRUE,8
2021,developing,TRUE,7
2021,developing,TRUE,8
2021,g95eastsidechannelbottom,TRUE,7
2021,g95eastsidechannelbottom,TRUE,8
2021,g95eastsidechanneltop,TRUE,7
2021,g95eastsidechanneltop,TRUE,8
2021,g95main,TRUE,7
2021,g95main,TRUE,8
2021,g95westsidechannel,TRUE,7
2021,g95westsidechannel,TRUE,8
2021,goose,TRUE,7
2021,goose,TRUE,8
2021,keister,TRUE,7
2021,keister,TRUE,8
2021,lowerhour,TRUE,7
2021,lowerhour,TRUE,8
2021,lowermcfarland,TRUE,7
2021,lowermcfarland,TRUE,8
2021,lowervanceeast,TRUE,7
2021,lowervanceeast,TRUE,8
2021,palm,FALSE,NA
2021,upperhour,TRUE,7
2021,upperhour,TRUE,8
2021,uppermcfarland,TRUE,7
2021,uppermcfarland,TRUE,8
2021,vanceeast,TRUE,7
2021,vanceeast,TRUE,8
2021,vancewest,TRUE,7
2021,vancewest,TRUE,8
2021,aleck,TRUE,3
2021,eye,TRUE,4
2021,eyesidechannel,TRUE,4
2021,gateway,TRUE,4
2021,greatwestern,FALSE,NA
2021,lowerrobinson,TRUE,3
2021,mathews,TRUE,4
2021,steep,TRUE,4
2021,steepsidechannel,TRUE,4
2021,trailerpark,TRUE,3
2021,uppermathews,TRUE,3
2021,upperrobinson,TRUE,3
2021,weir,TRUE,4
2022,bedrock,TRUE,1
2022,bedrock,TRUE,2
2022,bedrock,TRUE,3
2022,bedrock,TRUE,4
2022,bedrock,TRUE,5
2022,bedrock,TRUE,6
2022,bedrock,TRUE,7
2022,bedrock,TRUE,8
2022,bedrock,TRUE,9
2022,bedrock,TRUE,10
2022,bedrock,TRUE,11
2022,bedrock,TRUE,12
2022,belowlowerauditorium,TRUE,1
2022,belowlowerauditorium,TRUE,2
2022,belowlowerauditorium,TRUE,3
2022,belowlowerauditorium,TRUE,4
2022,belowlowerauditorium,TRUE,5
2022,belowlowerauditorium,TRUE,6
2022,belowlowerauditorium,TRUE,7
2022,belowlowerauditorium,TRUE,8
2022,belowlowerauditorium,TRUE,9
2022,belowlowerauditorium,TRUE,10
2022,belowlowerauditorium,TRUE,11
2022,belowlowerauditorium,TRUE,12
2022,cottonwood,TRUE,1
2022,cottonwood,TRUE,2
2022,cottonwood,TRUE,3
2022,cottonwood,TRUE,4
2022,cottonwood,TRUE,5
2022,cottonwood,TRUE,6
2022,cottonwood,TRUE,7
2022,cottonwood,TRUE,8
2022,cottonwood,TRUE,9
2022,cottonwood,TRUE,10
2022,cottonwood,TRUE,11
2022,cottonwood,TRUE,12
2022,hatchery,TRUE,1
2022,hatchery,TRUE,2
2022,hatchery,TRUE,3
2022,hatchery,TRUE,4
2022,hatchery,TRUE,5
2022,hatchery,TRUE,6
2022,hatchery,TRUE,7
2022,hatchery,TRUE,8
2022,hatchery,TRUE,9
2022,hatchery,TRUE,10
2022,hatchery,TRUE,11
2022,hatchery,TRUE,12
2022,hatcherypipe,TRUE,1
2022,hatcherypipe,TRUE,2
2022,hatcherypipe,TRUE,3
2022,hatcherypipe,TRUE,4
2022,hatcherypipe,TRUE,5
2022,hatcherypipe,TRUE,6
2022,hatcherypipe,TRUE,7
2022,hatcherypipe,TRUE,8
2022,hatcherypipe,TRUE,9
2022,hatcherypipe,TRUE,10
2022,hatcherypipe,TRUE,11
2022,hatcherypipe,TRUE,12
2022,hatcherysidechannel,FALSE,NA
2022,lowerauditorium,TRUE,1
2022,lowerauditorium,TRUE,2
2022,lowerauditorium,TRUE,3
2022,lowerauditorium,TRUE,4
2022,lowerauditorium,TRUE,5
2022,lowerauditorium,TRUE,6
2022,lowerauditorium,TRUE,7
2022,lowerauditorium,TRUE,8
2022,lowerauditorium,TRUE,9
2022,lowerauditorium,TRUE,10
2022,lowerauditorium,TRUE,11
2022,lowerauditorium,TRUE,12
2022,lowertablemountain,TRUE,1
2022,lowertablemountain,TRUE,2
2022,lowertablemountain,TRUE,3
2022,lowertablemountain,TRUE,4
2022,lowertablemountain,TRUE,5
2022,lowertablemountain,TRUE,6
2022,lowertablemountain,TRUE,7
2022,lowertablemountain,TRUE,8
2022,lowertablemountain,TRUE,9
2022,lowertablemountain,TRUE,10
2022,lowertablemountain,TRUE,11
2022,lowertablemountain,TRUE,12
2022,middleauditorium,TRUE,1
2022,middleauditorium,TRUE,2
2022,middleauditorium,TRUE,3
2022,middleauditorium,TRUE,4
2022,middleauditorium,TRUE,5
2022,middleauditorium,TRUE,6
2022,middleauditorium,TRUE,7
2022,middleauditorium,TRUE,8
2022,middleauditorium,TRUE,9
2022,middleauditorium,TRUE,10
2022,middleauditorium,TRUE,11
2022,middleauditorium,TRUE,12
2022,moessidechannel,TRUE,1
2022,moessidechannel,TRUE,2
2022,moessidechannel,TRUE,3
2022,moessidechannel,TRUE,4
2022,moessidechannel,TRUE,5
2022,moessidechannel,TRUE,6
2022,moessidechannel,TRUE,7
2022,moessidechannel,TRUE,8
2022,moessidechannel,TRUE,9
2022,moessidechannel,TRUE,10
2022,moessidechannel,TRUE,11
2022,moessidechannel,TRUE,12
2022,tablemountain,TRUE,1
2022,tablemountain,TRUE,2
2022,tablemountain,TRUE,3
2022,tablemountain,TRUE,4
2022,tablemountain,TRUE,5
2022,tablemountain,TRUE,6
2022,tablemountain,TRUE,7
2022,tablemountain,TRUE,8
2022,tablemountain,TRUE,9
2022,tablemountain,TRUE,10
2022,tablemountain,TRUE,11
2022,tablemountain,TRUE,12
2022,topofauditorium,TRUE,1
2022,topofauditorium,TRUE,2
2022,topofauditorium,TRUE,3
2022,topofauditorium,TRUE,4
2022,topofauditorium,TRUE,5
2022,topofauditorium,TRUE,6
2022,topofauditorium,TRUE,7
2022,topofauditorium,TRUE,8
2022,topofauditorium,TRUE,9
2022,topofauditorium,TRUE,10
2022,topofauditorium,TRUE,11
2022,topofauditorium,TRUE,12
2022,topofhatchery,FALSE,NA
2022,upperauditorium,TRUE,1
2022,upperauditorium,TRUE,2
2022,upperauditorium,TRUE,3
2022,upperauditorium,TRUE,4
2022,upperauditorium,TRUE,5
2022,upperauditorium,TRUE,6
2022,upperauditorium,TRUE,7
2022,upperauditorium,TRUE,8
2022,upperauditorium,TRUE,9
2022,upperauditorium,TRUE,10
2022,upperauditorium,TRUE,11
2022,upperauditorium,TRUE,12
2022,uppercottonwood,TRUE,1
2022,uppercottonwood,TRUE,2
2022,uppercottonwood,TRUE,3
2022,uppercottonwood,TRUE,4
2022,uppercottonwood,TRUE,5
2022,uppercottonwood,TRUE,6
2022,uppercottonwood,TRUE,7
2022,uppercottonwood,TRUE,8
2022,uppercottonwood,TRUE,9
2022,uppercottonwood,TRUE,10
2022,uppercottonwood,TRUE,11
2022,uppercottonwood,TRUE,12
2022,upperhatchery,TRUE,1
2022,upperhatchery,TRUE,2
2022,upperhatchery,TRUE,3
2022,upperhatchery,TRUE,4
2022,upperhatchery,TRUE,5
2022,upperhatchery,TRUE,6
2022,upperhatchery,TRUE,7
2022,upperhatchery,TRUE,8
2022,upperhatchery,TRUE,9
2022,upperhatchery,TRUE,10
2022,upperhatchery,TRUE,11
2022,upperhatchery,TRUE,12
2022,belowbigholeeast,TRUE,7
2022,belowbigholeeast,TRUE,8
2022,belowbigholeeast,TRUE,10
2022,belowbigholeeast,TRUE,12
2022,bigbar,TRUE,7
2022,bigbar,TRUE,8
2022,bigbar,TRUE,10
2022,bigbar,TRUE,12
2022,bigholeeast,TRUE,7
2022,bigholeeast,TRUE,8
2022,bigholeeast,TRUE,10
2022,bigholeeast,TRUE,12
2022,bigholewest,TRUE,7
2022,bigholewest,TRUE,8
2022,bigholewest,TRUE,10
2022,bigholewest,TRUE,12
2022,developing,TRUE,7
2022,developing,TRUE,8
2022,developing,TRUE,10
2022,developing,TRUE,12
2022,g95eastsidechannelbottom,TRUE,7
2022,g95eastsidechannelbottom,TRUE,8
2022,g95eastsidechannelbottom,TRUE,10
2022,g95eastsidechannelbottom,TRUE,12
2022,g95eastsidechanneltop,TRUE,7
2022,g95eastsidechanneltop,TRUE,8
2022,g95eastsidechanneltop,TRUE,10
2022,g95eastsidechanneltop,TRUE,12
2022,g95main,TRUE,7
2022,g95main,TRUE,8
2022,g95main,TRUE,10
2022,g95main,TRUE,12
2022,g95westsidechannel,TRUE,7
2022,g95westsidechannel,TRUE,8
2022,g95westsidechannel,TRUE,10
2022,g95westsidechannel,TRUE,12
2022,goose,TRUE,7
2022,goose,TRUE,8
2022,goose,TRUE,10
2022,goose,TRUE,12
2022,keister,TRUE,7
2022,keister,TRUE,8
2022,keister,TRUE,10
2022,keister,TRUE,12
2022,lowerbig,TRUE,7
2022,lowerbig,TRUE,8
2022,lowerbig,TRUE,10
2022,lowerbig,TRUE,12
2022,lowerhour,TRUE,7
2022,lowerhour,TRUE,8
2022,lowerhour,TRUE,10
2022,lowerhour,TRUE,12
2022,lowermcfarland,TRUE,7
2022,lowermcfarland,TRUE,8
2022,lowermcfarland,TRUE,10
2022,lowermcfarland,TRUE,12
2022,lowervanceeast,TRUE,7
2022,lowervanceeast,TRUE,8
2022,lowervanceeast,TRUE,10
2022,lowervanceeast,TRUE,12
2022,palm,TRUE,7
2022,palm,TRUE,8
2022,palm,TRUE,10
2022,palm,TRUE,12
2022,upperhour,TRUE,7
2022,upperhour,TRUE,8
2022,upperhour,TRUE,10
2022,upperhour,TRUE,12
2022,uppermcfarland,TRUE,7
2022,uppermcfarland,TRUE,8
2022,uppermcfarland,TRUE,10
2022,uppermcfarland,TRUE,12
2022,vanceeast,TRUE,7
2022,vanceeast,TRUE,8
2022,vanceeast,TRUE,10
2022,vanceeast,TRUE,12
2022,vancewest,TRUE,7
2022,vancewest,TRUE,8
2022,vancewest,TRUE,10
2022,vancewest,TRUE,12
2022,aleck,TRUE,1
2022,aleck,TRUE,3
2022,aleck,TRUE,5
2022,aleck,TRUE,6
2022,aleck,TRUE,9
2022,aleck,TRUE,11
2022,eyesidechannel,TRUE,2
2022,eyesidechannel,TRUE,4
2022,eyesidechannel,TRUE,7
2022,eyesidechannel,TRUE,8
2022,eyesidechannel,TRUE,10
2022,eyesidechannel,TRUE,12
2022,gateway,TRUE,2
2022,gateway,TRUE,4
2022,gateway,TRUE,7
2022,gateway,TRUE,8
2022,gateway,TRUE,10
2022,gateway,TRUE,12
2022,greatwestern,TRUE,1
2022,greatwestern,TRUE,3
2022,greatwestern,TRUE,5
2022,greatwestern,TRUE,6
2022,greatwestern,TRUE,9
2022,greatwestern,TRUE,11
2022,lowerrobinson,TRUE,1
2022,lowerrobinson,TRUE,3
2022,lowerrobinson,TRUE,5
2022,lowerrobinson,TRUE,6
2022,lowerrobinson,TRUE,9
2022,lowerrobinson,TRUE,11
2022,mathews,TRUE,1
2022,mathews,TRUE,3
2022,mathews,TRUE,5
2022,mathews,TRUE,6
2022,mathews,TRUE,9
2022,mathews,TRUE,11
2022,steep,TRUE,2
2022,steep,TRUE,4
2022,steep,TRUE,7
2022,steep,TRUE,8
2022,steep,TRUE,10
2022,steep,TRUE,12
2022,steepsidechannel,TRUE,2
2022,steepsidechannel,TRUE,4
2022,steepsidechannel,TRUE,7
2022,steepsidechannel,TRUE,8
2022,steepsidechannel,TRUE,10
2022,steepsidechannel,TRUE,12
2022,trailerpark,TRUE,1
2022,trailerpark,TRUE,3
2022,trailerpark,TRUE,5
2022,trailerpark,TRUE,6
2022,trailerpark,TRUE,9
2022,trailerpark,TRUE,11
2022,uppermathews,TRUE,1
2022,uppermathews,TRUE,3
2022,uppermathews,TRUE,5
2022,uppermathews,TRUE,6
2022,uppermathews,TRUE,9
2022,uppermathews,TRUE,11
2022,upperrobinson,TRUE,1
2022,upperrobinson,TRUE,3
2022,upperrobinson,TRUE,5
2022,upperrobinson,TRUE,6
2022,upperrobinson,TRUE,9
2022,upperrobinson,TRUE,11
2022,weir,TRUE,2
2022,weir,TRUE,4
2022,weir,TRUE,7
2022,weir,TRUE,8
2022,weir,TRUE,10
2022,weir,TRUE,12
2023,bedrock,TRUE,1
2023,bedrock,TRUE,2
2023,bedrock,TRUE,3
2023,bedrock,TRUE,4
2023,bedrock,TRUE,5
2023,bedrock,TRUE,6
2023,bedrock,TRUE,7
2023,bedrock,TRUE,8
2023,bedrock,TRUE,9
2023,bedrock,TRUE,11
2023,belowlowerauditorium,TRUE,1
2023,belowlowerauditorium,TRUE,2
2023,belowlowerauditorium,TRUE,3
2023,belowlowerauditorium,TRUE,4
2023,belowlowerauditorium,TRUE,5
2023,belowlowerauditorium,TRUE,6
2023,belowlowerauditorium,TRUE,7
2023,belowlowerauditorium,TRUE,8
2023,belowlowerauditorium,TRUE,9
2023,belowlowerauditorium,TRUE,11
2023,cottonwood,TRUE,1
2023,cottonwood,TRUE,2
2023,cottonwood,TRUE,3
2023,cottonwood,TRUE,4
2023,cottonwood,TRUE,5
2023,cottonwood,TRUE,6
2023,cottonwood,TRUE,7
2023,cottonwood,TRUE,8
2023,cottonwood,TRUE,9
2023,cottonwood,TRUE,11
2023,hatchery,TRUE,1
2023,hatchery,TRUE,2
2023,hatchery,TRUE,3
2023,hatchery,TRUE,4
2023,hatchery,TRUE,5
2023,hatchery,TRUE,6
2023,hatchery,TRUE,7
2023,hatchery,TRUE,8
2023,hatchery,TRUE,9
2023,hatchery,TRUE,11
2023,hatcherypipe,TRUE,1
2023,hatcherypipe,TRUE,2
2023,hatcherypipe,TRUE,3
2023,hatcherypipe,TRUE,4
2023,hatcherypipe,TRUE,5
2023,hatcherypipe,TRUE,6
2023,hatcherypipe,TRUE,7
2023,hatcherypipe,TRUE,8
2023,hatcherypipe,TRUE,9
2023,hatcherypipe,TRUE,11
2023,hatcherysidechannel,TRUE,1
2023,hatcherysidechannel,TRUE,2
2023,hatcherysidechannel,TRUE,3
2023,hatcherysidechannel,TRUE,4
2023,hatcherysidechannel,TRUE,5
2023,hatcherysidechannel,TRUE,6
2023,hatcherysidechannel,TRUE,7
2023,hatcherysidechannel,TRUE,8
2023,hatcherysidechannel,TRUE,9
2023,hatcherysidechannel,TRUE,11
2023,lowerauditorium,TRUE,1
2023,lowerauditorium,TRUE,2
2023,lowerauditorium,TRUE,3
2023,lowerauditorium,TRUE,4
2023,lowerauditorium,TRUE,5
2023,lowerauditorium,TRUE,6
2023,lowerauditorium,TRUE,7
2023,lowerauditorium,TRUE,8
2023,lowerauditorium,TRUE,9
2023,lowerauditorium,TRUE,11
2023,lowertablemountain,TRUE,1
2023,lowertablemountain,TRUE,2
2023,lowertablemountain,TRUE,3
2023,lowertablemountain,TRUE,4
2023,lowertablemountain,TRUE,5
2023,lowertablemountain,TRUE,6
2023,lowertablemountain,TRUE,7
2023,lowertablemountain,TRUE,8
2023,lowertablemountain,TRUE,9
2023,lowertablemountain,TRUE,11
2023,middleauditorium,TRUE,1
2023,middleauditorium,TRUE,2
2023,middleauditorium,TRUE,3
2023,middleauditorium,TRUE,4
2023,middleauditorium,TRUE,5
2023,middleauditorium,TRUE,6
2023,middleauditorium,TRUE,7
2023,middleauditorium,TRUE,8
2023,middleauditorium,TRUE,9
2023,middleauditorium,TRUE,11
2023,moessidechannel,TRUE,1
2023,moessidechannel,TRUE,2
2023,moessidechannel,TRUE,3
2023,moessidechannel,TRUE,4
2023,moessidechannel,TRUE,5
2023,moessidechannel,TRUE,6
2023,moessidechannel,TRUE,7
2023,moessidechannel,TRUE,8
2023,moessidechannel,TRUE,9
2023,moessidechannel,TRUE,11
2023,tablemountain,TRUE,1
2023,tablemountain,TRUE,2
2023,tablemountain,TRUE,3
2023,tablemountain,TRUE,4
2023,tablemountain,TRUE,5
2023,tablemountain,TRUE,6
2023,tablemountain,TRUE,7
2023,tablemountain,TRUE,8
2023,tablemountain,TRUE,9
2023,tablemountain,TRUE,11
2023,topofauditorium,TRUE,1
2023,topofauditorium,TRUE,2
2023,topofauditorium,TRUE,3
2023,topofauditorium,TRUE,4
2023,topofauditorium,TRUE,5
2023,topofauditorium,TRUE,6
2023,topofauditorium,TRUE,7
2023,topofauditorium,TRUE,8
2023,topofauditorium,TRUE,9
2023,topofauditorium,TRUE,11
2023,topofhatchery,FALSE,NA
2023,upperauditorium,TRUE,1
2023,upperauditorium,TRUE,2
2023,upperauditorium,TRUE,3
2023,upperauditorium,TRUE,4
2023,upperauditorium,TRUE,5
2023,upperauditorium,TRUE,6
2023,upperauditorium,TRUE,7
2023,upperauditorium,TRUE,8
2023,upperauditorium,TRUE,9
2023,upperauditorium,TRUE,11
2023,uppercottonwood,TRUE,1
2023,uppercottonwood,TRUE,2
2023,uppercottonwood,TRUE,3
2023,uppercottonwood,TRUE,4
2023,uppercottonwood,TRUE,5
2023,uppercottonwood,TRUE,6
2023,uppercottonwood,TRUE,7
2023,uppercottonwood,TRUE,8
2023,uppercottonwood,TRUE,9
2023,uppercottonwood,TRUE,11
2023,upperhatchery,TRUE,1
2023,upperhatchery,TRUE,2
2023,upperhatchery,TRUE,3
2023,upperhatchery,TRUE,4
2023,upperhatchery,TRUE,5
2023,upperhatchery,TRUE,6
2023,upperhatchery,TRUE,7
2023,upperhatchery,TRUE,8
2023,upperhatchery,TRUE,9
2023,upperhatchery,TRUE,11
2023,belowbigholeeast,TRUE,7
2023,belowbigholeeast,TRUE,8
2023,belowbigholeeast,TRUE,11
2023,bigbar,TRUE,7
2023,bigbar,TRUE,8
2023,bigbar,TRUE,11
2023,bigholeeast,TRUE,7
2023,bigholeeast,TRUE,8
2023,bigholeeast,TRUE,11
2023,bigholewest,TRUE,7
2023,bigholewest,TRUE,8
2023,bigholewest,TRUE,11
2023,developing,TRUE,7
2023,developing,TRUE,8
2023,developing,TRUE,11
2023,g95eastsidechannelbottom,TRUE,7
2023,g95eastsidechannelbottom,TRUE,8
2023,g95eastsidechannelbottom,TRUE,11
2023,g95eastsidechanneltop,TRUE,7
2023,g95eastsidechanneltop,TRUE,8
2023,g95eastsidechanneltop,TRUE,11
2023,g95main,TRUE,7
2023,g95main,TRUE,8
2023,g95main,TRUE,11
2023,g95westsidechannel,TRUE,7
2023,g95westsidechannel,TRUE,8
2023,g95westsidechannel,TRUE,11
2023,goose,TRUE,7
2023,goose,TRUE,8
2023,goose,TRUE,11
2023,keister,TRUE,7
2023,keister,TRUE,8
2023,keister,TRUE,11
2023,lowerbig,TRUE,7
2023,lowerbig,TRUE,8
2023,lowerbig,TRUE,11
2023,lowerhour,TRUE,7
2023,lowerhour,TRUE,8
2023,lowerhour,TRUE,11
2023,lowermcfarland,TRUE,7
2023,lowermcfarland,TRUE,8
2023,lowermcfarland,TRUE,11
2023,lowervanceeast,TRUE,7
2023,lowervanceeast,TRUE,8
2023,lowervanceeast,TRUE,11
2023,palm,FALSE,NA
2023,upperhour,TRUE,7
2023,upperhour,TRUE,8
2023,upperhour,TRUE,11
2023,uppermcfarland,TRUE,7
2023,uppermcfarland,TRUE,8
2023,uppermcfarland,TRUE,11
2023,vanceeast,TRUE,7
2023,vanceeast,TRUE,8
2023,vanceeast,TRUE,11
2023,vancewest,TRUE,7
2023,vancewest,TRUE,8
2023,vancewest,TRUE,11
2023,aleck,FALSE,NA
2023,eye,FALSE,NA
2023,eyesidechannel,FALSE,NA
2023,gateway,FALSE,NA
2023,greatwestern,FALSE,NA
2023,lowerrobinson,FALSE,NA
2023,mathews,FALSE,NA
2023,steep,TRUE,9
2023,steepsidechannel,TRUE,9
2023,trailerpark,TRUE,2
2023,uppermathews,TRUE,3
2023,upperrobinson,FALSE,NA
2023,weir,TRUE,9
