,year,location,survey_group,spawning_area,surveyed,redd_observed,survey_week,
2,2014,bedrock,gsa,FALSE,FALSE,NA,NA,
4,2014,belowlowerauditorium,gsa,FALSE,FALSE,NA,NA,
8,2014,cottonwood,gsa,FALSE,TRUE,TRUE,1 & 2 & 3 & 4 & 9,
19,2014,hatchery,gsa,FALSE,TRUE,TRUE,1 & 2 & 3 & 4 & 5 & 6 & 7 & 8,
20,2014,hatcherypipe,gsa,TRUE,FALSE,NA,NA,
21,2014,hatcherysidechannel,gsa,TRUE,FALSE,NA,NA,
23,2014,lowerauditorium,gsa,FALSE,TRUE,TRUE,1 & 2 & 5 & 6 & 7 & 8,
28,2014,lowertablemountain,gsa,TRUE,FALSE,NA,NA,
31,2014,middleauditorium,gsa,FALSE,TRUE,TRUE,1 & 2 & 3 & 4 & 5 & 6 & 7 & 8,
32,2014,moessidechannel,gsa,FALSE,TRUE,TRUE,1 & 2 & 3 & 4 & 5 & 6 & 7 & 8,
36,2014,tablemountain,gsa,TRUE,FALSE,NA,NA,
37,2014,topofauditorium,gsa,FALSE,TRUE,TRUE,1 & 2 & 3 & 4 & 5 & 6 & 7 & 8 & 9,
38,2014,topofhatchery,gsa,FALSE,FALSE,NA,NA,
40,2014,upperauditorium,gsa,FALSE,TRUE,TRUE,1 & 2 & 3 & 4 & 5 & 6 & 7 & 8,
41,2014,uppercottonwood,gsa,FALSE,TRUE,TRUE,1 & 2 & 3 & 4 & 5 & 6 & 7 & 8 & 9 ,
42,2014,upperhatchery,gsa,FALSE,TRUE,TRUE,1 & 2 & 3 & 4 & 5 & 6 & 7 & 8 & 9,
3,2014,belowbigholeeast,hfc,TRUE,TRUE,TRUE,5 & 8 & 10 & 11,
5,2014,bigbar,hfc,TRUE,TRUE,TRUE,5 & 8 & 10 & 11,
6,2014,bigholeeast,hfc,TRUE,TRUE,TRUE,5 & 8 & 10 & 11,
7,2014,bigholewest,hfc,TRUE,TRUE,FALSE,5 & 8 & 10 & 11,
9,2014,developing,hfc,TRUE,TRUE,TRUE,5 & 8 & 10 & 11,
12,2014,g95eastsidechannelbottom,hfc,TRUE,TRUE,TRUE,5 & 8 & 10 & 11,
13,2014,g95eastsidechanneltop,hfc,TRUE,TRUE,FALSE,5 & 8 & 10 & 11,
14,2014,g95main,hfc,TRUE,TRUE,TRUE,5 & 8 & 10 & 11,
15,2014,g95westsidechannel,hfc,FALSE,FALSE,NA,NA,
17,2014,goose,hfc,TRUE,TRUE,FALSE,5 & 8 & 10 & 11,
22,2014,keister,hfc,TRUE,TRUE,TRUE,5 & 8 & 10 & 11,
24,2014,lowerbig,hfc,FALSE,FALSE,NA,NA,
25,2014,lowerhour,hfc,TRUE,TRUE,TRUE,5 & 8 & 10 & 11,
26,2014,lowermcfarland,hfc,TRUE,TRUE,TRUE,5 & 8 & 10 & 11,
29,2014,lowervanceeast,hfc,TRUE,TRUE,FALSE,5 & 8 & 10 & 11,
33,2014,palm,hfc,FALSE,FALSE,NA,NA,
43,2014,upperhour,hfc,TRUE,TRUE,TRUE,5 & 8 & 10 & 11,
45,2014,uppermcfarland,hfc,TRUE,TRUE,TRUE,5 & 8 & 10 & 11,
47,2014,vanceeast,hfc,TRUE,TRUE,TRUE,5 & 8 & 10 & 11,
1,2014,aleck,lfc,TRUE,FALSE,NA,NA,
10,2014,eye,lfc,FALSE,FALSE,NA,NA,
11,2014,eyesidechannel,lfc,TRUE,FALSE,NA,NA,
16,2014,gateway,lfc,TRUE,FALSE,NA,NA,
18,2014,greatwestern,lfc,FALSE,FALSE,NA,NA,
27,2014,lowerrobinson,lfc,TRUE,FALSE,NA,NA,
30,2014,mathews,lfc,TRUE,FALSE,NA,NA,
34,2014,steep,lfc,TRUE,FALSE,NA,NA,
35,2014,steepsidechannel,lfc,FALSE,FALSE,NA,NA,
39,2014,trailerpark,lfc,TRUE,FALSE,NA,NA,
44,2014,uppermathews,lfc,FALSE,FALSE,NA,NA,
46,2014,upperrobinson,lfc,TRUE,FALSE,NA,NA,
48,2014,vancewest,hfc,TRUE,FALSE,NA,NA,
49,2014,weir,lfc,TRUE,FALSE,NA,NA,
51,2015,bedrock,gsa,FALSE,FALSE,FALSE,NA,
53,2015,belowlowerauditorium,gsa,FALSE,FALSE,FALSE,NA,
57,2015,cottonwood,gsa,FALSE,TRUE,TRUE,1 & 2 & 3 &4 & 5 & 6 & 7 & 8 & 9 & 10 & 11 & 12 & 13,
68,2015,hatchery,gsa,FALSE,TRUE,TRUE,1 & 2 & 3 &4 & 5 & 6 & 7 & 8 & 9 & 10 & 11 & 12 & 13,
69,2015,hatcherypipe,gsa,TRUE,FALSE,FALSE,NA,
70,2015,hatcherysidechannel,gsa,TRUE,TRUE,TRUE,9 & 10 & 11 & 12 & 13,
72,2015,lowerauditorium,gsa,FALSE,TRUE,TRUE,1 & 2 & 3 &4 & 5 & 6 & 7 & 8 & 9 & 10 & 11 & 12 & 13,
77,2015,lowertablemountain,gsa,TRUE,FALSE,FALSE,NA,
80,2015,middleauditorium,gsa,FALSE,TRUE,TRUE,1 & 2 & 3 &4 & 5 & 6 & 7 & 8 & 9 & 10 & 11 & 12 & 13,
81,2015,moessidechannel,gsa,FALSE,TRUE,TRUE,1 & 2 & 3 &4 & 5 & 6 & 7 & 8 & 9 & 10 & 11 & 12 & 13,
85,2015,tablemountain,gsa,TRUE,TRUE,TRUE,9 & 10 & 11 & 12 & 13,
86,2015,topofauditorium,gsa,FALSE,TRUE,TRUE,1 & 2 & 3 &4 & 5 & 6 & 7 & 8 & 9 & 10 & 11 & 12 & 13,
87,2015,topofhatchery,gsa,FALSE,FALSE,FALSE,NA,
89,2015,upperauditorium,gsa,FALSE,TRUE,TRUE,1 & 2 & 3 &4 & 5 & 6 & 7 & 8 & 9 & 10 & 11 & 12 & 13,
90,2015,uppercottonwood,gsa,FALSE,TRUE,TRUE,1 & 2 & 3 &4 & 5 & 6 & 7 & 8 & 9 & 10 & 11 & 12 & 13,
91,2015,upperhatchery,gsa,FALSE,TRUE,TRUE,1 & 2 & 3 &4 & 5 & 6 & 7 & 8 & 9 & 10 & 11 & 12 & 13,
52,2015,belowbigholeeast,hfc,FALSE,,,,
54,2015,bigbar,hfc,TRUE,TRUE,TRUE,5 & 6 & 10 & 13,
55,2015,bigholeeast,hfc,TRUE,TRUE,TRUE,5 & 6 & 10 & 13,
56,2015,bigholewest,hfc,TRUE,TRUE,FALSE,5 & 6 & 10 & 13,
58,2015,developing,hfc,TRUE,TRUE,TRUE,5 & 6 & 10 & 13,
61,2015,g95eastsidechannelbottom,hfc,TRUE,TRUE,TRUE,5 & 6 & 10 & 13,
62,2015,g95eastsidechanneltop,hfc,TRUE,TRUE,TRUE,5 & 6 & 10 & 13,
63,2015,g95main,hfc,TRUE,TRUE,TRUE,5 & 6 & 10 & 13,
64,2015,g95westsidechannel,hfc,FALSE,TRUE,TRUE,5 & 6 & 10 & 13,
66,2015,goose,hfc,TRUE,TRUE,TRUE,5 & 6 & 10 & 13,
71,2015,keister,hfc,TRUE,TRUE,TRUE,5 & 6 & 10 & 13,
73,2015,lowerbig,hfc,FALSE,TRUE,,,
74,2015,lowerhour,hfc,TRUE,TRUE,TRUE,5 & 6 & 10 & 13,
75,2015,lowermcfarland,hfc,TRUE,TRUE,TRUE,5 & 6 & 10 & 13,
78,2015,lowervanceeast,hfc,TRUE,TRUE,FALSE,5 & 6 & 10 & 13,
82,2015,palm,hfc,FALSE,TRUE,,,
92,2015,upperhour,hfc,TRUE,TRUE,TRUE,5 & 6 & 10 & 13,
94,2015,uppermcfarland,hfc,TRUE,TRUE,TRUE,5 & 6 & 10 & 13,
96,2015,vanceeast,hfc,TRUE,TRUE,TRUE,5 & 6 & 10 & 13,
97,2015,vancewest,hfc,TRUE,TRUE,FALSE,5 & 6 & 10 & 13,
50,2015,aleck,lfc,TRUE,FALSE,FALSE,NA,
59,2015,eye,lfc,FALSE,FALSE,FALSE,NA,
60,2015,eyesidechannel,lfc,TRUE,FALSE,FALSE,NA,
65,2015,gateway,lfc,TRUE,FALSE,FALSE,NA,
67,2015,greatwestern,lfc,FALSE,FALSE,FALSE,NA,
76,2015,lowerrobinson,lfc,TRUE,FALSE,FALSE,NA,
79,2015,mathews,lfc,TRUE,FALSE,FALSE,NA,
83,2015,steep,lfc,TRUE,FALSE,FALSE,NA,
84,2015,steepsidechannel,lfc,FALSE,FALSE,FALSE,NA,
88,2015,trailerpark,lfc,TRUE,FALSE,FALSE,NA,
93,2015,uppermathews,lfc,FALSE,FALSE,FALSE,NA,
95,2015,upperrobinson,lfc,TRUE,FALSE,FALSE,NA,
98,2015,weir,lfc,TRUE,FALSE,FALSE,NA,
100,2016,bedrock,gsa,FALSE,FALSE,FALSE,NA,No surveys performed at Bedrock in 2016
102,2016,belowlowerauditorium,gsa,FALSE,FALSE,FALSE,NA,No surveys performed at Below Lower Auditorium in 2016
106,2016,cottonwood,gsa,FALSE,TRUE,TRUE,1 & 2 & 3 & 4 & 5 & 6 & 7 & 8 & 9,
117,2016,hatchery,gsa,FALSE,TRUE,TRUE,1 & 2 & 3 & 4 & 5 & 6 & 7 & 8 & 9,
118,2016,hatcherypipe,gsa,TRUE,FALSE,FALSE,NA,No surveys performed at Hatchery Pipe in 2016
119,2016,hatcherysidechannel,gsa,TRUE,FALSE,FALSE,NA,No surveys performed at Hatchery Sidechannel in 2016
121,2016,lowerauditorium,gsa,FALSE,TRUE,TRUE,1 & 2 & 3 & 4 & 5 & 6 & 7 & 8 & 9,
126,2016,lowertablemountain,gsa,TRUE,FALSE,FALSE,NA,No surveys performed at Lower Table Mountain in 2016
129,2016,middleauditorium,gsa,FALSE,TRUE,TRUE,1 & 2 & 3 & 4 & 5 & 6 & 7 & 8 & 9,
130,2016,moessidechannel,gsa,FALSE,TRUE,TRUE,1 & 2 & 3 & 4 & 5 & 6 & 7 & 8,
134,2016,tablemountain,gsa,TRUE,FALSE,FALSE,NA,No surveys performed at Table Mountain in 2016
135,2016,topofauditorium,gsa,FALSE,TRUE,TRUE,1 & 2 & 3 & 4 & 5 & 6 & 7 & 8 & 9,
136,2016,topofhatchery,gsa,FALSE,FALSE,FALSE,NA,No surveys performed at Top of Hatchery in 2016
138,2016,upperauditorium,gsa,FALSE,TRUE,TRUE,1 & 2 & 3 & 4 & 5 & 6 & 7 & 8 & 9,
139,2016,uppercottonwood,gsa,FALSE,TRUE,TRUE,1 & 2 & 3 & 4 & 5 & 6 & 7 & 8 & 9,
140,2016,upperhatchery,gsa,FALSE,TRUE,TRUE,1 & 2 & 3 & 4 & 5 & 6 & 7 & 8 & 9,
101,2016,belowbigholeeast,hfc,FALSE,FALSE,FALSE,NA,
103,2016,bigbar,hfc,TRUE,FALSE,FALSE,NA,
104,2016,bigholeeast,hfc,TRUE,FALSE,FALSE,NA,
105,2016,bigholewest,hfc,TRUE,FALSE,FALSE,NA,
107,2016,developing,hfc,TRUE,FALSE,FALSE,NA,
110,2016,g95eastsidechannelbottom,hfc,TRUE,FALSE,FALSE,NA,
111,2016,g95eastsidechanneltop,hfc,TRUE,FALSE,FALSE,NA,
112,2016,g95main,hfc,TRUE,FALSE,FALSE,NA,
113,2016,g95westsidechannel,hfc,FALSE,FALSE,FALSE,NA,
115,2016,goose,hfc,TRUE,FALSE,FALSE,NA,
120,2016,keister,hfc,TRUE,FALSE,FALSE,NA,
122,2016,lowerbig,hfc,FALSE,FALSE,FALSE,NA,
123,2016,lowerhour,hfc,TRUE,FALSE,FALSE,NA,
124,2016,lowermcfarland,hfc,TRUE,FALSE,FALSE,NA,
127,2016,lowervanceeast,hfc,TRUE,FALSE,FALSE,NA,
131,2016,palm,hfc,FALSE,FALSE,FALSE,NA,
141,2016,upperhour,hfc,TRUE,FALSE,FALSE,NA,
143,2016,uppermcfarland,hfc,TRUE,FALSE,FALSE,NA,
145,2016,vanceeast,hfc,TRUE,FALSE,FALSE,NA,
146,2016,vancewest,hfc,TRUE,FALSE,FALSE,NA,
99,2016,aleck,lfc,TRUE,FALSE,FALSE,NA,
108,2016,eye,lfc,FALSE,FALSE,FALSE,NA,
109,2016,eyesidechannel,lfc,TRUE,FALSE,FALSE,NA,
114,2016,gateway,lfc,TRUE,FALSE,FALSE,NA,
116,2016,greatwestern,lfc,FALSE,FALSE,FALSE,NA,
125,2016,lowerrobinson,lfc,TRUE,FALSE,FALSE,NA,
128,2016,mathews,lfc,TRUE,FALSE,FALSE,NA,
132,2016,steep,lfc,TRUE,FALSE,FALSE,NA,
133,2016,steepsidechannel,lfc,FALSE,FALSE,FALSE,NA,
137,2016,trailerpark,lfc,TRUE,FALSE,FALSE,NA,
142,2016,uppermathews,lfc,FALSE,FALSE,FALSE,NA,
144,2016,upperrobinson,lfc,TRUE,FALSE,FALSE,NA,
147,2016,weir,lfc,TRUE,FALSE,FALSE,NA,
149,2017,bedrock,gsa,FALSE,FALSE,FALSE,NA,Surveys were not performed at Bedrock in 2017
151,2017,belowlowerauditorium,gsa,FALSE,FALSE,FALSE,NA,Surveys were not performed at Below Auditorium in 2017
155,2017,cottonwood,gsa,FALSE,TRUE,FALSE,1 & 2 & 3 & 4 & 5 & 6 & 7 & 8 & 9 & 10 & 11,Cottonwood was surveyed but no redds were observed
166,2017,hatchery,gsa,FALSE,TRUE,TRUE,1 & 2 & 3 & 4 & 5 & 6 & 7 & 8 & 9 & 10 & 11,
167,2017,hatcherypipe,gsa,TRUE,FALSE,FALSE,NA,Surveys were not performed at Hatchery Pipe in 2017
168,2017,hatcherysidechannel,gsa,TRUE,TRUE,TRUE,1 & 2 & 3 & 4 & 5 & 6 & 7 & 8 & 9 & 10 & 11,
170,2017,lowerauditorium,gsa,FALSE,TRUE,TRUE,1 & 2 & 3 & 4 & 5 & 6 & 7 & 8 & 9 & 10 & 11,
175,2017,lowertablemountain,gsa,TRUE,TRUE,TRUE,9 & 11,
178,2017,middleauditorium,gsa,FALSE,TRUE,TRUE,1 & 2 & 3 & 4 & 5 & 6 & 7 & 8 & 9 & 10 & 11,
179,2017,moessidechannel,gsa,FALSE,TRUE,TRUE,1 & 2 & 3 & 4 & 5 & 6 & 7 & 8 & 9 & 10 & 11,
183,2017,tablemountain,gsa,TRUE,TRUE,TRUE,9 & 11,
184,2017,topofauditorium,gsa,FALSE,TRUE,TRUE,1 & 2 & 3 & 4 & 5 & 6 & 7 & 8 & 9 & 10 & 11,
185,2017,topofhatchery,gsa,FALSE,TRUE,TRUE,1 & 2 & 3 & 4 & 5 & 6 & 7 & 8 & 9 & 10 & 11,
187,2017,upperauditorium,gsa,FALSE,TRUE,TRUE,1 & 2 & 3 & 4 & 5 & 6 & 7 & 8 & 9 & 10 & 11,
188,2017,uppercottonwood,gsa,FALSE,TRUE,FALSE,1 & 2 & 3 & 4 & 5 & 6 & 7 & 8 & 9 & 10 & 11,Upper Cottonwood was surveyed but no redds were observed
189,2017,upperhatchery,gsa,FALSE,TRUE,TRUE,1 & 2 & 3 & 4 & 5 & 6 & 7 & 8 & 9 & 10 & 11,
150,2017,belowbigholeeast,hfc,FALSE,TRUE,FALSE,3 & 7 & 9 & 11 & 12,Below Big Hole East was surveyed but no redds were observed
152,2017,bigbar,hfc,TRUE,TRUE,TRUE,3 & 7 & 9 & 11 & 12,
153,2017,bigholeeast,hfc,TRUE,TRUE,TRUE,3 & 7 & 9 & 11 & 12,
154,2017,bigholewest,hfc,TRUE,TRUE,FALSE,3 & 7 & 9 & 11 & 12,Big Hole West was surveyed but no redds were observed
156,2017,developing,hfc,TRUE,TRUE,TRUE,3 & 7 & 9 & 11 & 12,
159,2017,g95eastsidechannelbottom,hfc,TRUE,TRUE,TRUE,3 & 7 & 9 & 11 & 12,
160,2017,g95eastsidechanneltop,hfc,TRUE,TRUE,TRUE,3 & 7 & 9 & 11 & 12,
161,2017,g95main,hfc,TRUE,TRUE,FALSE,3 & 7 & 9 & 11 & 12,G95 Main was surveyed but no redds were observed
162,2017,g95westsidechannel,hfc,FALSE,TRUE,TRUE,3 & 7 & 9 & 11 & 12,
164,2017,goose,hfc,TRUE,TRUE,FALSE,3 & 7 & 9 & 11 & 12,Goose was surveyed but no redds were observed
169,2017,keister,hfc,TRUE,TRUE,TRUE,3 & 7 & 9 & 11 & 12,
171,2017,lowerbig,hfc,FALSE,TRUE,FALSE,3 & 7 & 9 & 11 & 12,Lower Big was surveyed but no redds were observed
172,2017,lowerhour,hfc,TRUE,TRUE,TRUE,3 & 7 & 9 & 11 & 12,
173,2017,lowermcfarland,hfc,TRUE,TRUE,FALSE,3 & 7 & 9 & 11 & 12,Lower McFarland was surveyed but no redds were observed
176,2017,lowervanceeast,hfc,TRUE,TRUE,TRUE,3 & 7 & 9 & 11 & 12,
180,2017,palm,hfc,FALSE,TRUE,FALSE,3 & 7 & 9 & 11 & 12,Palm was surveyed but no redds were observed
190,2017,upperhour,hfc,TRUE,TRUE,TRUE,3 & 7 & 9 & 11 & 12,
192,2017,uppermcfarland,hfc,TRUE,TRUE,FALSE,3 & 7 & 9 & 11 & 12,Upper McFarland was surveyed but not redds were observed
194,2017,vanceeast,hfc,TRUE,TRUE,TRUE,3 & 7 & 9 & 11 & 12,
195,2017,vancewest,hfc,TRUE,TRUE,TRUE,3 & 7 & 9 & 11 & 12,
148,2017,aleck,lfc,TRUE,TRUE,TRUE,1 & 2 & 4 & 5 & 6 & 7 & 8 & 9 & 10 & 11,
157,2017,eye,lfc,FALSE,TRUE,,,
158,2017,eyesidechannel,lfc,TRUE,TRUE,TRUE,1 & 2 & 4 & 5 & 6 & 7 & 8 & 9 & 10 & 11,
163,2017,gateway,lfc,TRUE,TRUE,FALSE,1 & 2 & 4 & 5 & 6 & 7 & 8 & 9 & 10 & 11,Gateway was surveyed but no redds were observed
165,2017,greatwestern,lfc,FALSE,TRUE,TRUE,1 & 2 & 4 & 5 & 6 & 7 & 8 & 9 & 10 & 11,Surveys were performed at Great Western
174,2017,lowerrobinson,lfc,TRUE,TRUE,TRUE,1 & 2 & 4 & 5 & 6 & 7 & 8 & 9 & 10 & 11,
177,2017,mathews,lfc,TRUE,TRUE,TRUE,1 & 2 & 4 & 5 & 6 & 7 & 8 & 9 & 10 & 11,
181,2017,steep,lfc,TRUE,TRUE,TRUE,1 & 2 & 4 & 5 & 6 & 7 & 8 & 9 & 10 & 11,
182,2017,steepsidechannel,lfc,FALSE,TRUE,TRUE,1 & 2 & 4 & 5 & 6 & 7 & 8 & 9 & 10 & 11,Surveys were performed at Steep Side Channel
186,2017,trailerpark,lfc,TRUE,TRUE,TRUE,1 & 2 & 4 & 5 & 6 & 7 & 8 & 9 & 10 & 11,
191,2017,uppermathews,lfc,FALSE,TRUE,TRUE,1 & 2 & 4 & 5 & 6 & 7 & 8 & 9 & 10 & 11,Surveys were performed at Upper Mathews. 
193,2017,upperrobinson,lfc,TRUE,TRUE,TRUE,1 & 2 & 4 & 5 & 6 & 7 & 8 & 9 & 10 & 11,
196,2017,weir,lfc,TRUE,TRUE,TRUE,1 & 2 & 4 & 5 & 6 & 7 & 8 & 9 & 10 & 11,
198,2018,bedrock,gsa,FALSE,TRUE,TRUE,1 & 2 & 3 & 4 &5 & 6 & 7 & 8,
200,2018,belowlowerauditorium,gsa,FALSE,TRUE,TRUE,1 & 2 & 3 & 4 &5 & 6 & 7 & 8,
204,2018,cottonwood,gsa,FALSE,TRUE,TRUE,1 & 2 & 3 & 4 &5 & 6 & 7 & 8,
215,2018,hatchery,gsa,FALSE,TRUE,TRUE,1 & 2 & 3 & 4 &5 & 6 & 7 & 8,
216,2018,hatcherypipe,gsa,TRUE,TRUE,TRUE,1 & 2 & 3 & 4 &5 & 6 & 7 & 8,
217,2018,hatcherysidechannel,gsa,TRUE,TRUE,TRUE,1 & 2 & 3 & 4 &5 & 6 & 7 & 8,
219,2018,lowerauditorium,gsa,FALSE,TRUE,TRUE,1 & 2 & 3 & 4 &5 & 6 & 7 & 8,
224,2018,lowertablemountain,gsa,TRUE,TRUE,TRUE,1 & 2 & 3 & 4 &5 & 6 & 7 & 8,
227,2018,middleauditorium,gsa,FALSE,TRUE,TRUE,1 & 2 & 3 & 4 &5 & 6 & 7 & 8,
228,2018,moessidechannel,gsa,FALSE,TRUE,TRUE,1 & 2 & 3 & 4 &5 & 6 & 7 & 8,
232,2018,tablemountain,gsa,TRUE,TRUE,TRUE,1 & 2 & 3 & 4 &5 & 6 & 7 & 8,
233,2018,topofauditorium,gsa,FALSE,TRUE,TRUE,1 & 2 & 3 & 4 &5 & 6 & 7 & 8,
234,2018,topofhatchery,gsa,FALSE,FALSE,FALSE,NA,Top of Hatchery was not surveyed in 2018
236,2018,upperauditorium,gsa,FALSE,TRUE,TRUE,1 & 2 & 3 & 4 &5 & 6 & 7 & 8,
237,2018,uppercottonwood,gsa,FALSE,TRUE,TRUE,1 & 2 & 3 & 4 &5 & 6 & 7 & 8,
238,2018,upperhatchery,gsa,FALSE,TRUE,TRUE,1 & 2 & 3 & 4 &5 & 6 & 7 & 8,
199,2018,belowbigholeeast,hfc,FALSE,TRUE,TRUE,2 & 3 & 4 & 6 & 7 & 9 & 10,
201,2018,bigbar,hfc,TRUE,TRUE,TRUE,2 & 3 & 4 & 6 & 7 & 9 & 10,
202,2018,bigholeeast,hfc,TRUE,TRUE,TRUE,2 & 3 & 4 & 6 & 7 & 9 & 10,
203,2018,bigholewest,hfc,TRUE,TRUE,TRUE,2 & 3 & 4 & 6 & 7 & 9 & 10,
205,2018,developing,hfc,TRUE,TRUE,FALSE,2 & 3 & 4 & 6 & 7 & 9 & 10,Developing was surveyed but no redds were observed
208,2018,g95eastsidechannelbottom,hfc,TRUE,TRUE,TRUE,2 & 3 & 4 & 6 & 7 & 9 & 10,
209,2018,g95eastsidechanneltop,hfc,TRUE,TRUE,TRUE,2 & 3 & 4 & 6 & 7 & 9 & 10,
210,2018,g95main,hfc,TRUE,TRUE,TRUE,2 & 3 & 4 & 6 & 7 & 9 & 10,
211,2018,g95westsidechannel,hfc,FALSE,TRUE,TRUE,2 & 3 & 4 & 6 & 7 & 9 & 10,
213,2018,goose,hfc,TRUE,TRUE,TRUE,2 & 3 & 4 & 6 & 7 & 9 & 10,
218,2018,keister,hfc,TRUE,TRUE,TRUE,2 & 3 & 4 & 6 & 7 & 9 & 10,
220,2018,lowerbig,hfc,FALSE,TRUE,TRUE,2 & 3 & 4 & 6 & 7 & 9 & 10,
221,2018,lowerhour,hfc,TRUE,TRUE,TRUE,2 & 3 & 4 & 6 & 7 & 9 & 10,
222,2018,lowermcfarland,hfc,TRUE,TRUE,FALSE,2 & 3 & 4 & 6 & 7 & 9 & 10,Lower McFarland was surveyed but no redds were observed
225,2018,lowervanceeast,hfc,TRUE,TRUE,TRUE,2 & 3 & 4 & 6 & 7 & 9 & 10,
229,2018,palm,hfc,FALSE,TRUE,TRUE,2 & 3 & 4 & 6 & 7 & 9 & 10,
239,2018,upperhour,hfc,TRUE,TRUE,TRUE,2 & 3 & 4 & 6 & 7 & 9 & 10,
241,2018,uppermcfarland,hfc,TRUE,TRUE,TRUE,2 & 3 & 4 & 6 & 7 & 9 & 10,
243,2018,vanceeast,hfc,TRUE,TRUE,TRUE,2 & 3 & 4 & 6 & 7 & 9 & 10,
244,2018,vancewest,hfc,TRUE,TRUE,TRUE,2 & 3 & 4 & 6 & 7 & 9 & 10,
197,2018,aleck,lfc,TRUE,TRUE,TRUE,2 & 3 & 4 & 7 & 8,
206,2018,eye,lfc,FALSE,TRUE,TRUE,2 & 3 & 4 & 7 & 8,Surveys were performed at Eye in 2018
207,2018,eyesidechannel,lfc,TRUE,TRUE,TRUE,2 & 3 & 4 & 7 & 8,
212,2018,gateway,lfc,TRUE,TRUE,TRUE,2 & 3 & 4 & 7 & 8,
223,2018,lowerrobinson,lfc,TRUE,TRUE,TRUE,2 & 3 & 4 & 7 & 8,
226,2018,mathews,lfc,TRUE,TRUE,TRUE,2 & 3 & 4 & 7 & 8,
230,2018,steep,lfc,TRUE,TRUE,TRUE,2 & 3 & 4 & 7 & 8,
231,2018,steepsidechannel,lfc,FALSE,TRUE,TRUE,2 & 3 & 4 & 7 & 8,Surveys were performed at Steep Side Channel
235,2018,trailerpark,lfc,TRUE,TRUE,TRUE,2 & 3 & 4 & 7 & 8,
214,2018,greatwestern,lfc,FALSE,TRUE,,2 & 3 & 4 & 7 & 8,
240,2018,uppermathews,lfc,FALSE,TRUE,TRUE,2 & 3 & 4 & 7 & 8,Upper Mathews was surveyed in 2018. 
242,2018,upperrobinson,lfc,TRUE,TRUE,TRUE,2 & 3 & 4 & 7 & 8,
245,2018,weir,lfc,TRUE,TRUE,TRUE,2 & 3 & 4 & 7 & 8,
247,2019,bedrock,gsa,FALSE,TRUE,TRUE,1 &  2 & 3 & 4 & 5 & 6 & 7 & 8 & 9 & 10 & 11,
249,2019,belowlowerauditorium,gsa,FALSE,TRUE,TRUE,1 &  2 & 3 & 4 & 5 & 6 & 7 & 8 & 9 & 10 & 11,
253,2019,cottonwood,gsa,FALSE,TRUE,TRUE,1 &  2 & 3 & 4 & 5 & 6 & 7 & 8 & 9 & 10 & 11,
264,2019,hatchery,gsa,FALSE,TRUE,TRUE,1 &  2 & 3 & 4 & 5 & 6 & 7 & 8 & 9 & 10 & 11,
265,2019,hatcherypipe,gsa,TRUE,TRUE,TRUE,1 &  2 & 3 & 4 & 5 & 6 & 7 & 8 & 9 & 10 & 11,
266,2019,hatcherysidechannel,gsa,TRUE,TRUE,TRUE,1 &  2 & 3 & 4 & 5 & 6 & 7 & 8 & 9 & 10 & 11,
268,2019,lowerauditorium,gsa,FALSE,TRUE,TRUE,1 &  2 & 3 & 4 & 5 & 6 & 7 & 8 & 9 & 10 & 11,
273,2019,lowertablemountain,gsa,TRUE,TRUE,TRUE,1 &  2 & 3 & 4 & 5 & 6 & 7 & 8 & 9 & 10 & 11,
276,2019,middleauditorium,gsa,FALSE,TRUE,TRUE,1 &  2 & 3 & 4 & 5 & 6 & 7 & 8 & 9 & 10 & 11,
277,2019,moessidechannel,gsa,FALSE,TRUE,TRUE,1 &  2 & 3 & 4 & 5 & 6 & 7 & 8 & 9 & 10 & 11,
281,2019,tablemountain,gsa,TRUE,TRUE,TRUE,1 &  2 & 3 & 4 & 5 & 6 & 7 & 8 & 9 & 10 & 11,
282,2019,topofauditorium,gsa,FALSE,TRUE,TRUE,1 &  2 & 3 & 4 & 5 & 6 & 7 & 8 & 9 & 10 & 11,
283,2019,topofhatchery,gsa,FALSE,FALSE,FALSE,NA,Top of Hatchery was not surveyed in 2019
285,2019,upperauditorium,gsa,FALSE,TRUE,TRUE,1 &  2 & 3 & 4 & 5 & 6 & 7 & 8 & 9 & 10 & 11,
286,2019,uppercottonwood,gsa,FALSE,TRUE,TRUE,1 &  2 & 3 & 4 & 5 & 6 & 7 & 8 & 9 & 10 & 11,
287,2019,upperhatchery,gsa,FALSE,TRUE,TRUE,1 &  2 & 3 & 4 & 5 & 6 & 7 & 8 & 9 & 10 & 11,
248,2019,belowbigholeeast,hfc,FALSE,TRUE,TRUE,3 & 4 & 5 & 6 & 7 & 9 & 12,
250,2019,bigbar,hfc,TRUE,TRUE,TRUE,3 & 4 & 5 & 6 & 7 & 9 & 12,
251,2019,bigholeeast,hfc,TRUE,TRUE,TRUE,3 & 4 & 5 & 6 & 7 & 9 & 12,
252,2019,bigholewest,hfc,TRUE,TRUE,TRUE,3 & 4 & 5 & 6 & 7 & 9 & 12,
254,2019,developing,hfc,TRUE,TRUE,FALSE,3 & 4 & 5 & 6 & 7 & 9 & 12,Developing was surveyed but no redds were observed
257,2019,g95eastsidechannelbottom,hfc,TRUE,TRUE,TRUE,3 & 4 & 5 & 6 & 7 & 9 & 12,
258,2019,g95eastsidechanneltop,hfc,TRUE,TRUE,TRUE,3 & 4 & 5 & 6 & 7 & 9 & 12,
259,2019,g95main,hfc,TRUE,TRUE,TRUE,3 & 4 & 5 & 6 & 7 & 9 & 12,
260,2019,g95westsidechannel,hfc,FALSE,TRUE,TRUE,3 & 4 & 5 & 6 & 7 & 9 & 12,
262,2019,goose,hfc,TRUE,TRUE,FALSE,3 & 4 & 5 & 6 & 7 & 9 & 12,Goose was surveyed but no redds were observed
267,2019,keister,hfc,TRUE,TRUE,TRUE,3 & 4 & 5 & 6 & 7 & 9 & 12,
269,2019,lowerbig,hfc,FALSE,TRUE,FALSE,3 & 4 & 5 & 6 & 7 & 9 & 12,Lower Big was surveyed but no redds were observed
270,2019,lowerhour,hfc,TRUE,TRUE,TRUE,3 & 4 & 5 & 6 & 7 & 9 & 12,
271,2019,lowermcfarland,hfc,TRUE,TRUE,FALSE,3 & 4 & 5 & 6 & 7 & 9 & 12,Lower McFarland was surveyed but no redds were observed
274,2019,lowervanceeast,hfc,TRUE,TRUE,TRUE,3 & 4 & 5 & 6 & 7 & 9 & 12,
278,2019,palm,hfc,FALSE,TRUE,FALSE,3 & 4 & 5 & 6 & 7 & 9 & 12,Palm was surveyed but no redds were observed
288,2019,upperhour,hfc,TRUE,TRUE,TRUE,3 & 4 & 5 & 6 & 7 & 9 & 12,
290,2019,uppermcfarland,hfc,TRUE,TRUE,TRUE,3 & 4 & 5 & 6 & 7 & 9 & 12,
292,2019,vanceeast,hfc,TRUE,TRUE,TRUE,3 & 4 & 5 & 6 & 7 & 9 & 12,
293,2019,vancewest,hfc,TRUE,TRUE,TRUE,3 & 4 & 5 & 6 & 7 & 9 & 12,
246,2019,aleck,lfc,TRUE,TRUE,FALSE,4 & 5 & 6 & 7 & 9 & 10 & 11,Aleck was surveyed but no redds were observed
255,2019,eye,lfc,FALSE,TRUE,TRUE,,Eye was surveyed in2019
256,2019,eyesidechannel,lfc,TRUE,TRUE,TRUE,4 & 5 & 6 & 7 & 9 & 10 & 11 & 12,
261,2019,gateway,lfc,TRUE,TRUE,TRUE,4 & 5 & 6 & 7 & 9 & 10 & 11 & 12,
272,2019,lowerrobinson,lfc,TRUE,TRUE,TRUE,4 & 5 & 6 & 7 & 9 & 10 & 11 & 12,
275,2019,mathews,lfc,TRUE,TRUE,TRUE,4 & 5 & 6 & 7 & 9 & 10 & 11 & 12,
279,2019,steep,lfc,TRUE,TRUE,TRUE,4 & 5 & 6 & 7 & 9 & 10 & 11 & 12,
280,2019,steepsidechannel,lfc,FALSE,TRUE,TRUE,,Steep Side Channel was surveyed in 2019
284,2019,trailerpark,lfc,TRUE,TRUE,TRUE,3 & 4 & 5 & 6 & 7 & 8 & 9 & 10 & 11 & 12,
263,2019,greatwestern,lfc,FALSE,TRUE,,4 & 5 & 6 & 7 & 9 & 10 & 11 & 12,
289,2019,uppermathews,lfc,FALSE,TRUE,TRUE,,Upper Mathews was surveyed in 2019
291,2019,upperrobinson,lfc,TRUE,TRUE,TRUE,4 & 5 & 6 & 7 & 9 & 10 & 11 & 12,
294,2019,weir,lfc,TRUE,TRUE,TRUE,4 & 5 & 6 & 7 & 9 & 10 & 11 & 12,
296,2020,bedrock,gsa,FALSE,TRUE,TRUE,1 & 2 & 3 & 5 & 7 & 8,
298,2020,belowlowerauditorium,gsa,FALSE,TRUE,TRUE,1 & 2 & 3 & 4 & 5 & 6 & 7 & 8,
302,2020,cottonwood,gsa,FALSE,TRUE,TRUE,1 & 2 & 3 & 4 & 5 & 6 & 7 & 8,
313,2020,hatchery,gsa,FALSE,TRUE,TRUE,1 & 2 & 3 & 4 & 5 & 6 & 7 & 9,
314,2020,hatcherypipe,gsa,TRUE,TRUE,TRUE,1 & 2 & 3 & 4 & 5 & 6 & 7 & 8,
315,2020,hatcherysidechannel,gsa,TRUE,FALSE,FALSE,NA,Hatchery Side Channel was not surveyed in 2020
317,2020,lowerauditorium,gsa,FALSE,TRUE,TRUE,1 & 2 & 3 & 4 & 5 & 6 & 7 & 8,
322,2020,lowertablemountain,gsa,TRUE,TRUE,TRUE,1 & 2 & 3 & 4 & 5 & 6 & 7 & 8,
325,2020,middleauditorium,gsa,FALSE,TRUE,TRUE,1 & 2 & 3 & 4 & 5 & 6 & 7 & 8,
326,2020,moessidechannel,gsa,FALSE,TRUE,TRUE,1 & 2 & 3 & 4 & 5 & 6 & 7 & 8,
330,2020,tablemountain,gsa,TRUE,TRUE,TRUE,1 & 2 & 3 & 4 & 5 & 6 & 7 & 8,
331,2020,topofauditorium,gsa,FALSE,TRUE,TRUE,1 & 2 & 3 & 4 & 5 & 6 & 7 & 8,
332,2020,topofhatchery,gsa,FALSE,FALSE,FALSE,NA,Top of Hatchery was not surveyed in 2020
334,2020,upperauditorium,gsa,FALSE,TRUE,TRUE,1 & 2 & 3 & 4 & 5 & 6 & 7 & 8,
335,2020,uppercottonwood,gsa,FALSE,TRUE,TRUE,1 & 2 & 3 & 4 & 5 & 6 & 7 & 8,
336,2020,upperhatchery,gsa,FALSE,TRUE,TRUE,1 & 2 & 3 & 4 & 5 & 6 & 7 & 9,
297,2020,belowbigholeeast,hfc,FALSE,TRUE,TRUE,8 & 9,
299,2020,bigbar,hfc,TRUE,TRUE,TRUE,8 & 9,
300,2020,bigholeeast,hfc,TRUE,TRUE,TRUE,8 & 9,
301,2020,bigholewest,hfc,TRUE,TRUE,TRUE,8 & 9,
303,2020,developing,hfc,TRUE,TRUE,TRUE,8 & 9,
306,2020,g95eastsidechannelbottom,hfc,TRUE,TRUE,TRUE,8 & 9,
307,2020,g95eastsidechanneltop,hfc,TRUE,TRUE,TRUE,8 & 9,
308,2020,g95main,hfc,TRUE,TRUE,TRUE,8 & 9,
309,2020,g95westsidechannel,hfc,FALSE,TRUE,TRUE,8 & 9,
311,2020,goose,hfc,TRUE,TRUE,TRUE,8 & 9,
316,2020,keister,hfc,TRUE,TRUE,TRUE,8 & 9,
318,2020,lowerbig,hfc,FALSE,TRUE,FALSE,8 & 9,Lower Big was surveyed in 2020
319,2020,lowerhour,hfc,TRUE,TRUE,TRUE,8 & 9,
320,2020,lowermcfarland,hfc,TRUE,TRUE,TRUE,8 & 9,
323,2020,lowervanceeast,hfc,TRUE,TRUE,TRUE,8 & 9,
327,2020,palm,hfc,FALSE,TRUE,TRUE,8 & 9,
337,2020,upperhour,hfc,TRUE,TRUE,TRUE,8 & 9,
339,2020,uppermcfarland,hfc,TRUE,TRUE,TRUE,8 & 9,
341,2020,vanceeast,hfc,TRUE,TRUE,TRUE,8 & 9,
342,2020,vancewest,hfc,TRUE,TRUE,TRUE,8 & 9,
295,2020,aleck,lfc,TRUE,TRUE,TRUE,3 & 4 & 5 & 7 & 9,
304,2020,eye,lfc,FALSE,TRUE,TRUE,4 & 7,
305,2020,eyesidechannel,lfc,TRUE,TRUE,TRUE,3 & 4 & 5 & 7 & 9,
310,2020,gateway,lfc,TRUE,TRUE,TRUE,3 & 4 & 5 & 7 & 9,
312,2020,greatwestern,lfc,FALSE,TRUE,TRUE,4 & 7,
321,2020,lowerrobinson,lfc,TRUE,TRUE,TRUE,3 & 5 & 7 & 9,
324,2020,mathews,lfc,TRUE,TRUE,TRUE,3 & 4 & 5 & 7 & 9,
328,2020,steep,lfc,TRUE,TRUE,TRUE,3 & 4 & 5 & 7 & 9,
329,2020,steepsidechannel,lfc,TRUE,TRUE,TRUE,3 & 4 & 5 & 7 & 9,
333,2020,trailerpark,lfc,TRUE,TRUE,TRUE,3 & 4 & 5 & 7,
338,2020,uppermathews,lfc,FALSE,TRUE,TRUE,4 & 7,
340,2020,upperrobinson,lfc,TRUE,TRUE,TRUE,3 & 5 & 7 & 9,
343,2020,weir,lfc,TRUE,TRUE,TRUE,3 & 4 & 5 & 7 & 9,
345,2021,bedrock,gsa,FALSE,TRUE,TRUE,1 & 2 & 3 & 4 & 5 & 6,
347,2021,belowlowerauditorium,gsa,FALSE,TRUE,TRUE,1 & 2 & 3 & 4 & 5 & 6,
351,2021,cottonwood,gsa,FALSE,TRUE,TRUE,1 & 2 & 3 & 4 & 5 & 6,
362,2021,hatchery,gsa,FALSE,TRUE,TRUE,1 & 2 & 3 & 4 & 5 & 6,
363,2021,hatcherypipe,gsa,TRUE,TRUE,TRUE,1 & 2 & 3 & 4 & 5 & 6,
364,2021,hatcherysidechannel,gsa,TRUE,TRUE,TRUE,1 & 2 & 3 & 4 & 5 & 6,
366,2021,lowerauditorium,gsa,FALSE,TRUE,TRUE,1 & 2 & 3 & 4 & 5 & 6,
371,2021,lowertablemountain,gsa,TRUE,TRUE,TRUE,1 & 2 & 3 & 4 & 5 & 6,
374,2021,middleauditorium,gsa,FALSE,TRUE,TRUE,1 & 2 & 3 & 4 & 5 & 6,
375,2021,moessidechannel,gsa,FALSE,TRUE,TRUE,1 & 2 & 3 & 4 & 5 & 6,
379,2021,tablemountain,gsa,TRUE,TRUE,TRUE,1 & 2 & 3 & 4 & 5 & 6,
380,2021,topofauditorium,gsa,FALSE,TRUE,TRUE,1 & 2 & 3 & 4 & 5 & 6,
381,2021,topofhatchery,gsa,FALSE,FALSE,FALSE,NA,Top of Hatchery was not surveyed in 2021
383,2021,upperauditorium,gsa,FALSE,TRUE,TRUE,1 & 2 & 3 & 4 & 5 & 6,
384,2021,uppercottonwood,gsa,FALSE,TRUE,TRUE,1 & 2 & 3 & 4 & 5 & 6,
385,2021,upperhatchery,gsa,FALSE,TRUE,TRUE,1 & 2 & 3 & 4 & 5 & 6,
346,2021,belowbigholeeast,hfc,FALSE,FALSE,FALSE,NA,Below Big Hole East was not surveyed in 2021
348,2021,bigbar,hfc,TRUE,TRUE,TRUE,7 & 8,
349,2021,bigholeeast,hfc,TRUE,TRUE,TRUE,7 & 8,
350,2021,bigholewest,hfc,TRUE,TRUE,TRUE,7 & 8,
352,2021,developing,hfc,TRUE,TRUE,TRUE,7 & 8,
355,2021,g95eastsidechannelbottom,hfc,TRUE,TRUE,TRUE,7 & 8,
356,2021,g95eastsidechanneltop,hfc,TRUE,TRUE,TRUE,7 & 8,
357,2021,g95main,hfc,TRUE,TRUE,TRUE,7 & 8,
358,2021,g95westsidechannel,hfc,FALSE,TRUE,TRUE,7 & 8,
360,2021,goose,hfc,TRUE,TRUE,TRUE,7 & 8,
365,2021,keister,hfc,TRUE,TRUE,TRUE,7 & 8,
367,2021,lowerbig,hfc,FALSE,TRUE,FALSE,,Lower Big was surveyed but no redds were observed. 
368,2021,lowerhour,hfc,TRUE,TRUE,TRUE,7 & 8,
369,2021,lowermcfarland,hfc,TRUE,TRUE,TRUE,7 & 8,
372,2021,lowervanceeast,hfc,TRUE,TRUE,TRUE,7 & 8,
376,2021,palm,hfc,FALSE,FALSE,FALSE,NA,Palm was not surveyed in 2021
386,2021,upperhour,hfc,TRUE,TRUE,,7 & 8,Upper Hour was surveyed but not redds were observed
388,2021,uppermcfarland,hfc,TRUE,TRUE,TRUE,7 & 8,
390,2021,vanceeast,hfc,TRUE,TRUE,TRUE,7 & 8,
391,2021,vancewest,hfc,TRUE,TRUE,TRUE,7 & 8,
344,2021,aleck,lfc,TRUE,TRUE,TRUE,3,
353,2021,eye,lfc,FALSE,TRUE,FALSE,4,Eye was surveyed but no redds were observed
354,2021,eyesidechannel,lfc,TRUE,TRUE,TRUE,4,
359,2021,gateway,lfc,TRUE,TRUE,TRUE,4,
361,2021,greatwestern,lfc,FALSE,FALSE,FALSE,NA,Great Western was not surveyed in 2021
370,2021,lowerrobinson,lfc,TRUE,TRUE,TRUE,3,
373,2021,mathews,lfc,TRUE,TRUE,FALSE,4,Mathews was surveyed but no redds were observed
377,2021,steep,lfc,TRUE,TRUE,TRUE,4,
378,2021,steepsidechannel,lfc,FALSE,TRUE,TRUE,4,
382,2021,trailerpark,lfc,TRUE,TRUE,TRUE,3,
387,2021,uppermathews,lfc,FALSE,TRUE,FALSE,3,Upper Mathews was surveyed but no redds were observed
389,2021,upperrobinson,lfc,TRUE,TRUE,TRUE,3,
392,2021,weir,lfc,TRUE,TRUE,TRUE,4,
394,2022,bedrock,gsa,FALSE,TRUE,TRUE,1 & 2 & 3 & 4 & 5 & 6 & 7 & 8 & 9 & 10 & 11 & 12,
396,2022,belowlowerauditorium,gsa,FALSE,TRUE,TRUE,1 & 2 & 3 & 4 & 5 & 6 & 7 & 8 & 9 & 10 & 11 & 12,
400,2022,cottonwood,gsa,FALSE,TRUE,TRUE,1 & 2 & 3 & 4 & 5 & 6 & 7 & 8 & 9 & 10 & 11 & 12,
411,2022,hatchery,gsa,FALSE,TRUE,TRUE,1 & 2 & 3 & 4 & 5 & 6 & 7 & 8 & 9 & 10 & 11 & 12,
412,2022,hatcherypipe,gsa,TRUE,TRUE,TRUE,1 & 2 & 3 & 4 & 5 & 6 & 7 & 8 & 9 & 10 & 11 & 12,
413,2022,hatcherysidechannel,gsa,TRUE,FALSE,FALSE,NA,Hatchery Side Channel was not surveyed in 2022
415,2022,lowerauditorium,gsa,FALSE,TRUE,TRUE,1 & 2 & 3 & 4 & 5 & 6 & 7 & 8 & 9 & 10 & 11 & 12,
420,2022,lowertablemountain,gsa,TRUE,TRUE,TRUE,1 & 2 & 3 & 4 & 5 & 6 & 7 & 8 & 9 & 10 & 11 & 12,
423,2022,middleauditorium,gsa,FALSE,TRUE,TRUE,1 & 2 & 3 & 4 & 5 & 6 & 7 & 8 & 9 & 10 & 11 & 12,
424,2022,moessidechannel,gsa,FALSE,TRUE,TRUE,1 & 2 & 3 & 4 & 5 & 6 & 7 & 8 & 9 & 10 & 11 & 12,
428,2022,tablemountain,gsa,TRUE,TRUE,TRUE,1 & 2 & 3 & 4 & 5 & 6 & 7 & 8 & 9 & 10 & 11 & 12,
429,2022,topofauditorium,gsa,FALSE,TRUE,TRUE,1 & 2 & 3 & 4 & 5 & 6 & 7 & 8 & 9 & 10 & 11 & 12,
430,2022,topofhatchery,gsa,FALSE,FALSE,FALSE,NA,Top of Hatchery was not surveyed in 2022
432,2022,upperauditorium,gsa,FALSE,TRUE,TRUE,1 & 2 & 3 & 4 & 5 & 6 & 7 & 8 & 9 & 10 & 11 & 12,
433,2022,uppercottonwood,gsa,FALSE,TRUE,TRUE,1 & 2 & 3 & 4 & 5 & 6 & 7 & 8 & 9 & 10 & 11 & 12,
434,2022,upperhatchery,gsa,FALSE,TRUE,TRUE,1 & 2 & 3 & 4 & 5 & 6 & 7 & 8 & 9 & 10 & 11 & 12,
395,2022,belowbigholeeast,hfc,FALSE,TRUE,TRUE,7 & 8 & 10 & 12,
397,2022,bigbar,hfc,TRUE,TRUE,TRUE,7 & 8 & 10 & 12,
398,2022,bigholeeast,hfc,TRUE,TRUE,TRUE,7 & 8 & 10 & 12,
399,2022,bigholewest,hfc,TRUE,TRUE,TRUE,7 & 8 & 10 & 12,
401,2022,developing,hfc,TRUE,TRUE,,7 & 8 & 10 & 12,Developing was surveyed but no redds were observed
404,2022,g95eastsidechannelbottom,hfc,TRUE,TRUE,TRUE,7 & 8 & 10 & 12,
405,2022,g95eastsidechanneltop,hfc,TRUE,TRUE,TRUE,7 & 8 & 10 & 12,
406,2022,g95main,hfc,TRUE,TRUE,TRUE,7 & 8 & 10 & 12,
407,2022,g95westsidechannel,hfc,FALSE,TRUE,FALSE,7 & 8 & 10 & 12,G95 West Side was surveyed but no redds were observed
409,2022,goose,hfc,TRUE,TRUE,FALSE,7 & 8 & 10 & 12,Goose was surveyed but no redds were observed
414,2022,keister,hfc,TRUE,TRUE,TRUE,7 & 8 & 10 & 12,
416,2022,lowerbig,hfc,FALSE,TRUE,FALSE,7 & 8 & 10 & 12,Lower Big was surveyed but no redds were observed
417,2022,lowerhour,hfc,TRUE,TRUE,TRUE,7 & 8 & 10 & 12,
418,2022,lowermcfarland,hfc,TRUE,TRUE,TRUE,7 & 8 & 10 & 12,
421,2022,lowervanceeast,hfc,TRUE,TRUE,FALSE,7 & 8 & 10 & 12,Lower Vance East was surveyed but no redds were observed
425,2022,palm,hfc,FALSE,TRUE,FALSE,7 & 8 & 10 & 12,
435,2022,upperhour,hfc,TRUE,TRUE,TRUE,7 & 8 & 10 & 12,
437,2022,uppermcfarland,hfc,TRUE,TRUE,FALSE,7 & 8 & 10 & 12,Upper McFarland was surveyed but no redds were observed
439,2022,vanceeast,hfc,TRUE,TRUE,TRUE,7 & 8 & 10 & 12,
440,2022,vancewest,hfc,TRUE,TRUE,TRUE,7 & 8 & 10 & 12,
393,2022,aleck,lfc,TRUE,TRUE,TRUE,1 & 3 & 5 & 6 & 9 & 11,
402,2022,eye,lfc,FALSE,TRUE,TRUE,,Eye was surveyed in 2022
403,2022,eyesidechannel,lfc,TRUE,TRUE,TRUE,2 & 4 & 7 & 8 & 10 & 12,
408,2022,gateway,lfc,TRUE,TRUE,TRUE,2 & 4 & 7 & 8 & 10 & 12,
410,2022,greatwestern,lfc,FALSE,TRUE,FALSE,1 & 3 & 5 & 6 & 9 & 11,
419,2022,lowerrobinson,lfc,TRUE,TRUE,TRUE,1 & 3 & 5 & 6 & 9 & 11,
422,2022,mathews,lfc,TRUE,TRUE,TRUE,1 & 3 & 5 & 6 & 9 & 11,
426,2022,steep,lfc,TRUE,TRUE,TRUE,2 & 4 & 7 & 8 & 10 & 12,
427,2022,steepsidechannel,lfc,FALSE,TRUE,,2 & 4 & 7 & 8 & 10 & 12,
431,2022,trailerpark,lfc,TRUE,TRUE,TRUE,1 & 3 & 5 & 6 & 9 & 11,
436,2022,uppermathews,lfc,FALSE,TRUE,TRUE,1 & 3 & 5 & 6 & 9 & 11,Upper Mathews was surveyed in 2022
438,2022,upperrobinson,lfc,TRUE,TRUE,TRUE,1 & 3 & 5 & 6 & 9 & 11,
441,2022,weir,lfc,TRUE,TRUE,TRUE,2 & 4 & 7 & 8 & 10 & 12,
443,2023,bedrock,gsa,FALSE,TRUE,TRUE,1 & 2 & 3 & 4 & 5 & 6 & 7 & 8 & 9 & 11,
445,2023,belowlowerauditorium,gsa,FALSE,TRUE,TRUE,1 & 2 & 3 & 4 & 5 & 6 & 7 & 8 & 9 & 11,
449,2023,cottonwood,gsa,FALSE,TRUE,TRUE,1 & 2 & 3 & 4 & 5 & 6 & 7 & 8 & 9 & 11,
460,2023,hatchery,gsa,FALSE,TRUE,TRUE,1 & 2 & 3 & 4 & 5 & 6 & 7 & 8 & 9 & 11,
461,2023,hatcherypipe,gsa,TRUE,TRUE,TRUE,1 & 2 & 3 & 4 & 5 & 6 & 7 & 8 & 9 & 11,
462,2023,hatcherysidechannel,gsa,TRUE,TRUE,TRUE,1 & 2 & 3 & 4 & 5 & 6 & 7 & 8 & 9 & 11,
464,2023,lowerauditorium,gsa,FALSE,TRUE,TRUE,1 & 2 & 3 & 4 & 5 & 6 & 7 & 8 & 9 & 11,
469,2023,lowertablemountain,gsa,TRUE,TRUE,TRUE,1 & 2 & 3 & 4 & 5 & 6 & 7 & 8 & 9 & 11,
472,2023,middleauditorium,gsa,FALSE,TRUE,TRUE,1 & 2 & 3 & 4 & 5 & 6 & 7 & 8 & 9 & 11,
473,2023,moessidechannel,gsa,FALSE,TRUE,TRUE,1 & 2 & 3 & 4 & 5 & 6 & 7 & 8 & 9 & 11,
477,2023,tablemountain,gsa,TRUE,TRUE,TRUE,1 & 2 & 3 & 4 & 5 & 6 & 7 & 8 & 9 & 11,
478,2023,topofauditorium,gsa,FALSE,TRUE,TRUE,1 & 2 & 3 & 4 & 5 & 6 & 7 & 8 & 9 & 11,
479,2023,topofhatchery,gsa,FALSE,FALSE,FALSE,NA,Top of Hatchery was not surveyed in 2023
481,2023,upperauditorium,gsa,FALSE,TRUE,TRUE,1 & 2 & 3 & 4 & 5 & 6 & 7 & 8 & 9 & 11,
482,2023,uppercottonwood,gsa,FALSE,TRUE,TRUE,1 & 2 & 3 & 4 & 5 & 6 & 7 & 8 & 9 & 11,
483,2023,upperhatchery,gsa,FALSE,TRUE,TRUE,1 & 2 & 3 & 4 & 5 & 6 & 7 & 8 & 9 & 11,
444,2023,belowbigholeeast,hfc,FALSE,TRUE,TRUE,7 & 8 & 10,
446,2023,bigbar,hfc,TRUE,TRUE,TRUE,7 & 8 & 10,
447,2023,bigholeeast,hfc,TRUE,TRUE,TRUE,7 & 8 & 10,
448,2023,bigholewest,hfc,TRUE,TRUE,TRUE,7 & 8 & 10,
450,2023,developing,hfc,TRUE,TRUE,FALSE,7 & 8 & 10,Developing was surveyed but no redds were observed
453,2023,g95eastsidechannelbottom,hfc,TRUE,TRUE,TRUE,7 & 8 & 10,
454,2023,g95eastsidechanneltop,hfc,TRUE,TRUE,TRUE,7 & 8 & 10,
455,2023,g95main,hfc,TRUE,TRUE,TRUE,7 & 8 & 10,
456,2023,g95westsidechannel,hfc,FALSE,TRUE,TRUE,7 & 8 & 10,
458,2023,goose,hfc,TRUE,TRUE,FALSE,7 & 8 & 10,Goose was surveyed but no redds were observed
463,2023,keister,hfc,TRUE,TRUE,TRUE,7 & 8 & 10,
465,2023,lowerbig,hfc,FALSE,TRUE,FALSE,7 & 8 & 10,Lower Big was surveyed but no redds were observed
466,2023,lowerhour,hfc,TRUE,TRUE,TRUE,7 & 8 & 10,
467,2023,lowermcfarland,hfc,TRUE,TRUE,TRUE,7 & 8 & 10,
470,2023,lowervanceeast,hfc,TRUE,TRUE,TRUE,7 & 8 & 10,
474,2023,palm,hfc,FALSE,FALSE,FALSE,NA,Palm was not surveyed in 2023
484,2023,upperhour,hfc,TRUE,TRUE,TRUE,7 & 8 & 10,
486,2023,uppermcfarland,hfc,TRUE,TRUE,TRUE,7 & 8 & 10,
488,2023,vanceeast,hfc,TRUE,TRUE,TRUE,7 & 8 & 10,
489,2023,vancewest,hfc,TRUE,TRUE,TRUE,7 & 8 & 10,
442,2023,aleck,lfc,TRUE,FALSE,FALSE,NA,
451,2023,eye,lfc,FALSE,FALSE,FALSE,NA,
452,2023,eyesidechannel,lfc,TRUE,FALSE,FALSE,NA,
457,2023,gateway,lfc,TRUE,FALSE,FALSE,NA,
459,2023,greatwestern,lfc,FALSE,FALSE,FALSE,NA,
468,2023,lowerrobinson,lfc,TRUE,FALSE,FALSE,NA,
471,2023,mathews,lfc,TRUE,FALSE,FALSE,NA,
475,2023,steep,lfc,TRUE,TRUE,TRUE,9,"One survey was performed at Steep, Steep Side Channel, and Weir to investigate spawning near the newly installed FMS at Weir Riffle"
476,2023,steepsidechannel,lfc,FALSE,TRUE,TRUE,9,
480,2023,trailerpark,lfc,TRUE,TRUE,TRUE,2,limited surveys were performed at the entrance and exit to a pond on the east side of the river at Trailer Park
485,2023,uppermathews,lfc,FALSE,TRUE,TRUE,3,
487,2023,upperrobinson,lfc,TRUE,FALSE,,NA,
490,2023,weir,lfc,TRUE,TRUE,TRUE,9,
