PDatID,FishDataID,Species,Count,FL..mm.,WaterDepth,DistToBottom,Focal.Velocity,AvVel,Substrate,I.CovCode,OCoverCodeID,X.SurfTurb,TCode,FishInTran,FocalClicks,AdjFocalVel,AvVelClicks,AdjAvVel
11,11,3,1,40,NA,0.5,0.50999999,NA,NA,NA,NA,NA,3.4,0,NA,NA,NA,NA
11,12,1,1,25,NA,0.1,0.63999999,NA,NA,NA,NA,NA,6.4,0,NA,NA,NA,NA
11,13,3,50,40,NA,0.5,1.08,NA,NA,NA,NA,NA,6.4,0,NA,NA,NA,NA
11,14,3,6,75,NA,0.5,0.80000001,NA,NA,NA,NA,NA,6.4,0,NA,NA,NA,NA
11,15,1,3,25,NA,0.1,0.44,NA,NA,NA,NA,NA,9.4,0,NA,NA,NA,NA
11,16,3,8,50,NA,0.1,0.18000001,NA,NA,NA,NA,NA,12.4,0,NA,NA,NA,NA
11,17,3,15,40,NA,0.1,0.5,NA,NA,NA,NA,NA,12.4,0,NA,NA,NA,NA
11,18,1,2,25,NA,0.1,0.5,NA,NA,NA,NA,NA,12.4,0,NA,NA,NA,NA
11,19,3,5,45,NA,0.1,0.5,NA,NA,NA,NA,NA,18.4,0,NA,NA,NA,NA
11,20,3,75,45,NA,0.5,0.37,NA,NA,NA,NA,NA,24.4,0,NA,NA,NA,NA
11,21,3,2,35,NA,1,0.94,NA,NA,NA,NA,NA,0.1,0,NA,NA,NA,NA
11,22,3,3,35,NA,1.5,0.16,NA,NA,NA,NA,NA,0.1,0,NA,NA,NA,NA
11,23,1,1,25,NA,1.5,0.16,NA,NA,NA,NA,NA,0.1,0,NA,NA,NA,NA
11,24,3,2,35,NA,0.5,0.73000002,NA,NA,NA,NA,NA,6.3,0,NA,NA,NA,NA
11,25,1,3,25,NA,1,0.18000001,NA,NA,NA,NA,NA,3.1,0,NA,NA,NA,NA
11,26,3,10,40,NA,1.5,0.94,NA,NA,NA,NA,NA,6.4,0,NA,NA,NA,NA
11,27,3,20,35,NA,1.5,0.94,NA,NA,NA,NA,NA,6.4,0,NA,NA,NA,NA
11,28,1,20,25,NA,0.5,0.75,NA,NA,NA,NA,NA,6.1,0,NA,NA,NA,NA
11,29,3,25,35,NA,1.5,1.42,NA,NA,NA,NA,NA,6.2,0,NA,NA,NA,NA
11,30,3,2,50,NA,1.5,1.42,NA,NA,NA,NA,NA,6.2,0,NA,NA,NA,NA
11,31,1,35,25,NA,1.5,0,NA,NA,NA,NA,NA,9.1,0,NA,NA,NA,NA
11,32,3,250,35,NA,1.5,0,NA,NA,NA,NA,NA,9.1,0,NA,NA,NA,NA
11,33,1,10,25,NA,1.5,0,NA,NA,NA,NA,NA,12.1,0,NA,NA,NA,NA
11,34,3,100,35,NA,2,0.51999998,NA,NA,NA,NA,NA,15.1,0,NA,NA,NA,NA
11,35,3,150,35,NA,0.5,0.40000001,NA,NA,NA,NA,NA,18.3,0,NA,NA,NA,NA
11,36,3,100,40,NA,1,0.75,NA,NA,NA,NA,NA,21.3,0,NA,NA,NA,NA
11,37,3,150,45,NA,1,0.75,NA,NA,NA,NA,NA,21.3,0,NA,NA,NA,NA
11,38,3,125,45,NA,1,0,NA,NA,NA,NA,NA,18.1,0,NA,NA,NA,NA
11,39,1,10,25,NA,1,0,NA,NA,NA,NA,NA,18.1,0,NA,NA,NA,NA
11,40,3,1,30,NA,1,1.05,NA,NA,NA,NA,NA,24.4,0,NA,NA,NA,NA
11,41,3,1,35,NA,1,0.98000002,NA,NA,NA,NA,NA,24.4,0,NA,NA,NA,NA
11,42,1,5,25,NA,1,0,NA,NA,NA,NA,NA,21.1,0,NA,NA,NA,NA
11,43,3,100,35,NA,1.5,0,NA,NA,NA,NA,NA,21.1,0,NA,NA,NA,NA
11,44,1,11,25,NA,1.5,0,NA,NA,NA,NA,NA,21.1,0,NA,NA,NA,NA
11,45,3,75,40,NA,1.5,0.23999999,NA,NA,NA,NA,NA,24.1,0,NA,NA,NA,NA
11,46,3,45,40,NA,1.5,0.47,NA,NA,NA,NA,NA,24.1,0,NA,NA,NA,NA
11,47,3,4,55,NA,1.5,0.47,NA,NA,NA,NA,NA,24.1,0,NA,NA,NA,NA
11,48,3,50,40,NA,1,1.36,NA,NA,NA,NA,NA,24.1,0,NA,NA,NA,NA
11,49,1,2,25,NA,1,1.36,NA,NA,NA,NA,NA,24.1,0,NA,NA,NA,NA
11,50,1,2,25,NA,1,0,NA,NA,NA,NA,NA,12.1,0,NA,NA,NA,NA
11,51,3,100,35,NA,1,0,NA,NA,NA,NA,NA,15.4,0,NA,NA,NA,NA
12,52,1,1,25,NA,5,0,NA,NA,NA,NA,NA,6.1,0,NA,NA,NA,NA
12,53,3,20,40,NA,10,0,NA,NA,NA,NA,NA,6.3,0,NA,NA,NA,NA
12,54,3,350,40,NA,50,0.2,NA,NA,NA,NA,NA,12.4,0,NA,NA,NA,NA
12,55,3,300,40,NA,20,0,NA,NA,NA,NA,NA,15.2,0,NA,NA,NA,NA
12,56,1,1,25,NA,20,0,NA,NA,NA,NA,NA,15.2,0,NA,NA,NA,NA
12,57,3,50,40,NA,5,0,NA,NA,NA,NA,NA,24.1,0,NA,NA,NA,NA
13,58,NA,0,0,NA,0,0,NA,NA,NA,NA,NA,0,0,NA,NA,NA,NA
14,59,1,1,60,NA,0.039999999,1.98,NA,NA,NA,NA,NA,0.3,0,NA,NA,NA,NA
14,60,1,10,65,NA,0.039999999,0.75,NA,NA,NA,NA,NA,12.4,0,NA,NA,NA,NA
14,61,3,7,80,NA,0.039999999,0.75,NA,NA,NA,NA,NA,12.4,0,NA,NA,NA,NA
14,62,1,3,50,NA,0.050000001,1.27,NA,NA,NA,NA,NA,18.4,0,NA,NA,NA,NA
14,63,1,1,80,NA,0.039999999,1.27,NA,NA,NA,NA,NA,18.4,0,NA,NA,NA,NA
14,64,1,1,45,NA,0.050000001,0,NA,NA,NA,NA,NA,21.1,0,NA,NA,NA,NA
18,65,1,1,220,NA,0.029999999,3.2,NA,NA,NA,NA,NA,18.4,0,NA,NA,NA,NA
19,66,1,1,180,NA,0.029999999,1.41,NA,NA,NA,NA,NA,6.4,0,NA,NA,NA,NA
19,67,1,1,200,NA,0.029999999,1.8099999,NA,NA,NA,NA,NA,6.4,0,NA,NA,NA,NA
19,68,1,1,210,NA,0.029999999,1.8099999,NA,NA,NA,NA,NA,6.4,0,NA,NA,NA,NA
19,69,1,1,160,NA,0.029999999,3.4400001,NA,NA,NA,NA,NA,9.3,0,NA,NA,NA,NA
19,70,1,1,200,NA,0.029999999,3.21,NA,NA,NA,NA,NA,9.3,0,NA,NA,NA,NA
33,71,9,1,50,NA,0,0.20999999,NA,NA,NA,NA,NA,12.4,0,NA,NA,NA,NA
36,72,3,9,45,NA,0,0,NA,NA,NA,NA,NA,12.4,0,NA,NA,NA,NA
36,73,1,1,45,NA,0.1,0.62,NA,NA,NA,NA,NA,15.3,0,NA,NA,NA,NA
36,74,3,7,50,NA,0,0,NA,NA,NA,NA,NA,15.3,0,NA,NA,NA,NA
36,75,3,10,45,NA,0,0,NA,NA,NA,NA,NA,18.4,0,NA,NA,NA,NA
47,76,4,2,50,NA,17,0.37,NA,NA,NA,NA,NA,3.2,0,NA,NA,NA,NA
47,77,6,10,50,NA,40,0.56,NA,NA,NA,NA,NA,9.3,0,NA,NA,NA,NA
53,78,1,2,40,NA,0,1.5599999,NA,NA,NA,NA,NA,3.4,0,NA,NA,NA,NA
53,79,1,1,40,NA,0,2.26,NA,NA,NA,NA,NA,6.1,0,NA,NA,NA,NA
53,80,1,5,50,NA,0,1.13,NA,NA,NA,NA,NA,9.4,0,NA,NA,NA,NA
53,81,3,27,50,NA,0,1.13,NA,NA,NA,NA,NA,9.4,0,NA,NA,NA,NA
53,82,1,7,50,NA,0,0.77999997,NA,NA,NA,NA,NA,9.4,0,NA,NA,NA,NA
53,83,1,9,45,NA,0,1.65,NA,NA,NA,NA,NA,15.4,0,NA,NA,NA,NA
53,84,3,10,60,NA,0,1.65,NA,NA,NA,NA,NA,15.4,0,NA,NA,NA,NA
53,85,1,2,30,NA,0,0.49000001,NA,NA,NA,NA,NA,15.3,0,NA,NA,NA,NA
53,86,1,6,45,NA,0,0.85000002,NA,NA,NA,NA,NA,21.4,0,NA,NA,NA,NA
53,87,1,2,55,NA,0,0.94,NA,NA,NA,NA,NA,24.2,0,NA,NA,NA,NA
53,88,3,15,65,NA,0,0.94,NA,NA,NA,NA,NA,24.2,0,NA,NA,NA,NA
53,89,1,9,45,NA,0,1.42,NA,NA,NA,NA,NA,15.4,0,NA,NA,NA,NA
53,90,3,7,50,NA,0,1.42,NA,NA,NA,NA,NA,15.4,0,NA,NA,NA,NA
54,91,3,75,45,NA,0,0,NA,NA,NA,NA,NA,21.3,0,NA,NA,NA,NA
54,92,3,25,60,NA,0,0,NA,NA,NA,NA,NA,21.3,0,NA,NA,NA,NA
57,93,1,4,45,NA,10,0.62,NA,NA,NA,NA,NA,18.4,0,NA,NA,NA,NA
58,94,1,1,45,NA,5,1.36,NA,NA,NA,NA,NA,6.4,0,NA,NA,NA,NA
58,95,9,10,35,NA,5,1.36,NA,NA,NA,NA,NA,6.4,0,NA,NA,NA,NA
58,96,1,1,40,NA,5,1.36,NA,NA,NA,NA,NA,9.3,0,NA,NA,NA,NA
58,97,1,1,40,NA,10,1.25,NA,NA,NA,NA,NA,12.4,0,NA,NA,NA,NA
58,98,1,2,60,NA,10,0.57999998,NA,NA,NA,NA,NA,21.4,0,NA,NA,NA,NA
58,99,3,10,70,NA,10,0.57999998,NA,NA,NA,NA,NA,21.4,0,NA,NA,NA,NA
58,100,1,2,45,NA,10,0.57999998,NA,NA,NA,NA,NA,21.4,0,NA,NA,NA,NA
59,101,1,1,55,NA,10,0.41999999,NA,NA,NA,NA,NA,12.3,0,NA,NA,NA,NA
62,102,3,3,80,NA,0,0.55000001,NA,NA,NA,NA,NA,9.1,0,NA,NA,NA,NA
70,103,1,1,35,NA,20,0.60000002,NA,NA,NA,NA,NA,3.1,0,NA,NA,NA,NA
70,104,1,1,35,NA,7,0,NA,NA,NA,NA,NA,6.1,0,NA,NA,NA,NA
70,105,1,2,35,NA,10,0,NA,NA,NA,NA,NA,6.1,0,NA,NA,NA,NA
70,106,3,5,40,NA,10,0,NA,NA,NA,NA,NA,6.1,0,NA,NA,NA,NA
70,107,3,3,40,NA,3,0.86000001,NA,NA,NA,NA,NA,6.1,0,NA,NA,NA,NA
70,108,1,1,35,NA,3,0.86000001,NA,NA,NA,NA,NA,6.1,0,NA,NA,NA,NA
70,109,3,50,45,NA,0,0,NA,NA,NA,NA,NA,6.1,0,NA,NA,NA,NA
70,110,1,5,35,NA,0,0,NA,NA,NA,NA,NA,9.1,0,NA,NA,NA,NA
70,111,3,3,40,NA,0,0.85000002,NA,NA,NA,NA,NA,12.1,0,NA,NA,NA,NA
70,112,3,3,45,NA,0,0.47,NA,NA,NA,NA,NA,12.3,0,NA,NA,NA,NA
70,113,1,1,40,NA,3,0.77999997,NA,NA,NA,NA,NA,12.3,0,NA,NA,NA,NA
70,114,1,1,40,NA,5,0.31,NA,NA,NA,NA,NA,15.1,0,NA,NA,NA,NA
70,115,3,1,35,NA,5,0.31,NA,NA,NA,NA,NA,15.1,0,NA,NA,NA,NA
70,116,1,2,25,NA,5,0.31,NA,NA,NA,NA,NA,15.1,0,NA,NA,NA,NA
70,117,3,2,40,NA,5,1.63,NA,NA,NA,NA,NA,15.4,0,NA,NA,NA,NA
70,118,1,4,40,NA,5,0,NA,NA,NA,NA,NA,18.1,0,NA,NA,NA,NA
70,119,1,3,25,NA,10,0,NA,NA,NA,NA,NA,18.1,0,NA,NA,NA,NA
70,120,1,2,25,NA,10,0,NA,NA,NA,NA,NA,21.1,0,NA,NA,NA,NA
70,121,3,10,35,NA,10,0,NA,NA,NA,NA,NA,21.1,0,NA,NA,NA,NA
70,122,3,5,35,NA,5,1.3200001,NA,NA,NA,NA,NA,24.3,0,NA,NA,NA,NA
70,123,1,1,35,NA,2,0.91000003,NA,NA,NA,NA,NA,24.3,0,NA,NA,NA,NA
70,124,3,3,40,NA,0.029999999,0.91000003,NA,NA,NA,NA,NA,24.3,0,NA,NA,NA,NA
71,125,3,150,45,NA,50,0.50999999,NA,NA,NA,NA,NA,6.3,0,NA,NA,NA,NA
71,126,1,1,75,NA,15,0,NA,NA,NA,NA,NA,6.1,0,NA,NA,NA,NA
71,127,1,1,25,NA,10,0,NA,NA,NA,NA,NA,12.1,0,NA,NA,NA,NA
71,128,1,2,25,NA,5,0,NA,NA,NA,NA,NA,24.1,0,NA,NA,NA,NA
71,129,1,1,50,NA,5,0,NA,NA,NA,NA,NA,24.1,0,NA,NA,NA,NA
71,130,1,1,35,NA,5,0,NA,NA,NA,NA,NA,24.1,0,NA,NA,NA,NA
72,131,1,10,25,NA,20,0,NA,NA,NA,NA,NA,3.2,0,NA,NA,NA,NA
72,132,1,5,30,NA,20,0,NA,NA,NA,NA,NA,3.2,0,NA,NA,NA,NA
72,133,3,20,40,NA,20,0,NA,NA,NA,NA,NA,3.2,0,NA,NA,NA,NA
72,134,3,40,45,NA,20,0,NA,NA,NA,NA,NA,3.2,0,NA,NA,NA,NA
72,135,3,2,65,NA,15,0,NA,NA,NA,NA,NA,3.2,0,NA,NA,NA,NA
72,136,3,50,65,NA,15,0,NA,NA,NA,NA,NA,6.2,0,NA,NA,NA,NA
72,137,1,1,35,NA,15,0,NA,NA,NA,NA,NA,6.4,0,NA,NA,NA,NA
72,138,1,150,35,NA,15,0,NA,NA,NA,NA,NA,6.4,0,NA,NA,NA,NA
72,139,1,5,25,NA,15,0,NA,NA,NA,NA,NA,6.4,0,NA,NA,NA,NA
72,140,1,150,40,NA,30,0.15000001,NA,NA,NA,NA,NA,6.4,0,NA,NA,NA,NA
72,141,3,50,50,NA,20,0,NA,NA,NA,NA,NA,9.1,0,NA,NA,NA,NA
72,142,1,6,30,NA,20,0,NA,NA,NA,NA,NA,9.1,0,NA,NA,NA,NA
72,143,3,75,40,NA,20,0,NA,NA,NA,NA,NA,9.4,0,NA,NA,NA,NA
72,144,1,5,35,NA,5,0,NA,NA,NA,NA,NA,15.1,0,NA,NA,NA,NA
72,145,1,3,25,NA,5,0,NA,NA,NA,NA,NA,18.1,0,NA,NA,NA,NA
72,146,1,1,35,NA,3,0.28999999,NA,NA,NA,NA,NA,18.3,0,NA,NA,NA,NA
72,147,1,1,25,NA,5,0,NA,NA,NA,NA,NA,21.1,0,NA,NA,NA,NA
72,148,1,2,25,NA,15,0,NA,NA,NA,NA,NA,24.1,0,NA,NA,NA,NA
72,149,3,200,35,NA,25,0.5,NA,NA,NA,NA,NA,24.4,0,NA,NA,NA,NA
73,150,3,50,35,NA,10,0,NA,NA,NA,NA,NA,9.4,0,NA,NA,NA,NA
73,151,3,1,35,NA,4,0,NA,NA,NA,NA,NA,9.4,0,NA,NA,NA,NA
74,152,1,1,30,NA,5,0,NA,NA,NA,NA,NA,9.2,0,NA,NA,NA,NA
76,153,1,1,40,NA,15,0,NA,NA,NA,NA,NA,12.1,0,NA,NA,NA,NA
76,154,3,5,70,NA,20,0,NA,NA,NA,NA,NA,12.3,0,NA,NA,NA,NA
76,155,3,1,100,NA,20,0,NA,NA,NA,NA,NA,12.3,0,NA,NA,NA,NA
77,156,2,2,450,NA,25,0,NA,NA,NA,NA,NA,15.3,0,NA,NA,NA,NA
77,157,3,20,80,NA,40,0,NA,NA,NA,NA,NA,24.3,0,NA,NA,NA,NA
78,158,1,1,40,NA,10,0,NA,NA,NA,NA,NA,15.1,0,NA,NA,NA,NA
79,159,1,1,40,NA,2,0,NA,NA,NA,NA,NA,18.1,0,NA,NA,NA,NA
79,160,3,4,35,NA,2,0,NA,NA,NA,NA,NA,18.1,0,NA,NA,NA,NA
79,161,3,2,75,NA,2,0.57999998,NA,NA,NA,NA,NA,21.2,0,NA,NA,NA,NA
86,162,NA,0,0,NA,0,0,NA,NA,NA,NA,NA,0,0,NA,NA,NA,NA
90,163,6,15,40,NA,40,2.03,NA,NA,NA,NA,NA,18.3,0,NA,NA,NA,NA
96,164,1,1,30,NA,10,0,NA,NA,NA,NA,NA,0.1,0,NA,NA,NA,NA
96,165,1,1,30,NA,10,0,NA,NA,NA,NA,NA,3.1,0,NA,NA,NA,NA
96,166,1,1,30,NA,10,0,NA,NA,NA,NA,NA,12.1,0,NA,NA,NA,NA
96,167,3,500,45,NA,30,0,NA,NA,NA,NA,NA,12.2,0,NA,NA,NA,NA
96,168,3,500,50,NA,30,0,NA,NA,NA,NA,NA,12.2,0,NA,NA,NA,NA
96,169,1,25,30,NA,30,0,NA,NA,NA,NA,NA,12.2,0,NA,NA,NA,NA
96,170,1,7,30,NA,10,0,NA,NA,NA,NA,NA,15.1,0,NA,NA,NA,NA
96,171,1,4,30,NA,5,0,NA,NA,NA,NA,NA,18.1,0,NA,NA,NA,NA
96,172,3,5,40,NA,5,0,NA,NA,NA,NA,NA,18.1,0,NA,NA,NA,NA
96,173,1,2,30,NA,15,0.18000001,NA,NA,NA,NA,NA,24.1,0,NA,NA,NA,NA
96,174,1,1,50,NA,15,0.18000001,NA,NA,NA,NA,NA,24.1,0,NA,NA,NA,NA
96,175,3,30,50,NA,15,0.18000001,NA,NA,NA,NA,NA,24.1,0,NA,NA,NA,NA
96,176,3,2,50,NA,15,0,NA,NA,NA,NA,NA,24.1,0,NA,NA,NA,NA
96,177,1,5,30,NA,15,0,NA,NA,NA,NA,NA,24.1,0,NA,NA,NA,NA
96,178,1,2,25,NA,5,0,NA,NA,NA,NA,NA,24.1,0,NA,NA,NA,NA
97,179,3,50,45,NA,8,0.25999999,NA,NA,NA,NA,NA,0.1,0,NA,NA,NA,NA
97,180,1,2,25,NA,30,0,NA,NA,NA,NA,NA,0.1,0,NA,NA,NA,NA
97,181,1,1,35,NA,35,0,NA,NA,NA,NA,NA,3.1,0,NA,NA,NA,NA
97,182,3,8,50,NA,30,0.75,NA,NA,NA,NA,NA,3.2,0,NA,NA,NA,NA
97,183,1,1,35,NA,2,0,NA,NA,NA,NA,NA,6.1,0,NA,NA,NA,NA
97,184,3,50,40,NA,5,0.85000002,NA,NA,NA,NA,NA,6.2,0,NA,NA,NA,NA
97,185,3,2,35,NA,1,0,NA,NA,NA,NA,NA,6.1,0,NA,NA,NA,NA
97,186,3,40,35,NA,1,0.50999999,NA,NA,NA,NA,NA,6.1,0,NA,NA,NA,NA
97,187,1,3,25,NA,3,0,NA,NA,NA,NA,NA,9.1,0,NA,NA,NA,NA
97,188,3,60,40,NA,4,0.56,NA,NA,NA,NA,NA,12.1,0,NA,NA,NA,NA
97,189,1,5,30,NA,5,0,NA,NA,NA,NA,NA,15.1,0,NA,NA,NA,NA
97,190,1,1,30,NA,5,0,NA,NA,NA,NA,NA,15.1,0,NA,NA,NA,NA
97,191,1,3,30,NA,3,0,NA,NA,NA,NA,NA,18.1,0,NA,NA,NA,NA
97,192,3,150,40,NA,10,0,NA,NA,NA,NA,NA,24.2,0,NA,NA,NA,NA
99,193,9,3,45,NA,5,2.21,NA,NA,NA,NA,NA,9.4,0,NA,NA,NA,NA
99,194,2,2,125,NA,10,1.78,NA,NA,NA,NA,NA,15.4,0,NA,NA,NA,NA
101,195,4,1,200,NA,10,0.18000001,NA,NA,NA,NA,NA,0.4,0,NA,NA,NA,NA
102,196,9,11,40,NA,10,0.55000001,NA,NA,NA,NA,NA,3.3,0,NA,NA,NA,NA
103,197,4,2,180,NA,30,0.95999998,NA,NA,NA,NA,NA,6.3,0,NA,NA,NA,NA
103,198,9,1,40,NA,10,2.1400001,NA,NA,NA,NA,NA,12.3,0,NA,NA,NA,NA
103,199,9,8,40,NA,30,0,NA,NA,NA,NA,NA,15.2,0,NA,NA,NA,NA
107,200,1,3,65,NA,5,1.3200001,NA,NA,NA,NA,NA,15.1,0,NA,NA,NA,NA
107,201,1,2,65,NA,5,2.6400001,NA,NA,NA,NA,NA,12.3,0,NA,NA,NA,NA
111,202,1,2,25,NA,1,0.76999998,NA,NA,NA,NA,NA,0.1,0,NA,NA,NA,NA
111,203,1,2,25,NA,1,0,NA,NA,NA,NA,NA,0.1,0,NA,NA,NA,NA
111,204,1,9,27,NA,1,0,NA,NA,NA,NA,NA,0.1,0,NA,NA,NA,NA
111,205,1,3,27,NA,1,0,NA,NA,NA,NA,NA,3.1,0,NA,NA,NA,NA
111,206,3,25,40,NA,1,0,NA,NA,NA,NA,NA,3.1,0,NA,NA,NA,NA
111,207,1,2,25,NA,1,0,NA,NA,NA,NA,NA,3.1,0,NA,NA,NA,NA
111,208,3,30,45,NA,5,1.0599999,NA,NA,NA,NA,NA,3.2,0,NA,NA,NA,NA
111,209,1,2,25,NA,1,0,NA,NA,NA,NA,NA,3.2,0,NA,NA,NA,NA
111,210,1,1,25,NA,1,0,NA,NA,NA,NA,NA,3.2,0,NA,NA,NA,NA
111,211,1,4,25,NA,1,0,NA,NA,NA,NA,NA,3.3,0,NA,NA,NA,NA
111,212,1,10,30,NA,1,0,NA,NA,NA,NA,NA,6.2,0,NA,NA,NA,NA
111,213,1,8,30,NA,0,0.36000001,NA,NA,NA,NA,NA,6.3,0,NA,NA,NA,NA
111,214,1,6,30,NA,1,0.25,NA,NA,NA,NA,NA,6.3,0,NA,NA,NA,NA
111,215,1,2,30,NA,1,0.25,NA,NA,NA,NA,NA,6.3,0,NA,NA,NA,NA
111,216,1,1,25,NA,1,0.44999999,NA,NA,NA,NA,NA,9.1,0,NA,NA,NA,NA
111,217,1,2,25,NA,1,0.44999999,NA,NA,NA,NA,NA,9.1,0,NA,NA,NA,NA
111,218,1,1,25,NA,1,0.44999999,NA,NA,NA,NA,NA,9.1,0,NA,NA,NA,NA
111,219,1,2,40,NA,0.5,0,NA,NA,NA,NA,NA,9.2,0,NA,NA,NA,NA
111,220,1,2,25,NA,0.5,0,NA,NA,NA,NA,NA,9.2,0,NA,NA,NA,NA
111,221,3,1,40,NA,1,0,NA,NA,NA,NA,NA,9.2,0,NA,NA,NA,NA
111,222,1,6,30,NA,2,0.54000002,NA,NA,NA,NA,NA,12.2,0,NA,NA,NA,NA
111,223,3,40,40,NA,2,0.54000002,NA,NA,NA,NA,NA,12.2,0,NA,NA,NA,NA
111,224,3,40,50,NA,2,0.54000002,NA,NA,NA,NA,NA,12.2,0,NA,NA,NA,NA
111,225,3,100,35,NA,2,0.54000002,NA,NA,NA,NA,NA,12.2,0,NA,NA,NA,NA
111,226,3,6,30,NA,1,0,NA,NA,NA,NA,NA,12.1,0,NA,NA,NA,NA
111,227,1,6,25,NA,2,0,NA,NA,NA,NA,NA,12.1,0,NA,NA,NA,NA
111,228,1,7,25,NA,2,0,NA,NA,NA,NA,NA,12.1,0,NA,NA,NA,NA
111,229,3,50,35,NA,1,0,NA,NA,NA,NA,NA,12.1,0,NA,NA,NA,NA
111,230,1,15,30,NA,1,1,NA,NA,NA,NA,NA,12.2,0,NA,NA,NA,NA
111,231,1,2,25,NA,1,1,NA,NA,NA,NA,NA,12.2,0,NA,NA,NA,NA
111,232,3,2,40,NA,1,1,NA,NA,NA,NA,NA,12.2,0,NA,NA,NA,NA
111,233,3,100,40,NA,5,0.46000001,NA,NA,NA,NA,NA,15.2,0,NA,NA,NA,NA
111,234,3,3,70,NA,10,0.46000001,NA,NA,NA,NA,NA,15.2,0,NA,NA,NA,NA
111,235,3,50,40,NA,10,0,NA,NA,NA,NA,NA,15.1,0,NA,NA,NA,NA
111,236,3,3,70,NA,10,0,NA,NA,NA,NA,NA,15.1,0,NA,NA,NA,NA
111,237,3,5,70,NA,20,0,NA,NA,NA,NA,NA,18.1,0,NA,NA,NA,NA
111,238,3,100,40,NA,20,0,NA,NA,NA,NA,NA,18.1,0,NA,NA,NA,NA
111,239,1,60,30,NA,10,0,NA,NA,NA,NA,NA,21.1,0,NA,NA,NA,NA
111,240,1,5,30,NA,10,0.25999999,NA,NA,NA,NA,NA,21.1,0,NA,NA,NA,NA
111,241,3,20,80,NA,20,0.95999998,NA,NA,NA,NA,NA,21.2,0,NA,NA,NA,NA
111,242,3,100,40,NA,20,0.95999998,NA,NA,NA,NA,NA,21.2,0,NA,NA,NA,NA
111,243,3,100,50,NA,20,0.95999998,NA,NA,NA,NA,NA,21.2,0,NA,NA,NA,NA
111,244,3,7,55,NA,5,0.30000001,NA,NA,NA,NA,NA,21.4,0,NA,NA,NA,NA
111,245,1,10,30,NA,5,0.41999999,NA,NA,NA,NA,NA,21.2,0,NA,NA,NA,NA
111,246,1,20,30,NA,5,0,NA,NA,NA,NA,NA,24.1,0,NA,NA,NA,NA
111,247,1,50,30,NA,5,0,NA,NA,NA,NA,NA,24.2,0,NA,NA,NA,NA
111,248,3,8,60,NA,5,1.39,NA,NA,NA,NA,NA,24.4,0,NA,NA,NA,NA
112,249,3,25,45,NA,8,0.47,NA,NA,NA,NA,NA,24.3,0,NA,NA,NA,NA
113,250,3,1,40,NA,30,0,NA,NA,NA,NA,NA,0.3,0,NA,NA,NA,NA
113,251,3,15,45,NA,10,0,NA,NA,NA,NA,NA,9.2,0,NA,NA,NA,NA
113,252,3,35,45,NA,20,0,NA,NA,NA,NA,NA,15.3,0,NA,NA,NA,NA
113,253,3,10,35,NA,20,0,NA,NA,NA,NA,NA,15.3,0,NA,NA,NA,NA
113,254,1,1,30,NA,5,0,NA,NA,NA,NA,NA,18.1,0,NA,NA,NA,NA
114,255,1,1,30,NA,5,0,NA,NA,NA,NA,NA,0.4,0,NA,NA,NA,NA
114,256,3,3,40,NA,5,0,NA,NA,NA,NA,NA,9.3,0,NA,NA,NA,NA
114,257,3,8,40,NA,5,0,NA,NA,NA,NA,NA,15.1,0,NA,NA,NA,NA
114,258,1,1,30,NA,5,0,NA,NA,NA,NA,NA,21.1,0,NA,NA,NA,NA
115,259,3,2,45,NA,5,0,NA,NA,NA,NA,NA,3.1,0,NA,NA,NA,NA
115,260,1,1,25,NA,5,0,NA,NA,NA,NA,NA,6.1,0,NA,NA,NA,NA
115,261,3,5,45,NA,1,0,NA,NA,NA,NA,NA,6.2,0,NA,NA,NA,NA
115,262,1,1,30,NA,5,0,NA,NA,NA,NA,NA,9.1,0,NA,NA,NA,NA
115,263,3,6,35,NA,15,0,NA,NA,NA,NA,NA,24.4,0,NA,NA,NA,NA
116,264,3,15,40,NA,5,0,NA,NA,NA,NA,NA,0.4,0,NA,NA,NA,NA
116,265,3,5,40,NA,5,0,NA,NA,NA,NA,NA,6.2,0,NA,NA,NA,NA
116,266,3,40,45,NA,5,0,NA,NA,NA,NA,NA,3.4,0,NA,NA,NA,NA
116,267,3,80,50,NA,1,0,NA,NA,NA,NA,NA,12.3,0,NA,NA,NA,NA
116,268,1,1,25,NA,5,0,NA,NA,NA,NA,NA,18.1,0,NA,NA,NA,NA
116,269,1,100,50,NA,10,0,NA,NA,NA,NA,NA,18.3,0,NA,NA,NA,NA
117,270,1,1,25,NA,5,0,NA,NA,NA,NA,NA,3.2,0,NA,NA,NA,NA
117,271,1,1,25,NA,5,0,NA,NA,NA,NA,NA,6.3,0,NA,NA,NA,NA
117,272,1,1,25,NA,1,0,NA,NA,NA,NA,NA,9.1,0,NA,NA,NA,NA
117,273,1,1,30,NA,3,0,NA,NA,NA,NA,NA,18.3,0,NA,NA,NA,NA
117,274,1,1,25,NA,3,0,NA,NA,NA,NA,NA,21.1,0,NA,NA,NA,NA
117,275,1,1,25,NA,10,0,NA,NA,NA,NA,NA,21.2,0,NA,NA,NA,NA
118,276,3,50,50,NA,2,0.93000001,NA,NA,NA,NA,NA,21.4,0,NA,NA,NA,NA
118,277,3,1,35,NA,2,0,NA,NA,NA,NA,NA,21.2,0,NA,NA,NA,NA
119,278,3,7,35,NA,2,NA,NA,NA,NA,NA,NA,3.3,0,NA,NA,NA,NA
119,279,3,2,35,NA,1,NA,NA,NA,NA,NA,NA,12.4,0,NA,NA,NA,NA
119,280,3,2,35,NA,1,NA,NA,NA,NA,NA,NA,15.3,0,NA,NA,NA,NA
119,281,3,2,35,NA,2,NA,NA,NA,NA,NA,NA,21.4,0,NA,NA,NA,NA
119,282,3,2,35,NA,2,NA,NA,NA,NA,NA,NA,21.4,0,NA,NA,NA,NA
119,283,3,1,45,NA,2,0,NA,NA,NA,NA,NA,9.1,0,NA,NA,NA,NA
119,284,3,1,50,NA,2,0,NA,NA,NA,NA,NA,9.1,0,NA,NA,NA,NA
119,285,3,1,35,NA,2,0,NA,NA,NA,NA,NA,9.1,0,NA,NA,NA,NA
119,286,3,3,60,NA,4,NA,NA,NA,NA,NA,NA,12.2,0,NA,NA,NA,NA
119,287,3,1,75,NA,4,NA,NA,NA,NA,NA,NA,12.2,0,NA,NA,NA,NA
119,288,3,1,55,NA,4,NA,NA,NA,NA,NA,NA,12.2,0,NA,NA,NA,NA
119,289,3,5,45,NA,2,NA,NA,NA,NA,NA,NA,21.2,0,NA,NA,NA,NA
120,290,1,1,30,NA,1,NA,NA,NA,NA,NA,NA,0,0,NA,NA,NA,NA
120,291,3,1,40,NA,1,NA,NA,NA,NA,NA,NA,0,0,NA,NA,NA,NA
120,292,3,1,75,NA,2,0,NA,NA,NA,NA,NA,0,0,NA,NA,NA,NA
120,293,3,3,40,NA,2,NA,NA,NA,NA,NA,NA,0,0,NA,NA,NA,NA
120,294,3,1,60,NA,2,NA,NA,NA,NA,NA,NA,0,0,NA,NA,NA,NA
120,295,3,20,40,NA,5,NA,NA,NA,NA,NA,NA,0,0,NA,NA,NA,NA
120,296,3,2,75,NA,2,NA,NA,NA,NA,NA,NA,0,0,NA,NA,NA,NA
120,297,1,1,25,NA,3,NA,NA,NA,NA,NA,NA,0,0,NA,NA,NA,NA
120,298,3,1,40,NA,4,NA,NA,NA,NA,NA,NA,0,0,NA,NA,NA,NA
120,299,3,7,65,NA,4,NA,NA,NA,NA,NA,NA,0,0,NA,NA,NA,NA
120,300,3,8,60,NA,6,NA,NA,NA,NA,NA,NA,0,0,NA,NA,NA,NA
120,301,3,10,50,NA,6,NA,NA,NA,NA,NA,NA,0,0,NA,NA,NA,NA
120,302,3,10,40,NA,6,NA,NA,NA,NA,NA,NA,0,0,NA,NA,NA,NA
121,305,3,12,50,NA,15,0,NA,NA,NA,NA,NA,9.1,0,NA,NA,NA,NA
122,306,3,8,70,NA,30,0,NA,NA,NA,NA,NA,21.4,0,NA,NA,NA,NA
122,307,3,50,50,NA,35,0,NA,NA,NA,NA,NA,24.4,0,NA,NA,NA,NA
122,308,3,10,40,NA,35,0,NA,NA,NA,NA,NA,24.4,0,NA,NA,NA,NA
122,309,3,250,50,NA,30,0,NA,NA,NA,NA,NA,21.4,0,NA,NA,NA,NA
124,311,3,170,55,NA,10,0.63999999,NA,NA,NA,NA,NA,15.2,0,NA,NA,NA,NA
129,312,3,15,50,NA,10,1.3,NA,NA,NA,NA,NA,18.3,0,NA,NA,NA,NA
130,313,3,1,55,NA,5,0,NA,NA,NA,NA,NA,6.2,0,NA,NA,NA,NA
130,314,3,18,55,NA,2,0,NA,NA,NA,NA,NA,15.3,0,NA,NA,NA,NA
131,315,3,70,55,NA,25,0,NA,NA,NA,NA,NA,6.1,0,NA,NA,NA,NA
131,316,3,550,55,NA,30,0,NA,NA,NA,NA,NA,9.1,0,NA,NA,NA,NA
131,317,3,10,50,NA,30,0,NA,NA,NA,NA,NA,12.1,0,NA,NA,NA,NA
131,318,3,6,60,NA,30,0,NA,NA,NA,NA,NA,15.2,0,NA,NA,NA,NA
132,319,3,200,45,NA,70,0,NA,NA,NA,NA,NA,0.1,0,NA,NA,NA,NA
132,320,1,1,25,NA,5,0,NA,NA,NA,NA,NA,0.3,0,NA,NA,NA,NA
132,321,3,100,45,NA,20,0,NA,NA,NA,NA,NA,3.1,0,NA,NA,NA,NA
132,322,3,1000,40,NA,50,0.30000001,NA,NA,NA,NA,NA,9.3,0,NA,NA,NA,NA
132,323,3,1000,40,NA,25,0.36000001,NA,NA,NA,NA,NA,21.2,0,NA,NA,NA,NA
132,324,3,500,45,NA,30,0,NA,NA,NA,NA,NA,21.4,0,NA,NA,NA,NA
132,325,4,3,100,NA,30,0,NA,NA,NA,NA,NA,0.1,0,NA,NA,NA,NA
132,326,3,5,75,NA,30,0,NA,NA,NA,NA,NA,0.1,0,NA,NA,NA,NA
132,327,3,75,45,NA,10,0,NA,NA,NA,NA,NA,0.3,0,NA,NA,NA,NA
133,328,1,1,25,NA,5,0.25,NA,NA,NA,NA,NA,0.3,0,NA,NA,NA,NA
133,329,4,25,90,NA,10,0,NA,NA,NA,NA,NA,3.4,0,NA,NA,NA,NA
133,330,3,20,45,NA,25,0,NA,NA,NA,NA,NA,3.4,0,NA,NA,NA,NA
133,331,3,100,35,NA,10,0,NA,NA,NA,NA,NA,6.3,0,NA,NA,NA,NA
133,332,4,75,100,NA,10,0,NA,NA,NA,NA,NA,9.4,0,NA,NA,NA,NA
133,333,4,1000,50,NA,60,0,NA,NA,NA,NA,NA,15.3,0,NA,NA,NA,NA
133,334,4,500,70,NA,60,0,NA,NA,NA,NA,NA,15.3,0,NA,NA,NA,NA
133,335,4,200,100,NA,60,0,NA,NA,NA,NA,NA,15.3,0,NA,NA,NA,NA
133,336,4,50,150,NA,60,0,NA,NA,NA,NA,NA,15.3,0,NA,NA,NA,NA
133,337,3,150,35,NA,60,0,NA,NA,NA,NA,NA,15.3,0,NA,NA,NA,NA
133,338,3,50,70,NA,75,0,NA,NA,NA,NA,NA,15.4,0,NA,NA,NA,NA
133,339,6,50,90,NA,60,0,NA,NA,NA,NA,NA,24.4,0,NA,NA,NA,NA
133,340,4,50,75,NA,100,0,NA,NA,NA,NA,NA,24.4,0,NA,NA,NA,NA
133,341,3,200,40,NA,100,0,NA,NA,NA,NA,NA,24.4,0,NA,NA,NA,NA
134,343,3,1,40,NA,10,0.55000001,NA,NA,NA,NA,NA,0.2,0,NA,NA,NA,NA
135,344,3,75,45,NA,10,0.5,NA,NA,NA,NA,NA,0.2,0,NA,NA,NA,NA
135,345,3,10,45,NA,10,1.4,NA,NA,NA,NA,NA,0.3,0,NA,NA,NA,NA
135,346,3,500,45,NA,10,0.5,NA,NA,NA,NA,NA,3.1,0,NA,NA,NA,NA
135,347,3,50,55,NA,20,0.69999999,NA,NA,NA,NA,NA,3.2,0,NA,NA,NA,NA
135,348,3,20,65,NA,20,0.69999999,NA,NA,NA,NA,NA,3.2,0,NA,NA,NA,NA
135,349,3,300,50,NA,25,0.64999998,NA,NA,NA,NA,NA,6.2,0,NA,NA,NA,NA
135,350,3,350,45,NA,10,0,NA,NA,NA,NA,NA,12.2,0,NA,NA,NA,NA
135,351,3,300,40,NA,10,0,NA,NA,NA,NA,NA,18.1,0,NA,NA,NA,NA
135,352,3,30,40,NA,20,0.80000001,NA,NA,NA,NA,NA,9.3,0,NA,NA,NA,NA
135,353,3,40,40,NA,30,0.69999999,NA,NA,NA,NA,NA,12.4,0,NA,NA,NA,NA
135,354,3,300,40,NA,20,0.37,NA,NA,NA,NA,NA,15.4,0,NA,NA,NA,NA
135,355,3,500,40,NA,60,0.2,NA,NA,NA,NA,NA,15.3,0,NA,NA,NA,NA
135,356,3,200,40,NA,50,0,NA,NA,NA,NA,NA,24.4,0,NA,NA,NA,NA
135,357,3,200,40,NA,110,0.41,NA,NA,NA,NA,NA,21.4,0,NA,NA,NA,NA
135,358,3,300,40,NA,100,0.34999999,NA,NA,NA,NA,NA,21.3,0,NA,NA,NA,NA
136,359,1,1,25,NA,5,0,NA,NA,NA,NA,NA,12.3,0,NA,NA,NA,NA
136,360,1,5,25,NA,5,0,NA,NA,NA,NA,NA,15.1,0,NA,NA,NA,NA
136,361,1,1,25,NA,5,0.5,NA,NA,NA,NA,NA,21.1,0,NA,NA,NA,NA
136,362,1,3,25,NA,5,0,NA,NA,NA,NA,NA,24.2,0,NA,NA,NA,NA
136,363,3,1,35,NA,5,0,NA,NA,NA,NA,NA,15.1,0,NA,NA,NA,NA
136,364,3,300,50,NA,25,0,NA,NA,NA,NA,NA,9.3,0,NA,NA,NA,NA
136,365,1,1,25,NA,5,0,NA,NA,NA,NA,NA,0.1,0,NA,NA,NA,NA
137,366,3,1,30,NA,3,0,NA,NA,NA,NA,NA,6.4,0,NA,NA,NA,NA
137,367,1,1,25,NA,1,0,NA,NA,NA,NA,NA,12.4,0,NA,NA,NA,NA
137,368,1,3,25,NA,5,0,NA,NA,NA,NA,NA,6.1,0,NA,NA,NA,NA
137,369,1,1,25,NA,1,0,NA,NA,NA,NA,NA,9.1,0,NA,NA,NA,NA
137,370,1,3,25,NA,5,0,NA,NA,NA,NA,NA,12.1,0,NA,NA,NA,NA
137,371,1,6,25,NA,1,0,NA,NA,NA,NA,NA,18.1,0,NA,NA,NA,NA
137,372,1,1,25,NA,1,0,NA,NA,NA,NA,NA,4.1,0,NA,NA,NA,NA
137,373,1,1,25,NA,5,0,NA,NA,NA,NA,NA,21.1,0,NA,NA,NA,NA
137,374,1,1,25,NA,5,0,NA,NA,NA,NA,NA,24.1,0,NA,NA,NA,NA
137,375,3,50,50,NA,5,0,NA,NA,NA,NA,NA,24.1,0,NA,NA,NA,NA
137,376,1,6,25,NA,10,0,NA,NA,NA,NA,NA,24.1,0,NA,NA,NA,NA
137,377,1,5,25,NA,10,0,NA,NA,NA,NA,NA,18.1,0,NA,NA,NA,NA
138,378,1,1,28,NA,1,0,NA,NA,NA,NA,NA,9.1,0,NA,NA,NA,NA
138,379,3,1,45,NA,1.5,0,NA,NA,NA,NA,NA,12.1,0,NA,NA,NA,NA
138,380,3,35,35,NA,1.5,0,NA,NA,NA,NA,NA,12.1,0,NA,NA,NA,NA
138,381,3,25,40,NA,1.5,0.40000001,NA,NA,NA,NA,NA,15.1,0,NA,NA,NA,NA
138,382,3,200,35,NA,1,0.20999999,NA,NA,NA,NA,NA,18.1,0,NA,NA,NA,NA
138,383,1,5,25,NA,1,0,NA,NA,NA,NA,NA,18.1,0,NA,NA,NA,NA
138,384,1,1,25,NA,0.5,0,NA,NA,NA,NA,NA,21.1,0,NA,NA,NA,NA
138,385,3,1,35,NA,5,0.23999999,NA,NA,NA,NA,NA,18.3,0,NA,NA,NA,NA
138,386,3,1,35,NA,1,0.16,NA,NA,NA,NA,NA,21.3,0,NA,NA,NA,NA
139,387,1,1,25,NA,8,0.75,NA,NA,NA,NA,NA,12.1,0,NA,NA,NA,NA
139,388,3,1,35,NA,3,0.31999999,NA,NA,NA,NA,NA,12.1,0,NA,NA,NA,NA
140,389,1,1,25,NA,7,0,NA,NA,NA,NA,NA,3.1,0,NA,NA,NA,NA
140,390,3,50,35,NA,10,0,NA,NA,NA,NA,NA,0.4,0,NA,NA,NA,NA
140,391,3,1,35,NA,10,0,NA,NA,NA,NA,NA,9.4,0,NA,NA,NA,NA
140,392,1,2,25,NA,5,0,NA,NA,NA,NA,NA,15.1,0,NA,NA,NA,NA
140,393,1,1,25,NA,2,0,NA,NA,NA,NA,NA,15.1,0,NA,NA,NA,NA
140,394,3,1,35,NA,5,0,NA,NA,NA,NA,NA,15.3,0,NA,NA,NA,NA
140,395,3,4,35,NA,5,0,NA,NA,NA,NA,NA,18.4,0,NA,NA,NA,NA
140,396,1,1,25,NA,3,0,NA,NA,NA,NA,NA,24.2,0,NA,NA,NA,NA
140,397,3,1,35,NA,5,0,NA,NA,NA,NA,NA,24.4,0,NA,NA,NA,NA
141,398,1,1,25,NA,5,0,NA,NA,NA,NA,NA,21.1,0,NA,NA,NA,NA
141,399,3,1,35,NA,5,0,NA,NA,NA,NA,NA,3.2,0,NA,NA,NA,NA
141,400,3,1,35,NA,10,0,NA,NA,NA,NA,NA,3.3,0,NA,NA,NA,NA
141,401,3,3,35,NA,10,0,NA,NA,NA,NA,NA,6.3,0,NA,NA,NA,NA
141,402,3,1,35,NA,5,0,NA,NA,NA,NA,NA,6.4,0,NA,NA,NA,NA
141,403,3,1,35,NA,5,0,NA,NA,NA,NA,NA,9.7,0,NA,NA,NA,NA
141,404,3,5,35,NA,5,0,NA,NA,NA,NA,NA,12.3,0,NA,NA,NA,NA
141,405,3,2,35,NA,5,0,NA,NA,NA,NA,NA,18.4,0,NA,NA,NA,NA
142,406,1,2,25,NA,3,0,NA,NA,NA,NA,NA,3.1,0,NA,NA,NA,NA
142,407,1,2,25,NA,3,0,NA,NA,NA,NA,NA,6.1,0,NA,NA,NA,NA
142,408,3,1500,40,NA,5,0,NA,NA,NA,NA,NA,18.2,0,NA,NA,NA,NA
142,409,1,3,25,NA,5,0,NA,NA,NA,NA,NA,18.1,0,NA,NA,NA,NA
142,410,3,30,40,NA,5,0,NA,NA,NA,NA,NA,18.1,0,NA,NA,NA,NA
143,411,2,1,500,NA,20,0.64999998,NA,NA,NA,NA,NA,18.3,0,NA,NA,NA,NA
143,412,1,1,500,NA,20,0.64999998,NA,NA,NA,NA,NA,18.3,0,NA,NA,NA,NA
143,413,3,400,45,NA,50,0.76999998,NA,NA,NA,NA,NA,9.2,0,NA,NA,NA,NA
143,414,3,50,50,NA,50,0.76999998,NA,NA,NA,NA,NA,9.2,0,NA,NA,NA,NA
143,415,3,20,60,NA,50,0.76999998,NA,NA,NA,NA,NA,9.2,0,NA,NA,NA,NA
143,416,3,5,40,NA,10,0,NA,NA,NA,NA,NA,0.1,0,NA,NA,NA,NA
143,417,3,1500,40,NA,20,0,NA,NA,NA,NA,NA,21.1,0,NA,NA,NA,NA
144,418,3,50,35,NA,10,0.69999999,NA,NA,NA,NA,NA,0.2,0,NA,NA,NA,NA
144,419,1,1,25,NA,8,0,NA,NA,NA,NA,NA,3.1,0,NA,NA,NA,NA
144,420,3,250,45,NA,10,0.69999999,NA,NA,NA,NA,NA,6.1,0,NA,NA,NA,NA
144,421,3,150,40,NA,15,0.67000002,NA,NA,NA,NA,NA,12.1,0,NA,NA,NA,NA
144,422,3,50,40,NA,5,1.12,NA,NA,NA,NA,NA,24.2,0,NA,NA,NA,NA
145,423,3,25,40,NA,10,0,NA,NA,NA,NA,NA,3.3,0,NA,NA,NA,NA
146,424,3,1,40,NA,0,0,NA,NA,NA,NA,NA,6.4,0,NA,NA,NA,NA
149,428,3,35,70,0.42,0.2,NA,NA,5,1,1,NA,9.2,1,NA,NA,NA,NA
149,429,1,5,60,0.46,0.23,NA,NA,5,1,1,NA,9.2,0,NA,NA,NA,NA
149,430,3,5,60,0.46,0.23,NA,NA,5,1,1,NA,24.3,0,NA,NA,NA,NA
152,431,1,10,80,0.26,0.050000001,0,0,3,1,1,20,9.4,1,38,2.11236,0,0
153,432,NA,0,0,0,0,0,0,0,0,0,0,NA,0,0,0,0,0
160,434,1,1,120,0.76,0.050000001,1.2,1.5,3,1,1,15,6.3,1,0,0,0,0
160,435,1,1,100,0.56,0.1,1.5,1.8,3,1,1,15,9.3,1,0,0,0,0
163,436,1,5,55,0.38,0.2,0.31999999,0.38,5,2,2,0,12.1,0,0,0,0,0
163,437,3,12,65,0.38,0.2,0.31999999,0.38,5,2,2,0,12.1,0,0,0,0,0
163,438,1,1,60,0.36,0.18000001,0.22,0.2,4,4,2,0,15.1,1,0,0,0,0
163,439,3,5,75,0.36,0.18000001,0.22,0.2,4,4,2,0,15.1,1,0,0,0,0
163,440,1,1,55,0.36,0.18000001,0.56,0.32,4,1,2,0,21.1,0,0,0,0,0
163,441,3,4,75,0.36,0.18000001,0.56,0.32,4,1,2,0,21.1,0,0,0,0,0
163,442,1,3,60,0.4,0.2,0.52999997,0.53,4,2,2,10,24.1,1,0,0,0,0
163,443,3,25,75,0.4,0.2,0.52999997,0.53,4,2,2,10,24.1,1,0,0,0,0
173,444,3,5,45,0.15,0,0.36000001,0.5,4,1,1,0,6.2,1,0,0,0,0
173,445,3,60,45,0.15,0,0.38999999,0.7,3,1,1,0,12.4,1,0,0,0,0
173,446,1,1,25,0.08,0,0,0,1,1,1,0,15.1,1,0,0,0,0
173,447,1,1,30,0.1,0,0,0,3,1,1,0,18.1,1,0,0,0,0
174,448,1,1,25,0,0.050000001,0,0,4,1,3,0,1,1,0,0,0,0
174,449,3,50,25,0,0.1,0.49000001,0.66,4,1,3,0,9.2,1,0,0,0,0
174,450,1,2,25,0,0.1,0,0,1,4,3,0,15.2,1,0,0,0,0
174,451,1,1,25,0,0.079999998,0,0,1,4,3,0,15.1,1,0,0,0,0
174,452,1,1,25,0,0.079999998,0,0,3,1,3,0,24.1,1,0,0,0,0
175,453,3,25,40,0,0.1,0.73000002,0.83,4,1,1,0,12.1,1,0,0,0,0
176,454,3,30,35,0,0.1,0,0,2,1,1,0,9.2,1,0,0,0,0
176,455,3,25,45,0,0.2,0,0,3,1,1,0,21.2,1,0,0,0,0
177,456,3,1,35,0,0.050000001,0,0.51,4,1,1,0,12.3,1,0,0,0,0
177,457,1,1,27,0,0.15000001,0,0,5,1,1,0,18.1,1,0,0,0,0
177,458,3,3,35,0,0.1,0,0,4,1,1,0,18.3,1,0,0,0,0
178,459,1,1,25,0,0.2,0.60000002,0.93,2,1,1,0,2,1,0,0,0,0
178,460,1,1,25,0,0.050000001,0,0,2,1,1,0,6.1,1,0,0,0,0
178,461,3,20,35,0,0.050000001,0,0,2,1,1,0,6.1,1,0,0,0,0
178,462,1,1,20,0,0.1,0,0,2,1,1,0,6.1,1,0,0,0,0
178,463,1,1,25,0,0.1,0,0,2,1,1,0,6.1,1,0,0,0,0
178,464,1,2,25,0,0.1,0,0,2,1,1,0,6.1,1,0,0,0,0
178,465,3,2,35,0,0.1,0,0,2,1,1,0,6.1,1,0,0,0,0
178,466,1,1,25,0,0.1,0,0,2,1,1,0,9.1,1,0,0,0,0
178,467,1,1,20,0,0.050000001,0,0,2,1,1,0,9.1,1,0,0,0,0
178,468,1,1,25,0,0.1,0,0,2,1,1,0,18.1,1,0,0,0,0
178,469,3,5,40,0,0.1,0,0,2,1,1,0,18.1,1,0,0,0,0
178,470,1,1,25,0,0.050000001,0,0,2,1,1,0,21.1,1,0,0,0,0
178,471,3,3,35,0,0.1,0,0,2,1,1,0,21.1,1,0,0,0,0
178,472,3,100,40,0,0.30000001,0.75999999,0.65,2,1,1,0,21.1,1,0,0,0,0
178,473,1,1,20,0,0.050000001,0,0,2,1,1,0,24.1,1,0,0,0,0
178,474,3,5,35,0,0.050000001,0,0,2,1,1,0,24.1,1,0,0,0,0
178,475,1,1,25,0,0.050000001,0,0,2,1,1,0,15.1,1,0,0,0,0
179,476,3,5,45,0,0.2,0,0,5,1,1,0,12.4,1,0,0,0,0
179,477,3,20,40,0,0.050000001,0,0,4,1,1,0,15.1,1,0,0,0,0
179,478,3,20,50,0,0.2,0.38999999,0.58,3,1,1,0,18.4,1,0,0,0,0
179,479,3,400,45,0,0.050000001,0,0.45,4,1,1,0,24.3,1,0,0,0,0
179,480,3,1,35,0,0.050000001,0,0,4,1,1,0,9.1,1,0,0,0,0
180,481,3,75,35,4,4,0,0,1,1,1,0,24.3,0,0,0,0,0
181,482,1,1,25,0.24,0.30000001,0.47,0.53,4,1,1,10,1,1,0,0,0,0
181,483,1,1,25,0.1,0.050000001,0,0,5,1,1,10,6.1,1,0,0,0,0
181,484,1,1,25,0.12,0.050000001,0,0,1,2,2,10,9.1,1,0,0,0,0
181,485,3,10,35,0.14,0.1,0.58999997,0.58,5,2,1,10,12.1,1,0,0,0,0
181,486,1,2,25,0.14,0.1,0.58999997,0.58,5,2,1,10,12.1,1,0,0,0,0
181,487,1,1,30,0.14,0.1,0.58999997,0.58,5,2,1,10,12.1,1,0,0,0,0
181,488,1,2,25,0.14,0.050000001,0.34999999,0.3,5,2,1,10,12.1,1,0,0,0,0
181,489,3,20,40,0.14,0.1,0.94999999,1.13,4,1,1,10,15.3,1,0,0,0,0
181,490,3,5,40,0.12,0.1,0.67000002,0.67,5,1,1,10,15.2,1,0,0,0,0
181,491,1,1,25,0.12,0.029999999,0,0,5,1,1,10,15.1,1,0,0,0,0
181,492,1,1,25,0.06,0.1,0,0,0,0,0,0,NA,0,0,0,0,0
195,493,4,55,90,0,0,0,0,2,4,1,0,NA,0,0,0,0,0
195,494,4,25,60,0,0,0,0,2,4,1,0,NA,0,0,0,0,0
195,495,6,2,45,0,0,0,0,2,4,1,0,NA,0,0,0,0,0
198,496,1,1,85,0.35,0.1,0,0,4,1,1,10,12.4,1,35,1.947,35,1.947
70,497,3,150,45,0,50,0.50999999,0,0,0,0,0,6.3,0,0,0,0,0
70,498,1,1,75,0,15,0,0,0,0,0,0,6.1,0,0,0,0,0
70,499,1,1,25,0,10,0,0,0,0,0,0,12.1,0,0,0,0,0
202,500,3,3,35,0.08,0,0,0,0,0,0,0,1,0,0,0,0,0
202,501,1,1,25,0.05,0,0,0,0,0,0,0,3.1,0,0,0,0,0
202,502,1,1,25,0.05,0,0,0,0,0,0,0,6.1,0,0,0,0,0
202,503,3,1,35,0.05,0,0,0,0,0,0,0,9.1,0,0,0,0,0
202,504,3,3,45,0.15,0,0,0,0,0,0,0,9.1,0,0,0,0,0
205,506,3,1,45,0.03,0,0.55000001,0.69,0,0,0,0,13,0,0,0,0,0
205,507,3,100,45,0.1,0,0.81,0.78,0,0,0,0,21.4,0,0,0,0,0
209,508,1,3,25,0.12,0.02,1.34,1.62,3,4,2,20,3.1,0,0,0,0,0
209,509,1,1,25,0.09,0.0099999998,0,0.36,2,2,3,0,3.1,0,0,0,0,0
209,510,1,1,25,0.02,0.0049999999,0,0,3,4,2,0,3.1,0,0,0,0,0
209,511,1,3,25,0.05,0.001,0,0,3,2,2,10,6.1,0,0,0,0,0
209,512,1,1,25,0.06,0.0049999999,0,0,2,1,2,0,6.1,0,0,0,0,0
209,513,1,1,25,0.15,0.02,0.56999999,0.62,2,2,2,20,9.1,0,0,0,0,0
209,514,2,1,450,0.17,0.039999999,1.08,1.42,3,1,2,10,9.1,0,0,0,0,0
209,515,3,8,45,0.15,0.029999999,0,0,2,5,2,0,9.1,0,0,0,0,0
209,516,3,50,50,0.15,0.050000001,0.19,0.19,2,2,2,10,15.1,0,0,0,0,0
209,517,3,1,45,0.1,0.029999999,0,0,2,2,2,20,18.1,0,0,0,0,0
209,518,3,1,50,0.2,0.02,1.2,1.4,2,2,2,20,18.4,0,0,0,0,0
209,519,1,1,25,0.12,0.050000001,0.38999999,0.45,4,1,2,10,24.4,0,0,0,0,0
209,520,3,1,50,0.08,0.0099999998,0,0,2,2,2,10,24.1,0,0,0,0,0
209,521,1,1,30,0.08,0.0099999998,0,0,2,2,2,10,24.1,0,0,0,0,0
210,522,1,3,30,0.11,0.1,0,0,5,3,2,0,11,0,0,0,0,0
210,523,1,3,30,0.16,0.1,0,0,4,4,2,0,3.1,0,0,0,0,0
210,524,3,3,35,0.16,0.1,0,0,4,4,2,0,3.1,0,0,0,0,0
210,525,1,2,25,0.12,0.050000001,0,0,4,4,2,0,3.1,0,0,0,0,0
210,526,1,2,30,0.12,0.050000001,0,0,4,4,2,0,3.1,0,0,0,0,0
210,527,1,1,25,0.1,0.079999998,0,0,5,4,2,0,12.1,0,0,0,0,0
210,528,3,100,35,0.23,0.15000001,0,0,4,1,2,0,12.1,0,0,0,0,0
210,529,3,2,35,0.05,0.41999999,0,0.27,4,1,1,0,12.3,0,0,0,0,0
210,530,1,2,25,0.13,0.079999998,0,0,4,3,2,0,15.1,0,0,0,0,0
210,531,1,2,30,0.06,0.1,0,0,4,3,2,0,15.1,0,0,0,0,0
210,532,3,30,40,0.44,0.1,0,0.41,4,1,2,0,18.4,0,0,0,0,0
210,533,1,1,25,0.12,0.1,0,0,0,0,0,0,NA,0,0,0,0,0
210,534,1,5,30,0.16,0.1,0,0,0,0,0,0,NA,0,0,0,0,0
210,535,3,20,35,0.16,0.1,0,0,0,0,0,0,NA,0,0,0,0,0
210,536,3,100,40,0.3,0.16,0.16,0.28,4,4,2,0,21.1,0,0,0,0,0
210,537,1,1,35,0.12,0.1,0,0,4,4,2,0,24.1,0,0,0,0,0
210,538,1,4,25,0.12,0.1,0,0,4,4,2,0,24.1,0,0,0,0,0
210,539,1,5,30,0.12,0.1,0,0,4,4,2,0,24.1,0,0,0,0,0
213,540,3,20,45,0.26,0.02,0,0.46,3,1,1,NA,9.1,0,0,0,0,0
213,541,3,20,60,0.5,0.0099999998,0.67000002,0.98,4,2,2,NA,18.2,0,0,0,0,0
213,542,3,50,45,0.5,0.0099999998,0.67000002,0.98,4,2,2,NA,18.2,0,0,0,0,0
213,543,3,2,44,0.18,0.0049999999,0.15000001,0.51,3,1,2,NA,21.1,0,0,0,0,0
215,544,3,1,40,NA,0.2,0,0,5,4,1,0,6.2,0,0,0,0,0
216,545,3,1,40,0.6,0.30000001,0,0,1,3,1,0,21.2,0,0,0,0,0
216,546,4,50,60,0.6,0.30000001,0,0,1,3,1,0,21.2,0,0,0,0,0
227,547,1,1,40,0.19,0.050000001,0,0,2,2,2,0,3.1,1,0,0,0,0
227,548,1,1,40,0.26,0.1,0.56,0.56,2,2,2,0,6.1,1,0,0,0,0
227,549,1,2,40,0.1,0.050000001,0,0,1,2,2,0,9.1,0,0,0,0,0
227,550,3,1,50,0.1,0.050000001,0,0,1,2,2,0,9.1,0,0,0,0,0
227,551,2,1,450,0.5,0.25,0.66000003,0.67,1,3,2,20,12.1,1,0,0,0,0
227,552,3,1,80,0.41,0.1,0.5,0.5,1,2,2,0,12.1,0,0,0,0,0
227,553,1,3,40,0.1,0.050000001,0,0,1,1,1,0,15.1,1,0,0,0,0
227,554,1,2,30,0.1,0.050000001,0,0,1,1,1,0,15.1,1,0,0,0,0
227,555,1,6,35,0.16,0.1,0,0,1,2,1,0,15.1,1,0,0,0,0
227,556,1,3,40,0.3,0.1,0.54000002,0.9,1,2,2,0,18.1,1,0,0,0,0
227,557,3,1,75,0.48,0.1,1.21,1.2,1,1,3,20,24.3,0,0,0,0,0
227,558,1,1,230,0.48,0.30000001,1.22,1.22,4,2,2,75,24.1,1,0,0,0,0
227,559,1,1,300,0.48,0.30000001,1.22,1.22,4,2,2,75,24.1,1,0,0,0,0
227,560,1,1,200,0.48,0.30000001,1.22,1.22,4,2,2,75,24.1,1,0,0,0,0
227,561,1,1,35,0.1,0.30000001,0,0,1,2,2,0,24.1,0,0,0,0,0
228,562,1,2,25,0.4,0.2,0,0,2,0,0,0,6.1,1,0,0,0,0
228,563,3,1,40,0.24,0.2,0,0,2,0,0,0,9.1,1,0,0,0,0
228,564,1,2,25,0.12,0.1,0,0,2,0,0,0,15.1,1,0,0,0,0
228,565,3,150,50,0.6,0.2,0.34999999,0.45,2,0,0,0,15.1,0,0,0,0,0
228,566,1,1,25,0.12,0.059999999,0,0,2,0,0,0,24.1,0,0,0,0,0
229,567,3,50,55,0.38,0.1,0.30000001,0.65,2,4,1,0,9.4,0,0,0,0,0
229,568,3,2,35,0.33,0.1,0.25,0.3,2,4,1,0,9.2,0,0,0,0,0
229,569,3,1,45,0.33,0.1,0.25,0.3,2,4,1,0,9.2,0,0,0,0,0
229,570,3,10,50,0.18,0.079999998,0.77999997,0.8,2,1,1,0,12.4,0,0,0,0,0
229,571,3,2,40,0.35,0.1,0,0,1,4,1,0,12.2,0,0,0,0,0
229,572,1,1,30,0.35,0.1,0,0,1,4,1,0,12.2,0,0,0,0,0
229,573,3,2,40,0.22,0.050000001,0.2,0.25,1,4,1,0,12.3,0,0,0,0,0
229,574,3,1,50,0.22,0.050000001,0.2,0.25,1,4,1,0,12.3,0,0,0,0,0
229,575,3,20,65,0.56,0.30000001,0.18000001,0.32,2,4,1,0,15.4,0,0,0,0,0
229,576,3,8,75,0.32,0.050000001,0.47,0.86,2,4,1,0,15.2,0,0,0,0,0
229,577,3,1,40,0.22,0.1,0.51999998,0.15,2,4,1,0,21.2,0,0,0,0,0
229,578,1,1,30,0.24,0.1,0,1,2,4,2,0,21.1,1,0,0,0,0
229,579,NA,0,0,0,0,0,0,0,0,0,0,NA,0,0,0,0,0
230,580,1,1,35,0.26,0.050000001,0.5,0.86,2,1,1,0,15.2,1,0,0,0,0
230,581,3,30,50,0.26,0.050000001,0.5,0.86,2,1,1,0,15.2,1,0,0,0,0
230,582,3,5,60,0.26,0.050000001,0.5,0.86,2,1,1,0,15.2,1,0,0,0,0
230,583,1,1,25,0.08,0.059999999,0,0,2,4,1,0,24.1,1,0,0,0,0
232,584,3,20,50,0.26,0.1,1.9,1.58,4,1,1,10,9.3,1,0,0,0,0
232,585,1,1,35,0.15,0.050000001,1.67,1.67,3,3,1,0,12.2,1,0,0,0,0
232,586,1,6,37,0.24,0.050000001,0.85000002,0.85,2,3,3,0,15.2,1,0,0,0,0
232,587,1,5,35,0.3,0.050000001,0.77999997,0.78,3,1,3,0,18.2,1,0,0,0,0
232,588,3,20,45,0.41,0.15000001,0.88,0.63,2,1,1,0,18.4,0,0,0,0,0
232,589,3,1,45,0.23,0.0099999998,1.51,0.19,2,2,3,0,21.1,0,0,0,0,0
232,590,1,7,35,0.23,0.0099999998,1.51,0.19,2,2,3,0,21.1,0,0,0,0,0
232,591,NA,0,0,0,0,0,0,0,0,0,0,NA,0,0,0,0,0
233,592,3,1,65,0.28,0.1,1.59,1.55,4,1,1,0,3.4,0,0,0,0,0
233,593,1,1,35,0.24,0.1,1.11,1.42,3,4,3,0,6.2,1,0,0,0,0
233,594,1,6,35,0.34,0.15000001,0.88999999,0.01,3,2,3,0,9.1,0,0,0,0,0
233,595,1,1,40,0.22,0.1,0.67000002,0.86,4,2,2,0,12.1,1,0,0,0,0
233,596,3,100,60,0.51,0.125,1.33,1.19,3,1,1,0,18.4,1,0,0,0,0
233,597,3,1,90,0.4,0.050000001,2.3499999,1.44,4,1,1,0,21.4,0,0,0,0,0
234,598,1,1,35,0.88,0.02,0,0,3,2,1,0,11,0,0,0,0,0
234,599,1,1,30,0.14,0.07,0,0,3,4,2,10,3.1,1,0,0,0,0
234,600,1,1,30,0.13,0.07,0,0.23,3,4,2,10,3.1,0,0,0,0,0
234,601,1,1,25,0.18,0.1,0.64999998,0.91,4,1,1,10,18.1,1,0,0,0,0
234,602,3,1,35,0.08,0.02,0,0,3,2,1,0,11,0,0,0,0,0
234,603,1,2,30,0.18,0.1,0.64999998,0,3,2,1,0,11,0,0,0,0,0
234,604,1,2,35,0.18,0.1,0.64999998,0,3,2,1,0,11,0,0,0,0,0
234,605,3,40,45,0.18,0.1,0.64999998,0,3,2,1,0,11,0,0,0,0,0
234,606,3,10,55,0.18,0.1,0.64999998,0,3,2,1,0,11,0,0,0,0,0
235,607,1,1,35,0.11,0.02,0,0,4,4,1,0,1,1,0,0,0,0
235,608,1,100,25,0.1,0.02,0,0,4,1,1,0,3.1,0,0,0,0,0
235,609,1,5,25,0.12,0.050000001,0,0,5,4,2,0,9.1,1,0,0,0,0
235,610,1,1,25,0.12,0.029999999,0,0,3,4,1,10,9.1,0,0,0,0,0
235,611,1,3,30,0.13,0.029999999,0,0.35,4,4,2,0,12.1,1,0,0,0,0
235,612,1,5,25,0.05,0.02,0,0,4,4,2,0,12.1,1,0,0,0,0
235,613,1,10,35,0.02,0.0099999998,0,0,4,4,3,0,15.1,0,0,0,0,0
235,614,1,5,30,0.24,0.050000001,0,0,4,4,3,0,15.1,0,0,0,0,0
235,615,3,20,50,0.22,0.07,0,0,5,4,2,0,15.1,1,0,0,0,0
235,616,1,10,30,0.22,0.1,0,0,5,4,2,0,15.1,1,0,0,0,0
235,617,1,30,25,0.06,0.029999999,0,0,2,4,2,0,15.1,0,0,0,0,0
235,618,1,2,25,0.12,0.029999999,0,0.2,2,4,3,0,18.1,1,0,0,0,0
235,619,3,2,35,0.12,0.029999999,0,0.2,2,4,3,0,18.1,1,0,0,0,0
235,620,1,15,30,0.21,0.15000001,0,0,2,4,3,0,21.1,1,0,0,0,0
235,621,1,10,35,0.21,0.15000001,0,0,2,4,3,0,21.1,1,0,0,0,0
235,622,1,5,25,0.21,0.15000001,0,0,2,4,3,0,21.1,1,0,0,0,0
235,623,1,2,25,0.05,0.02,0,0,2,4,2,0,24.1,0,0,0,0,0
235,624,3,1,35,0.05,0.02,0,0,2,4,2,0,24.1,0,0,0,0,0
235,625,1,8,30,0.1,0.029999999,0,0,2,4,2,0,24.1,1,0,0,0,0
235,626,1,2,30,0.29,0.050000001,0,0.44,2,4,3,0,24.1,1,0,0,0,0
238,627,1,1,40,0.3,0.2,0,0,3,1,1,0,9.4,0,0,0,0,0
238,628,3,2,30,0.3,0.2,0,0,3,1,1,0,9.4,0,0,0,0,0
NA,629,NA,0,0,0,0,0,0,0,0,0,0,NA,0,0,0,0,0
245,630,1,3,80,0.22,0.1,0,0,3,1,1,0,3.4,0,23,1.28556,23,1.28556
245,631,1,4,75,0.12,0.1,0,0,3,1,1,20,6.4,1,19,1.06508,18,1.00996
245,632,1,1,90,0.22,0.1,0,0,3,1,1,40,203,0,17,0.95484,0,0
245,633,1,1,60,0.2,0.1,0,0,3,2,1,20,18.1,0,24,1.34068,24,1.34068
245,634,3,1,80,0.12,0.1,0,0,3,1,1,20,6.4,1,19,1.06508,18,1.00996
245,635,3,1,80,0.2,0.1,0,0,3,2,2,10,23.1,0,20,1.1202,21,1.17532
246,636,1,1,320,0.54,0.2,0,0,5,1,1,50,15.4,1,41,2.27772,46,2.55332
246,637,1,1,450,0.54,0.2,0,0,5,1,2,60,24.4,1,44,2.44308,55,3.0494
248,638,1,1,30,0.08,0.039999999,0,0,3,4,2,0,15.1,1,0,0,0,0
258,639,3,1,50,0.2,5,0,1.39,3,1,1,10,6.3,0,0,0,0,0
261,640,1,3,50,0.36,0.18000001,0,0,2,4,2,0,12.1,0,0,0,0,0
261,641,1,2,50,0.6,0.2,0,0,5,2,3,0,12.3,1,0,0,0,0
261,642,3,3,50,0.6,0.2,0,0,5,2,3,0,12.3,1,0,0,0,0
261,643,1,3,50,0.66,0.22,0,0,4,2,2,0,24.4,0,0,0,0,0
262,644,3,1,40,0.5,0.40000001,NA,NA,4,4,2,0,12.1,1,NA,NA,NA,NA
265,646,1,10,45,0.34,0.0099999998,0.41,0.51,2,4,2,0,3.1,0,0,0,0,0
265,647,3,5,50,0.34,0.0099999998,0.41,0.51,2,4,2,0,3.1,0,0,0,0,0
265,648,1,1,45,45,0.14,0.0099999998,0.66,2,4,2,0,12.1,0,0,0,0,0
265,649,1,4,50,0.2,0.0099999998,0.56999999,0.87,4,4,2,10,18.1,1,0,0,0,0
266,650,1,1,40,0,0.0099999998,1.22,0,2,2,2,0,3.1,0,0,0,0,0
266,651,1,2,55,0,0.0099999998,0.94999999,0,2,2,2,0,3.1,0,0,0,0,0
266,652,3,20,35,0,0.0099999998,1.1,1.1,3,1,1,10,3.3,1,0,0,0,0
266,653,1,1,60,0,0.0099999998,1.1,1.1,3,1,1,10,3.3,1,0,0,0,0
266,654,3,20,45,0,0.0099999998,1.1,1.1,3,1,1,10,3.3,1,0,0,0,0
266,655,3,30,40,0,0.0099999998,1.1,1.1,3,1,1,10,3.3,1,0,0,0,0
266,656,1,9,55,0,0.0099999998,0.81999999,0.68,3,1,1,0,6.1,0,0,0,0,0
266,657,1,1,55,0.8,0.0099999998,0,0.68,2,1,2,0,6.1,0,0,0,0,0
266,658,1,4,35,0.12,0.0099999998,1.1,0,3,4,2,0,9.1,1,0,0,0,0
266,659,3,25,45,0,0.0099999998,1.15,1.15,3,1,1,20,9.4,1,0,0,0,0
266,660,1,4,40,0.13,0.0099999998,1.2,0,3,1,1,0,12.3,0,0,0,0,0
266,661,1,3,35,0.08,0.0099999998,1.1,0.42,4,1,2,0,12.1,0,0,0,0,0
266,662,3,1,40,0.08,0.0099999998,1.1,0.42,4,1,2,0,12.1,0,0,0,0,0
266,663,1,15,35,0.18,0.0099999998,1.1,1.1,3,1,3,0,12.1,0,0,0,0,0
266,664,3,10,45,0.18,0.0099999998,1.1,0.42,3,1,3,0,12.1,0,0,0,0,0
266,665,1,2,35,0.07,0.0099999998,0,0.42,2,2,2,0,12.1,0,0,0,0,0
266,666,1,2,35,0.06,0.0099999998,0,0,3,2,2,0,15.1,0,0,0,0,0
266,667,1,1,30,0.12,0.0099999998,1.36,1.33,3,1,1,10,15.3,1,0,0,0,0
266,668,3,1,35,0.12,0.0099999998,1.36,1.33,3,1,1,10,15.3,1,0,0,0,0
266,669,3,60,45,0.14,0.0099999998,1.8,0.94,3,1,1,10,18.1,0,0,0,0,0
268,670,3,15,90,0.44,0.18000001,0.57999998,0.68,2,4,2,0,6.2,0,0,0,0,0
268,671,3,10,75,0.44,0.18000001,0.57999998,0.68,2,4,2,0,6.2,0,0,0,0,0
268,672,1,1,55,0.2,0.1,0,0,2,4,3,0,12.2,1,0,0,0,0
268,673,1,8,45,0.2,0.1,0,0,2,4,1,0,12.2,0,0,0,0,0
269,674,1,4,30,0.3,0.1,0.30000001,0.43,3,1,1,25,9.2,1,0,0,0,0.43
269,675,1,1,35,0.3,0.1,0.30000001,0.43,3,1,1,25,9.2,1,0,0,0,0.43
269,676,1,1,35,0.08,0.050000001,0,0,2,2,3,0,15.2,0,0,0,0,0
269,677,1,1,55,0.3,0.050000001,0.34999999,0.25,3,2,3,0,15.2,0,0,0,0,0.25
269,678,1,1,45,0.08,0.050000001,0,0,2,2,3,0,15.2,0,0,0,0,0
269,679,1,1,60,0.3,0.079999998,0.51999998,0.36,3,2,3,0,18.1,1,0,0,0,0.36
269,680,1,1,55,0.3,0.079999998,0.51999998,0.36,3,2,3,0,18.1,1,0,0,0,0.36
269,681,1,1,75,0.38,0.1,0.63,1.38,2,2,3,0,18.2,0,0,0,0,1.38
269,682,1,2,60,0.38,0.1,0.63,1.38,2,2,3,0,18.2,0,0,0,0,1.38
272,683,4,1,60,0.25,0.0099999998,0.75,1.1,3,1,1,0,9.3,0,0,0,0,0
272,684,4,20,75,0.6,0.0099999998,1.49,2.85,3,1,1,0,15.4,0,0,0,0,0
272,685,6,7,40,0.38,0.1,0.97000003,0.8,2,4,2,0,24.1,1,0,0,0,0
272,686,6,2,45,0.38,0.1,0.97000003,0.8,2,4,2,0,24.1,1,0,0,0,0
274,687,4,1,1000,0.43,0.0099999998,0,0,3,1,1,0,3.4,0,0,0,0,0
274,688,4,1,70,0.43,0.0099999998,0,0,3,1,1,0,3.4,0,0,0,0,0
274,689,4,1,70,0.33,0.0099999998,0,0.61,4,1,1,0,15.3,0,0,0,0,0
286,690,1,3,175,0.72,0.2,0,0,2,2,1,10,24.3,1,19,1.06508,27,1.50604
286,691,1,1,120,0.68,0,0,0,3,1,1,10,1,1,37,2.05724,44,2.44308
